EmployeeID,Age,Gender,MaritalStatus,Department,JobRole,JobLevel,EducationField,Education,MonthlyIncome,PercentSalaryHike,StockOptionLevel,OverTime,BusinessTravel,DistanceFromHome,JobSatisfaction,EnvironmentSatisfaction,WorkLifeBalance,PerformanceRating,TrainingTimesLastYear,NumCompaniesWorked,YearsAtCompany,YearsWithCurrManager,TotalWorkingYears,Attrition,AttritionLabel,AttritionRiskScore,RiskCategory
1001,30,Female,Single,Research & Development,Healthcare Representative,4,Technical Degree,3,7577,12,1,No,Travel_Frequently,29,3,1,3,3,4,4,31,20,14,0,No,0.4770332802503401,Medium
1002,48,Female,Single,Human Resources,Manager,3,Medical,1,3610,16,1,No,Travel_Rarely,24,1,1,2,3,0,6,14,10,32,1,Yes,0.6498771688839188,High
1003,58,Male,Divorced,Research & Development,Laboratory Technician,3,Marketing,1,7089,23,1,No,Travel_Rarely,16,4,3,1,4,0,0,35,18,37,0,No,0.2993416438599742,Low
1004,28,Male,Married,Research & Development,Research Scientist,1,Life Sciences,2,14863,12,0,Yes,Non-Travel,11,3,3,3,3,5,5,4,1,10,0,No,0.5583892909996884,Medium
1005,21,Female,Married,Sales,Manager,1,Marketing,2,3168,20,0,No,Travel_Rarely,6,2,2,2,3,3,7,21,12,1,0,No,0.4239685773861285,Medium
1006,51,Female,Married,Sales,Sales Executive,4,Human Resources,4,9322,14,0,Yes,Non-Travel,27,3,3,3,3,5,0,15,11,30,0,No,0.6141671487086563,High
1007,55,Male,Married,Sales,Sales Executive,4,Life Sciences,2,5377,20,1,No,Travel_Rarely,3,2,1,3,3,3,8,9,7,39,0,No,0.3425317042097604,Medium
1008,21,Female,Divorced,Research & Development,Laboratory Technician,1,Life Sciences,2,2326,13,2,No,Travel_Rarely,1,4,3,3,3,5,2,23,17,5,0,No,0.15489045397622705,Low
1009,55,Male,Single,Research & Development,Laboratory Technician,3,Life Sciences,1,14281,16,1,No,Non-Travel,18,3,3,3,3,1,0,17,11,37,0,No,0.2793675873286076,Low
1010,36,Female,Married,Research & Development,Healthcare Representative,2,Life Sciences,1,2239,22,1,No,Travel_Rarely,5,1,2,3,3,3,0,17,3,15,0,No,0.3035512783443707,Medium
1011,23,Male,Married,Sales,Sales Representative,2,Medical,1,18526,22,2,No,Travel_Rarely,13,1,2,1,3,3,5,6,1,5,0,No,0.3853777688140809,Medium
1012,51,Female,Married,Human Resources,Manager,4,Technical Degree,3,2310,23,2,Yes,Travel_Rarely,10,3,2,1,3,5,5,3,0,30,1,Yes,0.6887077935280835,High
1013,35,Male,Married,Research & Development,Manufacturing Director,4,Life Sciences,1,16936,24,1,No,Non-Travel,5,4,2,1,3,2,0,25,16,15,0,No,0.24339924175560135,Low
1014,30,Male,Divorced,Sales,Sales Representative,4,Medical,1,2919,18,2,Yes,Travel_Rarely,26,4,1,2,4,1,2,4,3,13,0,No,0.5676894268461103,Medium
1015,58,Male,Married,Sales,Manager,2,Medical,2,15913,21,2,No,Travel_Rarely,14,1,3,1,3,1,6,15,11,37,0,No,0.3770392827577356,Medium
1016,40,Male,Single,Sales,Sales Executive,2,Life Sciences,4,9116,16,2,No,Travel_Rarely,17,3,3,1,3,2,9,34,28,23,0,No,0.46046810300437135,Medium
1017,36,Female,Married,Sales,Manager,1,Medical,1,19309,12,1,Yes,Travel_Rarely,1,4,2,2,3,5,2,25,3,15,0,No,0.4212267558771189,Medium
1018,28,Male,Divorced,Research & Development,Laboratory Technician,3,Life Sciences,4,3766,15,1,No,Travel_Frequently,25,1,1,1,3,5,2,17,9,8,0,No,0.5296346892139262,Medium
1019,18,Male,Married,Research & Development,Manufacturing Director,4,Medical,1,7473,21,2,Yes,Non-Travel,2,2,1,3,3,1,2,28,24,3,0,No,0.4670395715563973,Medium
1020,41,Male,Married,Sales,Manager,1,Life Sciences,1,17571,23,0,No,Travel_Rarely,7,3,3,1,4,5,6,22,2,25,0,No,0.41620034872254436,Medium
1021,24,Female,Married,Research & Development,Healthcare Representative,2,Marketing,4,10097,16,2,No,Travel_Rarely,10,2,2,1,4,4,3,13,1,7,0,No,0.38871654610449746,Medium
1022,42,Male,Single,Sales,Sales Representative,1,Life Sciences,2,16133,19,2,Yes,Travel_Frequently,20,2,3,1,3,4,3,14,8,24,0,No,0.6789989816562876,High
1023,38,Male,Single,Sales,Sales Representative,2,Other,1,15269,16,1,No,Travel_Rarely,7,4,3,3,3,2,2,32,24,17,0,No,0.20275710479850462,Low
1024,32,Female,Divorced,Research & Development,Research Scientist,3,Technical Degree,4,10752,20,0,Yes,Travel_Rarely,24,4,1,3,3,3,9,24,16,16,1,Yes,0.6713415998448525,High
1025,18,Male,Married,Research & Development,Manufacturing Director,2,Life Sciences,1,9692,15,2,Yes,Non-Travel,16,4,1,3,3,4,8,20,5,0,0,No,0.4886289730710862,Medium
1026,29,Female,Single,Research & Development,Research Scientist,1,Medical,3,1069,11,0,No,Travel_Frequently,5,3,3,3,3,5,1,16,7,11,1,Yes,0.34630754596933944,Medium
1027,24,Male,Divorced,Sales,Sales Executive,3,Life Sciences,3,10278,20,1,Yes,Travel_Rarely,29,2,2,2,4,2,3,22,2,4,1,Yes,0.6690693875546735,High
1028,32,Female,Married,Research & Development,Manufacturing Director,2,Marketing,3,3904,15,0,No,Travel_Rarely,28,3,2,3,3,4,7,16,0,13,0,No,0.4933089950001925,Medium
1029,38,Male,Married,Research & Development,Healthcare Representative,4,Life Sciences,3,16332,15,1,Yes,Non-Travel,12,4,3,3,3,0,5,13,12,17,0,No,0.4313838709504115,Medium
1030,36,Female,Single,Sales,Sales Executive,2,Marketing,2,13361,16,2,Yes,Travel_Frequently,17,2,3,3,3,2,6,28,15,21,1,Yes,0.5922151662118338,Medium
1031,46,Male,Divorced,Research & Development,Manufacturing Director,3,Life Sciences,3,12884,17,1,No,Travel_Rarely,16,3,2,3,3,1,6,19,6,28,0,No,0.2719689796690782,Low
1032,42,Male,Married,Sales,Sales Executive,1,Life Sciences,4,17978,23,0,No,Non-Travel,20,3,2,2,3,4,1,29,2,23,0,No,0.322985555304619,Medium
1033,50,Male,Married,Sales,Sales Executive,3,Life Sciences,1,6832,23,0,Yes,Non-Travel,26,1,2,1,3,1,3,18,3,29,0,No,0.8014657994873685,High
1034,49,Female,Single,Human Resources,Human Resources,1,Life Sciences,4,12971,14,0,No,Travel_Rarely,16,3,3,1,3,2,9,38,36,32,1,Yes,0.6106976506925903,High
1035,52,Female,Single,Human Resources,Manager,2,Medical,3,1543,17,2,Yes,Travel_Rarely,19,4,1,3,3,4,9,12,2,36,0,No,0.6848177789513521,High
1036,55,Male,Single,Research & Development,Laboratory Technician,2,Life Sciences,2,5020,15,0,No,Travel_Rarely,26,3,2,3,3,1,5,17,14,39,0,No,0.5234982416764765,Medium
1037,43,Male,Divorced,Sales,Manager,3,Technical Degree,3,3164,16,0,No,Travel_Frequently,15,2,2,3,3,3,2,22,7,25,0,No,0.3315715974673319,Medium
1038,28,Female,Single,Sales,Sales Representative,4,Marketing,3,7966,14,0,No,Travel_Rarely,12,3,2,1,3,3,8,32,18,11,0,No,0.5855582381809494,Medium
1039,52,Female,Married,Research & Development,Manufacturing Director,2,Life Sciences,2,10205,22,1,No,Travel_Frequently,21,1,3,1,3,0,3,38,25,32,0,No,0.48970586140869227,Medium
1040,25,Female,Single,Research & Development,Manufacturing Director,4,Medical,2,11700,18,0,No,Travel_Rarely,10,2,1,3,3,5,9,39,38,6,1,Yes,0.49437084215100435,Medium
1041,31,Female,Single,Sales,Sales Representative,4,Medical,2,14336,19,1,No,Travel_Rarely,29,2,1,1,3,2,1,17,9,13,0,No,0.5662901479317995,Medium
1042,27,Male,Married,Research & Development,Laboratory Technician,3,Marketing,2,3715,12,0,No,Travel_Rarely,26,1,2,2,3,5,5,8,5,12,0,No,0.658581571523061,High
1043,19,Male,Divorced,Sales,Manager,2,Life Sciences,2,1010,22,1,No,Travel_Rarely,29,4,3,3,3,5,0,32,13,0,1,Yes,0.27188403599501415,Low
1044,26,Male,Divorced,Human Resources,Human Resources,4,Life Sciences,2,10234,21,1,Yes,Travel_Rarely,22,2,1,3,3,1,5,31,16,10,1,Yes,0.6706897889846529,High
1045,20,Female,Divorced,Sales,Manager,2,Life Sciences,1,18497,14,2,No,Travel_Rarely,2,4,3,2,3,0,9,16,8,0,0,No,0.15110520280387393,Low
1046,38,Male,Divorced,Research & Development,Healthcare Representative,1,Medical,3,15829,21,2,No,Travel_Frequently,7,2,1,2,3,2,0,18,18,19,0,No,0.19254311350579284,Low
1047,43,Male,Single,Sales,Sales Representative,4,Other,3,11900,18,1,No,Travel_Rarely,13,2,2,1,4,3,7,26,4,26,1,Yes,0.5412022379466859,Medium
1048,25,Male,Divorced,Research & Development,Manufacturing Director,3,Technical Degree,2,2870,18,1,No,Travel_Rarely,3,4,3,2,3,5,4,5,2,8,0,No,0.26391338019956007,Low
1049,19,Male,Married,Research & Development,Laboratory Technician,3,Life Sciences,4,6278,19,2,No,Travel_Rarely,15,2,2,3,3,1,5,34,30,1,0,No,0.3088488413667588,Medium
1050,23,Male,Divorced,Sales,Sales Executive,4,Marketing,2,12121,13,1,Yes,Travel_Rarely,1,4,1,1,3,5,1,36,23,5,0,No,0.5183722566825051,Medium
1051,45,Male,Single,Human Resources,Manager,2,Human Resources,1,16708,11,2,Yes,Travel_Rarely,26,1,1,2,3,4,1,33,33,28,0,No,0.7626917771978219,High
1052,46,Female,Divorced,Research & Development,Healthcare Representative,1,Life Sciences,4,9329,19,2,No,Travel_Rarely,3,4,2,1,3,3,8,19,15,28,0,No,0.2559257651972085,Low
1053,43,Male,Single,Human Resources,Human Resources,1,Marketing,1,17830,11,0,No,Non-Travel,25,1,1,1,3,5,2,24,12,26,0,No,0.6494879991124255,High
1054,42,Male,Married,Research & Development,Manufacturing Director,3,Medical,4,11749,13,0,No,Travel_Rarely,10,2,2,1,3,4,5,3,3,23,0,No,0.5227434630852815,Medium
1055,29,Female,Single,Research & Development,Manufacturing Director,3,Marketing,4,4138,13,2,No,Travel_Frequently,27,4,2,1,3,4,9,9,5,11,0,No,0.5231243012174538,Medium
1056,22,Female,Single,Human Resources,Manager,2,Medical,2,18294,19,2,No,Travel_Rarely,27,2,2,2,3,1,4,9,5,5,0,No,0.4555644330489527,Medium
1057,51,Female,Married,Sales,Sales Executive,3,Other,1,15389,11,1,No,Travel_Frequently,15,4,1,3,4,1,3,23,8,33,0,No,0.22224558044515874,Low
1058,54,Male,Divorced,Sales,Manager,2,Life Sciences,4,12369,17,2,No,Travel_Rarely,22,1,3,3,3,4,9,20,3,33,0,No,0.30024584437623386,Medium
1059,32,Female,Married,Sales,Manager,4,Technical Degree,1,6407,12,2,Yes,Travel_Rarely,27,1,2,2,3,0,1,10,10,16,0,No,0.7152698787851686,High
1060,53,Male,Single,Sales,Sales Executive,1,Life Sciences,2,6538,17,0,No,Travel_Rarely,6,4,3,3,4,5,7,26,10,32,0,No,0.31567786665300657,Medium
1061,32,Male,Single,Research & Development,Healthcare Representative,4,Medical,2,4927,11,2,No,Non-Travel,20,1,1,1,4,4,9,15,4,12,0,No,0.5856206515880513,Medium
1062,40,Female,Married,Sales,Manager,3,Other,2,18460,23,1,Yes,Non-Travel,15,2,1,1,3,4,6,25,24,23,0,No,0.6924523298698957,High
1063,23,Female,Divorced,Research & Development,Manufacturing Director,1,Marketing,2,17419,20,2,No,Travel_Rarely,24,2,3,1,3,1,1,29,16,3,0,No,0.31941084540750075,Medium
1064,38,Male,Single,Research & Development,Laboratory Technician,1,Life Sciences,3,7946,20,0,No,Non-Travel,21,3,2,2,3,5,5,15,3,21,0,No,0.5035057055300534,Medium
1065,40,Female,Married,Sales,Manager,4,Medical,4,8127,18,0,No,Non-Travel,7,1,1,1,3,2,7,6,6,24,1,Yes,0.5387825539725211,Medium
1066,33,Female,Single,Research & Development,Research Scientist,2,Life Sciences,3,17940,20,0,No,Non-Travel,25,2,2,1,4,3,6,15,10,15,0,No,0.5945858179322364,Medium
1067,32,Female,Married,Sales,Manager,1,Life Sciences,2,11869,23,0,No,Non-Travel,29,4,2,2,3,1,0,34,14,15,0,No,0.35156135983432407,Medium
1068,42,Male,Single,Research & Development,Healthcare Representative,2,Marketing,4,6347,20,2,Yes,Non-Travel,29,1,3,1,3,5,4,15,13,21,0,No,0.7908497598843969,High
1069,53,Male,Single,Sales,Sales Representative,4,Medical,4,13481,12,1,No,Travel_Rarely,21,2,1,1,4,5,1,39,12,35,0,No,0.546089809298524,Medium
1070,28,Male,Single,Human Resources,Human Resources,4,Medical,1,4149,13,1,No,Travel_Rarely,27,1,3,3,3,0,5,11,10,12,0,No,0.5815197130869972,Medium
1071,32,Male,Single,Research & Development,Research Scientist,2,Marketing,2,9005,24,1,Yes,Travel_Rarely,5,4,1,2,3,3,6,34,25,11,0,No,0.6073235188603564,High
1072,21,Male,Single,Sales,Manager,4,Life Sciences,3,16498,18,2,No,Non-Travel,4,2,3,1,4,1,6,20,8,3,0,No,0.3263927844005829,Medium
1073,38,Female,Married,Sales,Sales Executive,1,Life Sciences,1,18983,13,2,No,Travel_Rarely,22,3,1,1,4,1,2,35,3,21,0,No,0.3397593238103605,Medium
1074,30,Female,Single,Research & Development,Healthcare Representative,4,Medical,4,15210,11,2,No,Non-Travel,18,3,1,1,4,2,6,16,16,13,0,No,0.42970381896322013,Medium
1075,39,Male,Single,Research & Development,Laboratory Technician,4,Human Resources,3,8785,19,1,No,Travel_Rarely,3,1,1,1,3,0,4,31,13,18,0,No,0.49864937344297217,Medium
1076,36,Male,Single,Research & Development,Healthcare Representative,1,Technical Degree,2,5952,18,2,Yes,Non-Travel,17,4,2,3,3,0,7,5,1,17,0,No,0.5102485497334516,Medium
1077,51,Male,Divorced,Research & Development,Manufacturing Director,2,Life Sciences,3,13895,14,2,No,Travel_Rarely,18,2,2,3,3,5,7,23,10,34,0,No,0.28448721213901146,Low
1078,31,Female,Married,Sales,Manager,4,Life Sciences,3,10006,18,0,No,Non-Travel,18,4,3,3,3,5,6,26,15,12,0,No,0.3067918079457785,Medium
1079,21,Male,Married,Research & Development,Laboratory Technician,2,Medical,3,8807,24,0,No,Travel_Rarely,24,2,3,3,4,1,5,19,0,3,0,No,0.4487347248083266,Medium
1080,44,Female,Married,Sales,Sales Executive,1,Marketing,1,18750,15,1,Yes,Travel_Rarely,24,1,1,2,3,2,1,24,6,25,0,No,0.6812311036203021,High
1081,46,Female,Single,Research & Development,Healthcare Representative,2,Life Sciences,4,9101,13,0,No,Non-Travel,2,2,1,1,3,1,5,1,1,25,0,No,0.4663255186682615,Medium
1082,45,Male,Single,Research & Development,Research Scientist,2,Medical,3,4234,11,0,No,Travel_Frequently,13,4,2,3,3,4,8,8,8,25,0,No,0.3961204772659316,Medium
1083,52,Male,Married,Sales,Manager,3,Other,4,12819,23,0,No,Travel_Rarely,22,4,2,1,3,5,1,27,26,32,1,Yes,0.43882086657270963,Medium
1084,25,Male,Married,Sales,Sales Executive,3,Medical,1,15923,20,2,Yes,Travel_Frequently,15,1,2,2,3,4,0,37,30,4,0,No,0.5517076870416161,Medium
1085,33,Female,Divorced,Sales,Sales Executive,4,Life Sciences,2,3469,15,0,No,Travel_Rarely,5,4,3,1,3,2,4,2,0,18,0,No,0.37700988150083287,Medium
1086,59,Female,Divorced,Sales,Manager,3,Medical,2,9746,21,0,No,Non-Travel,3,2,2,1,3,1,5,19,2,39,0,No,0.3458321792210975,Medium
1087,53,Female,Married,Research & Development,Healthcare Representative,3,Life Sciences,3,14929,16,0,No,Travel_Rarely,5,1,3,3,3,5,2,5,5,32,0,No,0.337905902636058,Medium
1088,47,Female,Married,Research & Development,Research Scientist,3,Life Sciences,1,11763,14,2,No,Non-Travel,5,2,2,3,4,2,7,38,13,30,0,No,0.235959582446572,Low
1089,35,Male,Single,Research & Development,Research Scientist,2,Human Resources,2,11842,17,1,No,Travel_Rarely,5,4,2,2,3,1,6,32,24,16,0,No,0.32069121046160975,Medium
1090,19,Male,Single,Research & Development,Healthcare Representative,2,Life Sciences,1,4123,13,2,No,Travel_Rarely,3,1,1,1,3,1,1,0,0,0,0,No,0.4287632413264275,Medium
1091,30,Female,Divorced,Sales,Manager,3,Life Sciences,1,18009,17,2,Yes,Travel_Rarely,3,2,3,3,3,4,6,36,14,13,0,No,0.40390025709981814,Medium
1092,21,Female,Single,Research & Development,Healthcare Representative,1,Medical,3,16369,24,0,No,Non-Travel,20,4,2,3,4,3,0,5,1,1,0,No,0.2787491893940157,Low
1093,43,Female,Divorced,Research & Development,Manufacturing Director,3,Human Resources,3,18596,11,1,No,Travel_Rarely,23,4,1,3,3,0,8,33,23,25,0,No,0.2737185661266604,Low
1094,42,Female,Married,Research & Development,Research Scientist,1,Technical Degree,1,10960,17,0,No,Travel_Rarely,28,3,3,2,3,5,6,14,13,21,0,No,0.49408574838259645,Medium
1095,47,Male,Married,Research & Development,Healthcare Representative,2,Life Sciences,1,3574,11,0,Yes,Travel_Rarely,28,4,3,1,3,0,5,25,15,26,0,No,0.7850204570322848,High
1096,28,Male,Single,Research & Development,Manufacturing Director,1,Marketing,3,4183,23,1,Yes,Travel_Rarely,28,2,2,3,3,2,1,13,6,11,0,No,0.7281000725014023,High
1097,24,Female,Married,Research & Development,Healthcare Representative,2,Medical,1,3639,21,1,No,Travel_Frequently,18,1,3,1,3,0,2,6,3,9,0,No,0.5241092045172235,Medium
1098,48,Female,Married,Research & Development,Research Scientist,1,Medical,3,4170,11,2,Yes,Travel_Frequently,26,3,1,2,3,4,0,30,17,30,0,No,0.6323554988628103,High
1099,27,Male,Married,Sales,Sales Executive,2,Marketing,4,5330,12,1,No,Travel_Rarely,20,4,1,1,3,3,9,23,23,8,0,No,0.4703301673560732,Medium
1100,56,Male,Single,Sales,Sales Executive,2,Life Sciences,1,14213,12,2,Yes,Travel_Rarely,4,4,3,3,4,5,4,30,26,38,0,No,0.42606098858453256,Medium
1101,30,Male,Single,Sales,Sales Executive,3,Other,3,8108,14,2,No,Travel_Rarely,1,4,1,1,3,1,8,28,4,15,0,No,0.3562148160968005,Medium
1102,48,Male,Married,Research & Development,Manufacturing Director,4,Medical,1,12369,23,0,No,Non-Travel,26,2,3,1,3,1,5,31,5,30,0,No,0.5646154369716949,Medium
1103,24,Male,Single,Sales,Manager,4,Life Sciences,3,11322,11,0,Yes,Travel_Frequently,16,3,1,2,3,4,4,16,6,8,0,No,0.749086471356523,High
1104,59,Female,Married,Research & Development,Laboratory Technician,2,Medical,1,14511,14,0,Yes,Travel_Frequently,8,2,3,2,3,5,2,13,9,40,0,No,0.6492271997982673,High
1105,59,Female,Married,Human Resources,Human Resources,3,Life Sciences,2,6810,12,1,No,Non-Travel,17,3,3,1,3,0,4,39,0,40,0,No,0.4342516621950571,Medium
1106,53,Female,Married,Sales,Sales Representative,4,Medical,2,15139,14,1,No,Travel_Rarely,8,1,3,1,3,1,7,35,3,35,1,Yes,0.46315294848272204,Medium
1107,37,Female,Married,Research & Development,Healthcare Representative,4,Life Sciences,1,15280,14,2,No,Travel_Rarely,7,2,1,1,3,0,1,23,0,17,0,No,0.32305308878519096,Medium
1108,21,Male,Single,Research & Development,Research Scientist,3,Life Sciences,2,17084,19,2,No,Non-Travel,25,2,3,2,3,4,4,26,10,5,0,No,0.40442947262099394,Medium
1109,24,Female,Married,Sales,Manager,3,Marketing,1,5160,19,2,No,Travel_Rarely,8,1,3,2,3,1,5,24,17,4,1,Yes,0.32974952244018707,Medium
1110,18,Male,Single,Sales,Sales Executive,4,Technical Degree,1,9920,11,1,Yes,Travel_Frequently,21,3,2,1,3,2,9,31,13,0,0,No,0.7887708476897349,High
1111,59,Female,Single,Sales,Sales Representative,4,Life Sciences,4,19993,15,2,No,Travel_Rarely,24,4,2,2,3,3,7,17,10,39,1,Yes,0.3374240908095143,Medium
1112,30,Female,Single,Sales,Manager,1,Medical,4,13870,17,2,No,Travel_Frequently,27,1,3,3,3,0,7,17,9,11,0,No,0.3684944350220352,Medium
1113,39,Male,Married,Human Resources,Human Resources,1,Medical,2,1675,14,1,No,Non-Travel,26,4,2,2,3,5,4,36,16,20,1,Yes,0.41108768056693457,Medium
1114,38,Male,Single,Research & Development,Manufacturing Director,2,Medical,4,17676,22,0,No,Travel_Rarely,12,4,3,2,3,0,8,25,3,18,0,No,0.38808815777392514,Medium
1115,39,Male,Single,Research & Development,Manufacturing Director,4,Life Sciences,4,6849,15,1,No,Travel_Rarely,16,1,2,2,3,0,3,8,7,20,0,No,0.5137338070550032,Medium
1116,45,Male,Married,Research & Development,Research Scientist,3,Marketing,1,4574,12,2,No,Travel_Rarely,12,3,1,3,4,0,8,34,25,24,0,No,0.2776735089495503,Low
1117,26,Male,Single,Research & Development,Manufacturing Director,3,Life Sciences,3,11435,13,0,No,Travel_Rarely,19,4,1,3,4,4,6,7,7,7,0,No,0.4248085970369453,Medium
1118,43,Female,Married,Sales,Sales Representative,4,Human Resources,1,18858,17,1,No,Travel_Rarely,10,1,3,3,4,4,5,19,12,25,0,No,0.3171476118861394,Medium
1119,26,Female,Married,Research & Development,Manufacturing Director,2,Medical,4,8375,20,0,No,Travel_Frequently,7,2,3,1,3,5,3,21,8,9,0,No,0.4783274234048218,Medium
1120,32,Male,Divorced,Research & Development,Laboratory Technician,3,Technical Degree,1,16639,23,0,Yes,Travel_Rarely,12,2,1,1,3,4,1,18,10,12,1,Yes,0.6925960429419615,High
1121,27,Male,Single,Research & Development,Laboratory Technician,4,Life Sciences,2,8391,17,2,Yes,Non-Travel,20,2,1,3,3,5,7,29,10,11,0,No,0.6795340823804538,High
1122,41,Female,Single,Research & Development,Research Scientist,4,Technical Degree,3,17158,14,1,No,Non-Travel,5,1,2,1,3,5,5,27,5,26,0,No,0.5029900848940628,Medium
1123,59,Male,Married,Sales,Manager,2,Life Sciences,4,16880,22,2,No,Travel_Rarely,16,2,3,1,3,4,2,34,0,39,0,No,0.3344102744128498,Medium
1124,25,Male,Married,Sales,Sales Representative,4,Marketing,4,14282,11,1,Yes,Non-Travel,9,4,1,1,4,1,6,10,5,10,1,Yes,0.6131993954757708,High
1125,41,Female,Single,Sales,Manager,3,Life Sciences,1,2001,11,1,Yes,Travel_Rarely,7,2,1,3,3,4,9,30,5,26,1,Yes,0.7210268139432402,High
1126,33,Male,Married,Research & Development,Research Scientist,1,Medical,1,7867,14,1,Yes,Travel_Rarely,20,2,3,2,3,1,6,38,12,14,0,No,0.7096727932108535,High
1127,43,Male,Divorced,Research & Development,Research Scientist,2,Life Sciences,1,3130,14,0,No,Travel_Rarely,22,4,2,3,3,2,5,35,21,24,0,No,0.3453227305491274,Medium
1128,44,Male,Single,Research & Development,Manufacturing Director,4,Life Sciences,1,13397,16,0,No,Travel_Rarely,26,2,2,3,4,4,1,29,23,27,1,Yes,0.5161039041881001,Medium
1129,54,Male,Married,Sales,Sales Representative,2,Medical,4,19616,17,2,No,Travel_Rarely,14,4,2,1,3,2,7,22,21,37,0,No,0.29926230737835,Low
1130,21,Male,Single,Research & Development,Healthcare Representative,4,Medical,1,5145,19,1,No,Travel_Rarely,11,2,2,1,3,4,0,18,4,5,0,No,0.5311134745664187,Medium
1131,41,Male,Divorced,Research & Development,Healthcare Representative,1,Medical,4,17736,19,1,No,Travel_Rarely,7,4,1,2,4,2,0,11,10,23,0,No,0.1935986350021815,Low
1132,36,Male,Married,Sales,Sales Executive,2,Life Sciences,1,13662,20,0,Yes,Travel_Frequently,29,2,3,2,3,3,5,14,1,15,0,No,0.735378763001994,High
1133,53,Female,Single,Sales,Sales Representative,4,Life Sciences,3,16488,22,1,No,Travel_Rarely,10,4,3,2,3,2,4,30,19,35,0,No,0.3077831408077314,Medium
1134,56,Female,Married,Sales,Sales Representative,1,Technical Degree,3,5832,22,2,No,Travel_Frequently,29,1,1,2,3,1,8,36,13,40,0,No,0.4861921539601535,Medium
1135,27,Female,Divorced,Human Resources,Human Resources,3,Marketing,1,5929,15,1,No,Travel_Rarely,9,4,1,3,3,0,6,36,4,7,0,No,0.24353597549949146,Low
1136,42,Male,Married,Sales,Sales Executive,4,Life Sciences,1,6480,20,1,No,Travel_Rarely,4,2,1,2,3,5,1,14,9,23,0,No,0.3373385163176675,Medium
1137,35,Male,Single,Research & Development,Manufacturing Director,1,Medical,2,18281,21,0,Yes,Travel_Rarely,16,2,3,3,3,2,6,28,3,17,0,No,0.6956504283070828,High
1138,36,Male,Married,Research & Development,Manufacturing Director,1,Technical Degree,3,10542,13,1,No,Travel_Frequently,10,3,3,1,4,0,2,25,1,21,0,No,0.3632465973496309,Medium
1139,53,Female,Married,Research & Development,Manufacturing Director,2,Technical Degree,4,8136,13,2,No,Travel_Rarely,19,4,3,2,3,3,0,1,1,34,0,No,0.26339093688275034,Low
1140,27,Male,Single,Human Resources,Manager,4,Life Sciences,3,4729,16,2,No,Non-Travel,24,1,2,1,3,3,7,19,6,8,0,No,0.609115905547708,High
1141,50,Male,Single,Human Resources,Manager,3,Technical Degree,4,16705,11,2,No,Travel_Rarely,17,4,1,1,3,1,2,14,9,32,0,No,0.39012552818973667,Medium
1142,22,Male,Married,Sales,Manager,4,Life Sciences,1,19808,17,2,No,Travel_Rarely,9,4,1,3,3,1,7,3,3,4,0,No,0.1810672167802107,Low
1143,52,Female,Married,Research & Development,Research Scientist,1,Marketing,3,19131,13,0,No,Travel_Rarely,13,1,1,2,3,2,6,21,9,37,0,No,0.5037967470377305,Medium
1144,51,Female,Single,Sales,Sales Representative,3,Life Sciences,3,2373,15,1,Yes,Travel_Frequently,1,4,3,3,3,4,1,37,16,36,1,Yes,0.5020197240174287,Medium
1145,50,Male,Married,Sales,Manager,1,Medical,2,3717,17,0,Yes,Travel_Frequently,2,1,1,1,3,3,0,22,20,33,0,No,0.7286610787957583,High
1146,38,Female,Married,Sales,Sales Executive,2,Medical,2,13991,17,2,Yes,Travel_Rarely,13,1,1,2,3,0,6,25,12,22,0,No,0.6414437566472817,High
1147,34,Male,Single,Research & Development,Manufacturing Director,4,Life Sciences,3,18317,19,1,No,Non-Travel,24,4,2,1,3,4,0,10,0,18,1,Yes,0.4232005472958831,Medium
1148,39,Male,Single,Research & Development,Healthcare Representative,1,Medical,3,1160,11,0,No,Travel_Rarely,9,4,3,1,3,3,5,27,0,24,0,No,0.5382075385717242,Medium
1149,54,Male,Married,Sales,Manager,1,Marketing,3,18305,13,1,No,Travel_Rarely,7,2,1,2,3,2,9,1,0,33,1,Yes,0.32382064017993617,Medium
1150,32,Male,Married,Sales,Manager,4,Medical,4,3330,19,2,Yes,Travel_Rarely,16,2,3,2,3,3,9,7,0,17,0,No,0.7029284516181055,High
1151,52,Male,Married,Human Resources,Manager,3,Life Sciences,1,14874,18,2,No,Travel_Rarely,19,3,3,2,3,1,7,28,5,35,0,No,0.36278818542445257,Medium
1152,45,Female,Single,Sales,Manager,1,Life Sciences,2,1504,12,1,No,Travel_Rarely,7,3,3,3,3,0,6,10,8,24,0,No,0.29367305643189884,Low
1153,24,Female,Married,Sales,Sales Executive,4,Medical,1,12996,18,1,No,Non-Travel,6,4,2,3,3,0,3,36,25,6,0,No,0.1738741251114237,Low
1154,49,Male,Divorced,Research & Development,Manufacturing Director,2,Technical Degree,2,3157,18,2,No,Travel_Rarely,18,1,3,1,3,1,0,17,12,33,0,No,0.4152244922850404,Medium
1155,28,Male,Married,Human Resources,Human Resources,2,Technical Degree,2,1565,12,0,No,Non-Travel,19,3,3,2,4,4,0,13,10,12,0,No,0.4545420758674571,Medium
1156,27,Male,Single,Sales,Sales Representative,4,Life Sciences,2,14402,18,2,No,Non-Travel,11,4,3,1,3,1,3,9,0,6,0,No,0.2575482293208027,Low
1157,26,Male,Married,Research & Development,Manufacturing Director,1,Medical,3,2561,13,1,Yes,Travel_Rarely,29,3,1,1,3,0,4,34,29,6,0,No,0.7802594688000524,High
1158,31,Female,Single,Research & Development,Research Scientist,4,Life Sciences,2,19513,17,0,No,Travel_Rarely,12,1,2,1,3,2,6,8,8,14,0,No,0.6149866386678045,High
1159,30,Male,Single,Sales,Sales Executive,4,Other,1,4094,23,2,Yes,Travel_Rarely,29,4,1,1,3,4,3,34,7,13,1,Yes,0.757401359529956,High
1160,42,Female,Single,Research & Development,Manufacturing Director,1,Life Sciences,2,1165,19,1,Yes,Travel_Rarely,26,1,2,1,3,5,9,10,0,25,1,Yes,0.889704207682016,High
1161,19,Male,Single,Research & Development,Research Scientist,3,Medical,1,9935,14,1,Yes,Non-Travel,10,4,2,2,3,3,0,11,7,3,0,No,0.5779827887114913,Medium
1162,52,Male,Married,Research & Development,Research Scientist,3,Marketing,2,8171,21,1,No,Travel_Rarely,13,3,3,3,3,5,9,2,0,33,0,No,0.3424309264646048,Medium
1163,24,Male,Single,Research & Development,Manufacturing Director,2,Technical Degree,2,9064,16,0,No,Travel_Rarely,12,2,3,2,3,2,6,38,11,8,0,No,0.5367253425948888,Medium
1164,38,Female,Divorced,Research & Development,Research Scientist,3,Life Sciences,3,5663,19,0,No,Travel_Rarely,21,3,1,2,3,5,1,13,4,19,0,No,0.4248129486368219,Medium
1165,35,Female,Married,Sales,Sales Executive,4,Life Sciences,1,12477,21,0,Yes,Travel_Rarely,10,3,2,2,3,4,1,27,23,19,0,No,0.6538375663434022,High
1166,20,Male,Married,Research & Development,Manufacturing Director,1,Medical,2,1163,21,0,No,Travel_Rarely,20,2,3,3,4,0,7,10,5,2,0,No,0.4639187354726944,Medium
1167,59,Female,Married,Sales,Sales Representative,2,Medical,2,8959,15,1,No,Travel_Rarely,18,2,3,3,4,0,9,38,24,43,0,No,0.38208067132419504,Medium
1168,56,Female,Married,Sales,Sales Representative,3,Life Sciences,1,16332,22,1,No,Travel_Rarely,4,4,3,3,3,2,9,24,0,38,0,No,0.21226981071371445,Low
1169,58,Male,Married,Sales,Manager,4,Medical,2,18389,11,0,No,Travel_Rarely,28,4,3,2,3,5,9,20,0,39,0,No,0.46785430927846966,Medium
1170,28,Male,Married,Research & Development,Healthcare Representative,2,Medical,4,5635,13,0,Yes,Travel_Rarely,24,1,1,3,3,4,4,9,9,11,0,No,0.7881875968957844,High
1171,56,Male,Divorced,Research & Development,Laboratory Technician,1,Technical Degree,3,15268,21,1,No,Travel_Rarely,5,1,1,1,3,3,9,14,9,37,1,Yes,0.41969891790380337,Medium
1172,41,Male,Married,Sales,Sales Representative,3,Life Sciences,1,15882,19,2,No,Travel_Rarely,5,3,3,3,4,5,1,18,2,20,0,No,0.15535127824953285,Low
1173,36,Female,Married,Research & Development,Laboratory Technician,4,Life Sciences,3,14025,13,2,No,Travel_Rarely,29,2,3,2,3,5,4,21,16,19,0,No,0.44239750068612216,Medium
1174,21,Male,Divorced,Sales,Sales Representative,1,Technical Degree,4,10378,21,1,No,Travel_Rarely,28,1,3,2,3,3,7,20,18,5,0,No,0.46998343874283544,Medium
1175,43,Male,Married,Research & Development,Manufacturing Director,4,Marketing,4,1162,21,0,No,Travel_Rarely,12,3,3,1,3,1,5,31,27,27,0,No,0.5479089594741567,Medium
1176,55,Male,Single,Sales,Sales Representative,4,Technical Degree,4,8862,20,0,No,Travel_Rarely,26,2,3,3,3,2,2,22,10,39,1,Yes,0.506295506271325,Medium
1177,59,Male,Single,Research & Development,Laboratory Technician,4,Technical Degree,1,13388,12,1,Yes,Travel_Rarely,3,4,2,3,3,4,7,12,12,43,1,Yes,0.5755989764075895,Medium
1178,49,Male,Divorced,Research & Development,Manufacturing Director,1,Life Sciences,4,16801,14,2,Yes,Non-Travel,29,3,2,1,3,2,8,4,1,33,1,Yes,0.6502240115940742,High
1179,56,Female,Single,Human Resources,Manager,2,Life Sciences,1,6608,15,1,Yes,Travel_Rarely,8,4,2,2,3,3,4,3,1,37,0,No,0.6527579477338059,High
1180,53,Male,Divorced,Sales,Manager,4,Life Sciences,1,19109,17,1,No,Non-Travel,22,1,2,2,3,4,1,27,8,38,0,No,0.35479206086324167,Medium
1181,57,Male,Single,Sales,Sales Representative,2,Human Resources,2,15794,17,1,No,Non-Travel,2,1,3,3,3,0,1,13,7,39,0,No,0.23941954220046327,Low
1182,54,Male,Married,Sales,Sales Executive,2,Medical,1,12058,19,0,Yes,Travel_Rarely,18,2,2,3,3,0,6,7,0,39,0,No,0.688214196563525,High
1183,50,Female,Married,Human Resources,Human Resources,3,Life Sciences,4,1795,23,0,No,Travel_Rarely,9,3,2,3,3,4,0,8,3,31,0,No,0.35784593986788593,Medium
1184,53,Male,Single,Research & Development,Manufacturing Director,3,Life Sciences,1,5377,18,0,No,Travel_Rarely,13,4,1,3,3,2,9,34,16,33,0,No,0.428287975072431,Medium
1185,20,Male,Married,Sales,Sales Representative,2,Technical Degree,1,15932,23,2,Yes,Travel_Rarely,7,2,2,3,3,2,1,36,11,5,0,No,0.446158278682559,Medium
1186,26,Male,Married,Research & Development,Research Scientist,3,Technical Degree,3,5281,12,1,No,Travel_Rarely,10,1,2,2,4,0,9,20,19,7,0,No,0.4775166249056993,Medium
1187,25,Male,Married,Research & Development,Manufacturing Director,3,Human Resources,4,7003,22,1,No,Non-Travel,9,1,3,2,4,0,3,17,17,8,0,No,0.3679702050558369,Medium
1188,50,Male,Married,Research & Development,Manufacturing Director,2,Life Sciences,1,8020,18,2,Yes,Travel_Rarely,22,3,2,2,4,3,0,32,2,34,0,No,0.6198140823650828,High
1189,23,Female,Single,Research & Development,Manufacturing Director,1,Medical,2,15095,18,0,Yes,Travel_Rarely,15,4,2,2,3,4,3,7,2,4,1,Yes,0.6746236734857818,High
1190,58,Female,Married,Sales,Sales Executive,3,Life Sciences,1,10270,15,1,No,Travel_Rarely,5,3,3,1,4,2,9,16,3,43,1,Yes,0.41725096708807713,Medium
1191,56,Male,Single,Sales,Manager,3,Life Sciences,1,19742,23,2,No,Non-Travel,12,4,2,2,3,3,4,30,16,38,0,No,0.22472445541591457,Low
1192,21,Male,Single,Research & Development,Manufacturing Director,1,Life Sciences,3,8020,13,0,No,Travel_Rarely,1,4,3,1,4,2,8,33,14,6,0,No,0.47818729292171774,Medium
1193,30,Female,Divorced,Human Resources,Human Resources,1,Life Sciences,4,2221,19,0,No,Travel_Rarely,12,3,2,2,3,0,0,5,0,14,1,Yes,0.3754339829332839,Medium
1194,19,Male,Married,Research & Development,Manufacturing Director,1,Medical,4,15150,22,1,Yes,Non-Travel,22,2,1,3,4,4,4,21,15,4,0,No,0.6207827354011759,High
1195,22,Male,Married,Sales,Sales Executive,2,Human Resources,2,10353,17,0,Yes,Non-Travel,6,3,1,3,3,1,1,13,10,1,0,No,0.46693200314252326,Medium
1196,44,Male,Married,Sales,Sales Executive,1,Life Sciences,2,7713,11,2,No,Travel_Rarely,19,3,2,3,3,4,8,2,2,24,0,No,0.27684878990866413,Low
1197,49,Female,Single,Research & Development,Healthcare Representative,2,Human Resources,2,16905,18,0,Yes,Travel_Rarely,19,1,1,1,3,5,5,11,3,32,1,Yes,0.8606967172953529,High
1198,38,Female,Married,Research & Development,Research Scientist,4,Life Sciences,1,19904,20,1,Yes,Travel_Rarely,16,1,3,2,3,1,1,35,23,20,1,Yes,0.6655196584448566,High
1199,25,Male,Married,Research & Development,Laboratory Technician,4,Medical,1,1152,23,2,No,Non-Travel,19,3,2,2,3,3,2,11,5,5,0,No,0.31124044247131116,Medium
1200,55,Male,Single,Research & Development,Manufacturing Director,1,Life Sciences,2,11690,15,0,No,Travel_Rarely,3,3,3,1,3,1,7,1,1,36,0,No,0.46915891408937355,Medium
1201,25,Female,Divorced,Research & Development,Healthcare Representative,1,Life Sciences,4,8376,16,0,No,Travel_Rarely,23,1,1,1,3,1,0,1,1,5,1,Yes,0.5246362549155732,Medium
1202,20,Male,Married,Sales,Manager,4,Life Sciences,4,4237,19,0,No,Travel_Rarely,10,4,3,1,3,3,2,14,1,4,0,No,0.43283980683287765,Medium
1203,20,Female,Single,Sales,Manager,2,Marketing,2,5591,20,2,Yes,Travel_Rarely,27,3,1,1,3,4,9,22,0,4,1,Yes,0.8031241338472748,High
1204,39,Male,Married,Research & Development,Research Scientist,2,Marketing,3,14156,24,0,No,Travel_Rarely,18,2,1,1,3,3,0,28,23,18,0,No,0.49034088502787626,Medium
1205,23,Female,Married,Research & Development,Laboratory Technician,1,Technical Degree,4,12406,18,1,Yes,Travel_Rarely,26,2,1,3,3,5,7,16,8,3,0,No,0.6898910360159397,High
1206,19,Female,Single,Sales,Sales Executive,1,Life Sciences,4,7040,24,2,No,Travel_Rarely,13,2,3,2,3,0,0,31,21,4,0,No,0.3312280301500161,Medium
1207,40,Male,Married,Sales,Manager,1,Marketing,2,5252,21,2,No,Travel_Rarely,26,3,1,1,3,0,4,6,3,20,0,No,0.40271108743925776,Medium
1208,19,Male,Divorced,Research & Development,Research Scientist,4,Medical,4,14656,24,0,No,Travel_Rarely,18,4,2,3,3,1,3,29,16,3,0,No,0.285978827817217,Low
1209,55,Male,Married,Sales,Sales Representative,3,Other,1,12505,24,2,No,Travel_Rarely,3,4,1,1,3,3,6,27,24,36,1,Yes,0.2658664722228142,Low
1210,34,Male,Divorced,Sales,Manager,1,Medical,1,10558,13,1,No,Non-Travel,26,1,2,3,3,3,4,13,11,15,0,No,0.31575032888976395,Medium
1211,52,Female,Divorced,Research & Development,Research Scientist,2,Other,4,16155,23,2,Yes,Travel_Rarely,28,3,2,1,3,3,7,29,28,35,0,No,0.6814826894505606,High
1212,51,Male,Divorced,Research & Development,Healthcare Representative,3,Marketing,1,5194,15,1,No,Travel_Frequently,23,4,2,2,3,5,0,16,14,36,0,No,0.3339824798742843,Medium
1213,40,Female,Single,Research & Development,Laboratory Technician,2,Marketing,3,13495,14,0,No,Travel_Rarely,3,3,2,1,3,5,4,31,29,25,0,No,0.5046845417632504,Medium
1214,47,Male,Married,Sales,Sales Executive,3,Life Sciences,4,8337,24,2,Yes,Non-Travel,23,1,3,1,4,4,3,5,2,28,0,No,0.7009710802373358,High
1215,25,Female,Single,Research & Development,Research Scientist,4,Medical,2,17693,11,1,No,Travel_Rarely,25,1,2,2,3,2,2,23,21,5,0,No,0.515837908948073,Medium
1216,39,Male,Married,Sales,Manager,3,Medical,1,18116,15,0,No,Non-Travel,27,1,1,2,3,2,4,5,1,18,1,Yes,0.47243216384738906,Medium
1217,53,Female,Divorced,Sales,Sales Representative,2,Life Sciences,3,4019,20,1,Yes,Non-Travel,26,2,2,1,3,2,9,26,25,34,0,No,0.746001215302071,High
1218,22,Male,Single,Research & Development,Research Scientist,3,Life Sciences,3,6564,17,2,No,Travel_Rarely,12,3,1,2,3,4,2,17,11,7,1,Yes,0.38232274506659697,Medium
1219,30,Male,Married,Research & Development,Laboratory Technician,4,Other,1,1076,11,2,No,Travel_Rarely,27,1,3,2,3,3,7,23,13,15,0,No,0.5646036215880301,Medium
1220,46,Male,Married,Research & Development,Healthcare Representative,2,Medical,3,13194,14,1,No,Travel_Rarely,20,3,2,3,3,2,2,36,30,30,0,No,0.3193248556458446,Medium
1221,48,Male,Single,Research & Development,Manufacturing Director,1,Life Sciences,4,19899,16,0,No,Non-Travel,7,2,1,2,3,3,0,23,8,32,0,No,0.3750830143788967,Medium
1222,33,Male,Single,Research & Development,Manufacturing Director,3,Medical,3,2546,21,0,No,Travel_Rarely,25,2,3,2,3,1,8,37,34,16,0,No,0.6526273603082025,High
1223,59,Male,Married,Sales,Manager,2,Life Sciences,1,17790,22,0,No,Travel_Rarely,24,1,3,1,3,2,8,33,20,42,0,No,0.6101194543467992,High
1224,47,Female,Single,Research & Development,Laboratory Technician,3,Medical,3,12558,19,0,No,Travel_Rarely,8,1,1,1,3,1,5,39,9,27,0,No,0.5902643241014558,Medium
1225,33,Male,Married,Sales,Sales Representative,4,Medical,1,6689,21,1,Yes,Non-Travel,9,4,2,3,4,4,9,14,6,14,0,No,0.504940407513822,Medium
1226,29,Female,Married,Sales,Sales Executive,2,Life Sciences,1,9756,18,2,No,Travel_Rarely,14,3,3,1,3,0,0,10,3,10,0,No,0.2869643889209566,Low
1227,34,Male,Married,Human Resources,Manager,1,Marketing,3,16125,12,1,No,Travel_Rarely,5,1,1,2,3,5,7,21,19,17,0,No,0.43745568614547214,Medium
1228,33,Male,Single,Research & Development,Healthcare Representative,1,Life Sciences,1,3950,21,2,Yes,Travel_Rarely,21,4,2,2,4,4,1,23,22,14,1,Yes,0.6208576544252223,High
1229,29,Female,Married,Research & Development,Healthcare Representative,3,Technical Degree,1,11858,13,2,No,Travel_Rarely,19,3,3,2,3,4,8,0,0,9,0,No,0.3490544813633303,Medium
1230,25,Female,Single,Research & Development,Laboratory Technician,4,Other,2,8076,20,1,No,Travel_Rarely,21,1,1,1,3,4,7,17,10,4,1,Yes,0.6495628436210389,High
1231,37,Male,Divorced,Research & Development,Manufacturing Director,4,Life Sciences,4,11160,23,1,Yes,Travel_Rarely,16,4,3,2,3,2,2,11,3,21,0,No,0.5538589250766619,Medium
1232,20,Female,Married,Research & Development,Healthcare Representative,3,Technical Degree,1,18994,15,0,No,Non-Travel,24,4,3,2,3,1,4,27,3,0,0,No,0.34176267755221124,Medium
1233,33,Male,Divorced,Research & Development,Research Scientist,2,Medical,4,18873,21,2,No,Travel_Rarely,12,3,1,3,3,5,8,39,16,14,0,No,0.20783387282623147,Low
1234,47,Female,Married,Research & Development,Laboratory Technician,2,Medical,2,16135,17,0,No,Non-Travel,21,4,3,3,3,2,0,6,4,27,0,No,0.2447784827416561,Low
1235,40,Male,Married,Sales,Manager,3,Life Sciences,2,16622,13,0,Yes,Travel_Rarely,4,3,1,3,3,0,8,22,10,24,0,No,0.5812956477647161,Medium
1236,45,Male,Single,Research & Development,Healthcare Representative,2,Medical,2,7456,22,1,Yes,Travel_Rarely,8,3,2,1,3,5,3,20,2,27,1,Yes,0.7272645723050618,High
1237,57,Male,Single,Sales,Manager,2,Other,2,6508,17,0,No,Travel_Rarely,7,3,1,2,3,4,3,33,21,42,0,No,0.458644304996109,Medium
1238,22,Male,Married,Sales,Sales Executive,2,Life Sciences,4,7282,15,0,No,Travel_Rarely,15,2,2,2,3,3,3,10,4,6,0,No,0.46549779321663265,Medium
1239,37,Male,Single,Research & Development,Healthcare Representative,3,Life Sciences,3,2308,20,0,Yes,Travel_Frequently,6,4,3,2,3,0,9,21,10,22,1,Yes,0.7234947543640491,High
1240,57,Male,Divorced,Sales,Manager,1,Life Sciences,3,7710,16,1,No,Non-Travel,5,3,1,3,3,1,8,34,26,41,0,No,0.2094478311811679,Low
1241,18,Female,Married,Human Resources,Manager,4,Medical,4,6003,16,0,Yes,Travel_Rarely,14,1,1,2,3,0,5,28,4,0,0,No,0.8097373902001432,High
1242,47,Male,Divorced,Human Resources,Human Resources,1,Human Resources,1,16636,21,0,No,Travel_Rarely,21,2,1,2,3,2,7,27,13,28,0,No,0.46657141709541844,Medium
1243,38,Male,Married,Human Resources,Human Resources,2,Medical,4,8498,21,1,No,Travel_Rarely,13,2,1,2,3,3,3,17,16,19,0,No,0.42026207592888987,Medium
1244,37,Male,Single,Research & Development,Manufacturing Director,3,Life Sciences,1,9278,24,1,No,Travel_Rarely,10,4,2,2,4,2,2,13,2,16,0,No,0.31815157239323477,Medium
1245,23,Female,Married,Sales,Manager,4,Medical,1,3840,22,1,Yes,Travel_Frequently,18,3,2,2,3,5,0,17,3,7,0,No,0.6483797000683856,High
1246,39,Female,Single,Human Resources,Manager,2,Life Sciences,3,12611,14,2,No,Travel_Rarely,29,4,3,1,3,4,9,27,15,19,0,No,0.515007429000794,Medium
1247,35,Male,Single,Research & Development,Laboratory Technician,4,Life Sciences,2,12828,22,1,Yes,Non-Travel,4,2,3,2,4,4,6,23,15,14,0,No,0.6291133280189208,High
1248,25,Male,Single,Human Resources,Manager,4,Medical,3,18925,18,2,No,Travel_Rarely,8,3,3,1,3,0,3,7,4,6,1,Yes,0.3501887976752581,Medium
1249,56,Male,Divorced,Human Resources,Manager,1,Life Sciences,3,3005,19,1,No,Travel_Frequently,24,1,3,2,4,4,7,7,1,37,1,Yes,0.4944987752749729,Medium
1250,49,Female,Married,Research & Development,Laboratory Technician,2,Technical Degree,4,12628,12,1,Yes,Travel_Rarely,11,3,1,1,3,4,2,3,0,32,0,No,0.684119410822744,High
1251,50,Female,Married,Sales,Manager,4,Medical,4,17670,19,1,No,Travel_Rarely,17,2,2,2,3,5,0,26,3,29,0,No,0.33628343924284854,Medium
1252,33,Male,Single,Research & Development,Healthcare Representative,1,Technical Degree,1,4098,21,2,No,Travel_Frequently,18,1,2,2,3,1,4,35,18,14,0,No,0.438095080375147,Medium
1253,29,Female,Married,Research & Development,Healthcare Representative,3,Other,4,1532,22,0,No,Travel_Frequently,21,3,2,2,3,1,1,4,1,11,1,Yes,0.45120783139346937,Medium
1254,55,Male,Married,Sales,Sales Representative,4,Other,1,13419,14,1,No,Travel_Frequently,25,1,2,2,3,2,2,32,16,40,0,No,0.4733890719755886,Medium
1255,51,Male,Married,Sales,Manager,2,Life Sciences,1,16741,16,2,Yes,Travel_Rarely,26,1,3,3,4,2,5,33,25,34,1,Yes,0.6183213826364955,High
1256,31,Female,Single,Research & Development,Laboratory Technician,3,Other,2,9176,24,1,No,Travel_Rarely,11,2,1,2,3,1,2,29,21,11,0,No,0.41458345126709634,Medium
1257,53,Female,Married,Human Resources,Manager,4,Technical Degree,2,6199,17,0,No,Travel_Rarely,16,1,2,1,3,0,2,7,6,38,0,No,0.6415760182008217,High
1258,50,Female,Married,Research & Development,Healthcare Representative,4,Marketing,3,5584,14,2,No,Non-Travel,12,4,1,3,3,1,5,38,27,33,0,No,0.222583412109825,Low
1259,40,Male,Single,Research & Development,Healthcare Representative,2,Life Sciences,2,8736,18,1,No,Travel_Rarely,13,2,1,3,3,2,4,25,0,24,0,No,0.40779235118573337,Medium
1260,19,Male,Divorced,Sales,Sales Representative,4,Life Sciences,1,16387,23,1,No,Travel_Rarely,27,4,1,2,3,3,9,36,35,3,1,Yes,0.37498286814059795,Medium
1261,58,Female,Single,Research & Development,Manufacturing Director,2,Other,4,2806,24,1,No,Travel_Rarely,16,1,1,1,3,4,8,33,1,38,0,No,0.6449717817742192,High
1262,38,Female,Married,Human Resources,Manager,2,Life Sciences,2,3140,20,0,No,Travel_Rarely,23,4,2,1,3,5,0,6,0,20,0,No,0.536302905108179,Medium
1263,19,Male,Single,Sales,Manager,2,Life Sciences,2,15909,18,2,No,Non-Travel,26,3,2,3,3,3,2,39,39,0,0,No,0.254458160231212,Low
1264,44,Male,Single,Research & Development,Laboratory Technician,2,Life Sciences,2,18208,11,1,No,Travel_Rarely,21,1,2,1,3,3,2,27,5,23,0,No,0.541269075100354,Medium
1265,26,Female,Divorced,Research & Development,Laboratory Technician,4,Human Resources,2,12341,18,1,Yes,Travel_Rarely,1,3,3,2,4,4,5,38,20,11,0,No,0.5497001130007508,Medium
1266,18,Female,Divorced,Research & Development,Research Scientist,3,Medical,1,7675,20,2,No,Travel_Rarely,16,4,2,2,3,1,7,38,8,0,1,Yes,0.2672040323759627,Low
1267,28,Female,Married,Research & Development,Laboratory Technician,3,Human Resources,1,17535,24,0,No,Non-Travel,15,3,3,2,3,0,2,27,12,8,0,No,0.31149137356347534,Medium
1268,20,Female,Divorced,Research & Development,Manufacturing Director,1,Life Sciences,3,13488,22,0,No,Travel_Rarely,6,1,3,2,3,3,2,13,10,3,0,No,0.3612916224627183,Medium
1269,40,Male,Divorced,Research & Development,Healthcare Representative,2,Life Sciences,4,2419,13,0,Yes,Travel_Rarely,12,3,3,2,3,0,5,37,15,22,0,No,0.6648126677245817,High
1270,43,Female,Married,Sales,Sales Executive,4,Medical,3,13674,15,0,Yes,Travel_Frequently,8,4,2,3,3,5,7,3,3,23,1,Yes,0.5363558518725773,Medium
1271,21,Female,Divorced,Research & Development,Manufacturing Director,4,Medical,3,1543,24,0,No,Travel_Rarely,7,4,2,2,4,5,5,17,1,0,0,No,0.3375409530099669,Medium
1272,35,Male,Married,Research & Development,Manufacturing Director,1,Life Sciences,2,4373,20,1,Yes,Travel_Rarely,2,4,2,2,3,5,9,24,9,18,1,Yes,0.6074143325854324,High
1273,23,Female,Married,Research & Development,Research Scientist,3,Life Sciences,4,18425,18,1,No,Travel_Frequently,12,1,3,3,3,2,2,6,3,5,0,No,0.2903583602049077,Low
1274,52,Female,Married,Human Resources,Manager,4,Life Sciences,2,4351,21,1,Yes,Travel_Rarely,21,4,3,3,3,3,3,37,7,34,1,Yes,0.6276269929090025,High
1275,39,Male,Single,Research & Development,Research Scientist,1,Life Sciences,1,14474,16,2,Yes,Non-Travel,14,1,1,3,3,5,0,27,10,20,1,Yes,0.5540866182903179,Medium
1276,32,Female,Divorced,Research & Development,Manufacturing Director,3,Medical,3,5509,14,0,Yes,Non-Travel,16,3,3,1,3,2,7,4,1,16,1,Yes,0.734565947552229,High
1277,39,Female,Single,Research & Development,Laboratory Technician,4,Life Sciences,4,2181,14,2,Yes,Travel_Rarely,11,4,3,1,4,5,3,2,0,24,0,No,0.7030455711088343,High
1278,54,Male,Divorced,Research & Development,Healthcare Representative,2,Life Sciences,1,9016,22,0,No,Travel_Rarely,20,3,2,2,3,1,5,30,24,33,0,No,0.3905554071234618,Medium
1279,59,Female,Single,Research & Development,Research Scientist,1,Life Sciences,3,2650,14,0,No,Travel_Rarely,9,2,1,2,3,3,2,19,16,43,0,No,0.5267592014496743,Medium
1280,29,Male,Married,Research & Development,Manufacturing Director,4,Life Sciences,4,17864,16,2,No,Travel_Rarely,10,3,1,2,3,2,5,18,6,12,0,No,0.2888871155211944,Low
1281,59,Female,Single,Research & Development,Laboratory Technician,1,Human Resources,3,9747,17,1,No,Travel_Frequently,17,2,1,1,3,5,8,10,7,42,0,No,0.5797791708387818,Medium
1282,55,Male,Divorced,Sales,Manager,1,Life Sciences,4,5735,23,2,No,Travel_Rarely,12,3,2,2,3,2,8,39,2,34,0,No,0.24811000626778712,Low
1283,35,Female,Single,Research & Development,Laboratory Technician,1,Life Sciences,3,12798,15,1,No,Travel_Rarely,6,1,1,2,3,5,9,2,1,17,0,No,0.49222091031453835,Medium
1284,52,Male,Married,Sales,Sales Representative,2,Medical,2,12026,20,0,No,Non-Travel,19,3,1,1,3,1,2,22,19,32,0,No,0.41392913490277267,Medium
1285,47,Male,Married,Research & Development,Research Scientist,3,Medical,3,1372,24,1,No,Travel_Rarely,11,1,2,3,4,0,2,6,4,26,1,Yes,0.34873346052916326,Medium
1286,41,Male,Single,Sales,Sales Representative,3,Medical,3,11367,18,0,No,Non-Travel,9,1,1,1,3,5,3,22,18,24,0,No,0.5544378888898843,Medium
1287,59,Male,Divorced,Research & Development,Manufacturing Director,4,Life Sciences,4,4318,17,0,No,Travel_Rarely,21,4,3,2,3,0,6,6,6,43,0,No,0.4272006085836986,Medium
1288,47,Male,Single,Research & Development,Laboratory Technician,2,Marketing,4,17938,18,1,No,Travel_Rarely,29,1,3,1,3,3,2,33,8,32,1,Yes,0.622878631094545,High
1289,31,Male,Married,Sales,Manager,3,Medical,2,4249,14,0,No,Travel_Rarely,6,2,3,3,3,1,9,18,18,10,0,No,0.36606626688521704,Medium
1290,23,Female,Married,Research & Development,Laboratory Technician,4,Life Sciences,4,7674,18,1,No,Travel_Rarely,27,4,3,3,4,3,7,8,5,5,0,No,0.37402344872167537,Medium
1291,20,Female,Single,Sales,Sales Representative,4,Life Sciences,3,13930,23,2,No,Travel_Rarely,25,4,3,3,3,0,7,17,7,5,0,No,0.31024534101603385,Medium
1292,33,Female,Single,Sales,Sales Executive,1,Medical,4,2945,16,0,No,Travel_Rarely,25,3,3,3,3,1,5,24,21,18,0,No,0.4886710156753083,Medium
1293,24,Female,Married,Research & Development,Healthcare Representative,2,Medical,4,14977,13,0,No,Travel_Rarely,24,1,3,3,3,4,3,13,1,9,1,Yes,0.48955828313913574,Medium
1294,31,Female,Divorced,Research & Development,Laboratory Technician,3,Other,4,12206,23,2,No,Travel_Frequently,25,1,3,3,3,1,4,24,22,12,0,No,0.28545921111432376,Low
1295,26,Male,Single,Sales,Sales Representative,2,Medical,2,13007,18,0,Yes,Travel_Rarely,16,2,3,2,3,1,1,18,1,11,0,No,0.7363122249240491,High
1296,32,Female,Single,Research & Development,Manufacturing Director,2,Marketing,2,1891,23,2,No,Travel_Rarely,20,3,2,2,3,4,5,38,10,13,0,No,0.42911025984521156,Medium
1297,38,Female,Divorced,Research & Development,Healthcare Representative,3,Life Sciences,1,7932,17,2,Yes,Travel_Rarely,16,3,2,1,3,2,2,14,14,18,0,No,0.5895388928012002,Medium
1298,52,Male,Single,Sales,Manager,3,Technical Degree,2,14717,20,0,No,Travel_Rarely,6,4,3,2,4,2,5,15,0,32,0,No,0.3358009230242048,Medium
1299,19,Female,Married,Research & Development,Healthcare Representative,2,Medical,2,6213,15,2,No,Travel_Rarely,5,4,2,3,3,2,4,26,13,4,0,No,0.20735056324353757,Low
1300,44,Male,Married,Sales,Manager,4,Medical,2,8297,21,2,Yes,Travel_Rarely,21,4,2,2,4,0,1,39,15,26,0,No,0.5413949689752134,Medium
1301,19,Female,Single,Sales,Sales Representative,2,Life Sciences,3,4212,14,2,Yes,Travel_Rarely,4,2,3,1,3,1,4,9,0,3,0,No,0.6769040487091745,High
1302,52,Female,Married,Research & Development,Manufacturing Director,3,Life Sciences,1,3253,11,0,Yes,Non-Travel,2,2,3,3,4,5,4,3,1,32,1,Yes,0.5939354677320616,Medium
1303,35,Female,Divorced,Research & Development,Manufacturing Director,2,Marketing,3,1027,20,2,No,Travel_Frequently,28,4,2,2,3,4,8,18,6,16,0,No,0.3409267399400952,Medium
1304,31,Male,Married,Research & Development,Laboratory Technician,3,Life Sciences,2,18034,13,1,No,Travel_Rarely,6,3,3,2,3,5,7,27,15,13,0,No,0.3242363993631615,Medium
1305,37,Male,Married,Research & Development,Healthcare Representative,4,Life Sciences,2,4092,12,1,No,Travel_Rarely,9,2,3,1,4,0,6,20,13,22,0,No,0.5102538278829203,Medium
1306,35,Female,Married,Human Resources,Human Resources,2,Life Sciences,1,9530,18,2,No,Travel_Rarely,28,3,3,3,3,4,2,13,13,17,0,No,0.32437653985804826,Medium
1307,27,Male,Married,Research & Development,Research Scientist,4,Life Sciences,1,18258,24,1,No,Non-Travel,17,3,3,1,3,5,9,32,27,9,1,Yes,0.42950676200355226,Medium
1308,42,Male,Single,Sales,Sales Executive,2,Medical,4,1782,18,0,No,Travel_Rarely,14,1,2,3,3,0,3,9,4,21,0,No,0.4573039059508035,Medium
1309,19,Female,Married,Research & Development,Manufacturing Director,2,Medical,2,5741,22,2,No,Travel_Rarely,7,4,1,3,3,0,5,18,10,3,0,No,0.21312865369758116,Low
1310,42,Female,Married,Sales,Manager,3,Life Sciences,2,7804,15,0,No,Travel_Rarely,22,1,2,2,4,0,2,29,15,27,0,No,0.5458931592942605,Medium
1311,50,Male,Single,Research & Development,Manufacturing Director,1,Medical,3,7993,24,1,No,Non-Travel,19,4,1,1,3,4,8,21,18,34,1,Yes,0.4926262620706882,Medium
1312,53,Male,Divorced,Sales,Sales Representative,3,Technical Degree,4,3576,15,1,Yes,Travel_Rarely,1,4,1,1,3,5,7,2,0,33,1,Yes,0.5833201467579214,Medium
1313,48,Male,Married,Sales,Sales Executive,2,Human Resources,2,17130,21,1,No,Travel_Rarely,29,3,1,1,3,5,5,36,25,32,0,No,0.5083863463409414,Medium
1314,31,Male,Divorced,Human Resources,Human Resources,1,Medical,3,2683,14,1,No,Travel_Rarely,20,4,2,3,3,3,3,17,5,14,0,No,0.29408610051274303,Low
1315,18,Male,Single,Research & Development,Healthcare Representative,1,Medical,1,11884,11,0,No,Travel_Rarely,25,3,2,1,3,0,6,10,10,0,0,No,0.6038613183415491,High
1316,33,Female,Divorced,Research & Development,Manufacturing Director,4,Life Sciences,3,12581,11,2,No,Travel_Rarely,15,3,2,3,3,2,2,1,0,13,0,No,0.19592631867696114,Low
1317,20,Female,Married,Research & Development,Manufacturing Director,2,Medical,2,1748,23,0,Yes,Travel_Rarely,18,4,2,1,3,1,9,11,8,5,0,No,0.8045792825007241,High
1318,52,Female,Divorced,Sales,Sales Representative,3,Marketing,3,2554,16,2,Yes,Travel_Rarely,3,3,2,1,3,3,7,5,1,36,1,Yes,0.5899484652441261,Medium
1319,58,Male,Divorced,Sales,Sales Representative,1,Medical,3,10336,14,1,No,Travel_Rarely,18,3,1,2,3,3,0,39,16,39,0,No,0.2819295726653979,Low
1320,23,Female,Divorced,Sales,Sales Executive,1,Life Sciences,4,6136,14,1,Yes,Travel_Rarely,2,3,2,1,3,4,2,28,11,8,0,No,0.5833413584420197,Medium
1321,42,Female,Divorced,Research & Development,Laboratory Technician,3,Medical,4,10074,13,1,No,Travel_Rarely,10,2,1,2,3,3,4,29,22,27,1,Yes,0.37271352519804374,Medium
1322,30,Female,Single,Research & Development,Research Scientist,3,Other,1,11501,24,1,No,Non-Travel,11,3,2,2,3,5,4,1,1,10,0,No,0.34689954950944146,Medium
1323,51,Male,Married,Research & Development,Healthcare Representative,1,Technical Degree,4,14758,19,0,Yes,Travel_Rarely,27,2,2,3,4,4,9,8,5,34,1,Yes,0.7605285597326457,High
1324,25,Female,Single,Sales,Manager,3,Marketing,3,10054,13,2,No,Travel_Frequently,24,2,3,1,3,4,1,1,1,6,0,No,0.4463484458935838,Medium
1325,38,Male,Married,Human Resources,Human Resources,4,Life Sciences,4,19676,18,2,Yes,Non-Travel,3,3,1,1,4,2,9,28,4,21,0,No,0.5985399904674067,Medium
1326,51,Female,Divorced,Research & Development,Research Scientist,1,Life Sciences,2,10530,12,1,No,Travel_Rarely,7,3,2,1,3,0,7,32,2,32,0,No,0.3408297922249269,Medium
1327,21,Male,Single,Research & Development,Manufacturing Director,4,Technical Degree,3,9678,14,0,No,Non-Travel,8,2,2,2,3,3,4,9,9,0,0,No,0.43776512900671294,Medium
1328,42,Female,Married,Research & Development,Healthcare Representative,2,Life Sciences,3,12292,11,1,Yes,Travel_Rarely,19,2,2,1,3,0,6,33,23,27,0,No,0.77820038125902,High
1329,32,Female,Married,Research & Development,Laboratory Technician,4,Medical,3,8007,21,2,Yes,Travel_Rarely,18,3,3,3,3,0,6,7,6,11,0,No,0.5303880855426891,Medium
1330,21,Male,Single,Sales,Manager,3,Medical,2,14449,15,2,No,Non-Travel,13,3,1,3,3,0,4,36,16,2,0,No,0.2185585615063084,Low
1331,29,Male,Single,Research & Development,Healthcare Representative,1,Medical,3,13706,12,0,No,Non-Travel,13,4,2,1,4,4,7,32,25,10,0,No,0.46164150634026824,Medium
1332,49,Male,Single,Research & Development,Manufacturing Director,4,Medical,4,14742,21,2,Yes,Travel_Rarely,24,2,2,2,3,0,8,5,3,32,0,No,0.741112526587457,High
1333,49,Male,Single,Sales,Sales Executive,3,Human Resources,2,2278,23,0,No,Travel_Rarely,19,2,2,3,3,3,3,39,11,34,0,No,0.5141786621426873,Medium
1334,45,Male,Married,Sales,Sales Representative,3,Life Sciences,3,8877,11,1,No,Travel_Rarely,23,4,3,3,3,4,3,18,0,29,0,No,0.3088456852043436,Medium
1335,30,Female,Married,Sales,Sales Representative,4,Technical Degree,4,13382,11,1,No,Travel_Frequently,12,2,2,2,3,3,7,31,20,15,0,No,0.4024270309508346,Medium
1336,48,Male,Single,Sales,Manager,1,Technical Degree,4,19996,12,0,No,Travel_Rarely,17,1,1,3,3,4,0,26,18,30,1,Yes,0.41576352019371116,Medium
1337,31,Male,Divorced,Research & Development,Manufacturing Director,4,Other,1,6970,15,1,No,Travel_Rarely,28,2,1,2,4,1,3,0,0,12,0,No,0.44711681480098353,Medium
1338,37,Male,Married,Research & Development,Laboratory Technician,2,Medical,4,16743,22,0,No,Travel_Frequently,22,4,1,3,3,1,5,32,20,17,0,No,0.310261545050618,Medium
1339,35,Male,Married,Research & Development,Healthcare Representative,4,Medical,4,10670,19,1,No,Travel_Rarely,12,1,1,2,3,1,3,39,17,15,0,No,0.4248472138220308,Medium
1340,46,Female,Single,Sales,Sales Representative,4,Other,1,9578,16,1,No,Travel_Rarely,28,3,2,3,3,1,5,31,10,26,0,No,0.41238441404410087,Medium
1341,23,Female,Married,Research & Development,Research Scientist,1,Medical,1,8566,22,2,Yes,Travel_Rarely,13,4,3,1,4,4,4,4,3,2,0,No,0.5680689165187697,Medium
1342,49,Female,Married,Research & Development,Manufacturing Director,4,Medical,2,19073,14,2,No,Travel_Rarely,25,4,3,3,4,0,8,16,2,33,0,No,0.2763152495575585,Low
1343,46,Male,Married,Sales,Manager,3,Life Sciences,4,9442,13,0,No,Travel_Rarely,12,3,3,3,3,2,9,7,4,29,0,No,0.3727830447189434,Medium
1344,19,Male,Married,Research & Development,Laboratory Technician,1,Life Sciences,2,16662,18,1,No,Travel_Rarely,19,4,2,1,4,5,8,33,31,3,0,No,0.4419184509808663,Medium
1345,40,Male,Single,Research & Development,Research Scientist,3,Medical,2,10120,13,1,No,Travel_Frequently,14,2,3,1,3,2,3,8,7,19,0,No,0.47119788835007703,Medium
1346,36,Male,Divorced,Research & Development,Laboratory Technician,1,Medical,3,6691,11,1,No,Travel_Rarely,7,3,1,1,4,1,3,22,14,20,0,No,0.3549447291138567,Medium
1347,48,Male,Married,Research & Development,Healthcare Representative,2,Marketing,2,16488,14,2,No,Travel_Frequently,13,4,2,1,3,0,7,34,4,32,1,Yes,0.3108219554786546,Medium
1348,22,Female,Married,Sales,Manager,2,Life Sciences,2,16056,21,0,No,Travel_Rarely,6,3,3,2,3,3,9,6,3,7,0,No,0.3794133636180904,Medium
1349,36,Male,Divorced,Research & Development,Manufacturing Director,2,Technical Degree,2,9093,23,0,No,Travel_Frequently,24,3,1,2,3,0,3,14,9,16,0,No,0.3818650958335807,Medium
1350,51,Male,Married,Research & Development,Manufacturing Director,4,Medical,2,17462,15,0,Yes,Non-Travel,19,3,1,3,3,3,1,19,19,32,0,No,0.5876706878806212,Medium
1351,27,Female,Married,Research & Development,Manufacturing Director,2,Medical,1,7209,15,1,No,Travel_Rarely,19,1,2,3,3,2,1,24,18,7,0,No,0.37500328625098744,Medium
1352,42,Female,Married,Research & Development,Healthcare Representative,1,Other,4,11287,15,0,No,Travel_Rarely,4,4,2,3,3,0,0,2,0,26,0,No,0.23252481599033648,Low
1353,19,Male,Single,Research & Development,Healthcare Representative,2,Life Sciences,3,3016,18,2,Yes,Travel_Rarely,19,1,3,2,3,0,4,23,3,0,0,No,0.7320199024156986,High
1354,28,Female,Divorced,Sales,Sales Executive,1,Marketing,1,16811,18,2,No,Non-Travel,9,4,3,3,4,5,5,33,14,13,0,No,0.12889308813930722,Low
1355,48,Female,Married,Sales,Manager,3,Medical,3,14338,22,0,No,Travel_Rarely,16,2,3,3,3,2,8,21,16,31,0,No,0.40257606404791163,Medium
1356,32,Male,Married,Research & Development,Laboratory Technician,4,Marketing,3,3788,23,1,No,Non-Travel,27,2,2,2,3,0,4,10,2,14,0,No,0.4650549185724111,Medium
1357,26,Male,Divorced,Sales,Sales Executive,3,Medical,1,1764,14,2,Yes,Travel_Rarely,4,2,3,3,3,3,5,7,1,7,0,No,0.45106267115990284,Medium
1358,40,Male,Married,Research & Development,Research Scientist,3,Life Sciences,2,7504,19,2,Yes,Travel_Rarely,6,4,3,2,4,0,5,38,22,19,0,No,0.47606854885615163,Medium
1359,36,Female,Married,Human Resources,Manager,2,Medical,1,11196,11,1,No,Travel_Frequently,8,3,1,2,4,3,2,34,17,16,1,Yes,0.314146513060993,Medium
1360,26,Male,Divorced,Research & Development,Manufacturing Director,2,Life Sciences,3,10522,15,1,No,Travel_Rarely,27,3,1,1,3,1,3,37,0,11,1,Yes,0.4704884493322736,Medium
1361,52,Female,Single,Research & Development,Research Scientist,2,Life Sciences,3,19723,15,0,No,Travel_Rarely,29,1,1,1,3,0,0,7,2,37,1,Yes,0.6598629298673534,High
1362,38,Female,Single,Research & Development,Manufacturing Director,3,Technical Degree,2,18409,15,2,No,Non-Travel,24,1,3,2,3,3,3,36,30,18,1,Yes,0.39615864512251764,Medium
1363,26,Male,Single,Research & Development,Healthcare Representative,4,Medical,1,8356,18,2,Yes,Travel_Rarely,16,2,2,2,3,2,0,26,26,10,1,Yes,0.6818078367286864,High
1364,45,Male,Divorced,Research & Development,Research Scientist,4,Technical Degree,4,15258,19,0,No,Travel_Rarely,5,1,1,1,3,1,4,27,11,29,0,No,0.4808200299052905,Medium
1365,24,Male,Single,Human Resources,Human Resources,3,Medical,3,15888,13,0,No,Travel_Rarely,21,4,2,3,4,0,7,39,0,8,0,No,0.45123156236061773,Medium
1366,33,Male,Single,Research & Development,Laboratory Technician,4,Medical,1,15066,19,2,No,Travel_Rarely,22,4,3,3,3,5,7,33,2,18,0,No,0.3393473076796297,Medium
1367,33,Female,Single,Human Resources,Manager,3,Other,2,13066,23,2,No,Travel_Rarely,10,1,3,3,3,3,4,31,2,17,0,No,0.36910549811849486,Medium
1368,50,Male,Single,Human Resources,Manager,3,Other,2,5947,21,1,No,Travel_Rarely,23,1,1,2,3,5,9,14,4,30,0,No,0.650218321331391,High
1369,21,Male,Married,Sales,Sales Representative,4,Life Sciences,4,1746,18,1,No,Travel_Rarely,13,1,2,1,3,0,1,16,0,2,1,Yes,0.48749765965997355,Medium
1370,21,Male,Divorced,Sales,Sales Executive,1,Technical Degree,3,7209,13,2,No,Travel_Rarely,29,1,1,3,3,3,5,32,28,4,0,No,0.3578023558335187,Medium
1371,56,Male,Married,Sales,Sales Representative,1,Life Sciences,4,9380,12,2,No,Travel_Rarely,26,2,3,1,3,0,0,15,9,37,0,No,0.39035732825070574,Medium
1372,57,Male,Married,Sales,Sales Representative,2,Life Sciences,4,17624,14,1,No,Non-Travel,14,2,2,1,3,1,6,28,25,36,0,No,0.36376310420193625,Medium
1373,34,Male,Married,Sales,Sales Representative,4,Medical,4,19310,23,0,No,Travel_Rarely,7,1,1,2,4,1,3,8,3,14,0,No,0.3876716287767903,Medium
1374,54,Female,Married,Research & Development,Research Scientist,2,Other,4,9543,22,0,No,Travel_Rarely,29,4,3,3,3,0,4,32,13,35,0,No,0.37855422313097387,Medium
1375,56,Male,Divorced,Sales,Manager,3,Other,2,3632,12,2,No,Travel_Rarely,20,2,1,1,3,0,5,28,17,36,0,No,0.3993103828349106,Medium
1376,46,Male,Married,Sales,Sales Representative,1,Life Sciences,3,9655,14,2,Yes,Travel_Frequently,6,4,2,2,4,4,0,12,10,31,0,No,0.4300550592576114,Medium
1377,53,Female,Married,Research & Development,Healthcare Representative,4,Marketing,4,14552,15,1,No,Travel_Rarely,7,3,2,2,3,0,8,20,0,32,0,No,0.32527891975234535,Medium
1378,55,Male,Divorced,Sales,Sales Executive,4,Technical Degree,3,13826,12,2,Yes,Travel_Rarely,5,4,2,2,3,0,9,20,15,40,0,No,0.4646104067170303,Medium
1379,56,Male,Married,Research & Development,Healthcare Representative,4,Life Sciences,2,19669,22,0,No,Travel_Rarely,21,1,2,3,3,5,3,4,2,38,1,Yes,0.4540248913858345,Medium
1380,54,Male,Single,Sales,Sales Executive,1,Medical,2,5506,18,1,No,Travel_Frequently,18,3,2,3,3,5,7,9,6,36,0,No,0.3721304330399796,Medium
1381,52,Male,Single,Sales,Manager,2,Medical,1,8942,11,1,No,Travel_Rarely,23,2,1,2,3,1,4,5,4,34,0,No,0.49437110711697063,Medium
1382,24,Female,Divorced,Research & Development,Laboratory Technician,1,Life Sciences,1,19528,13,0,No,Travel_Rarely,12,2,1,3,3,5,7,12,8,4,0,No,0.31808393109850863,Medium
1383,44,Male,Married,Research & Development,Research Scientist,2,Marketing,3,7736,17,0,No,Travel_Rarely,6,3,1,3,3,0,0,0,0,25,0,No,0.2809640570983282,Low
1384,45,Female,Married,Research & Development,Healthcare Representative,3,Life Sciences,1,13165,20,1,No,Travel_Rarely,27,4,1,1,3,2,7,19,3,25,0,No,0.47794682079996986,Medium
1385,39,Male,Divorced,Research & Development,Research Scientist,3,Life Sciences,4,18958,11,2,No,Travel_Rarely,1,2,3,2,3,0,3,7,4,24,0,No,0.2090554040206661,Low
1386,31,Male,Married,Research & Development,Research Scientist,2,Life Sciences,3,17701,23,0,No,Travel_Rarely,4,1,3,2,4,4,1,9,4,14,1,Yes,0.3872019570220807,Medium
1387,24,Female,Single,Sales,Manager,3,Marketing,2,9636,21,1,No,Travel_Rarely,19,3,1,3,3,3,5,8,4,9,0,No,0.39666704147775883,Medium
1388,54,Male,Married,Sales,Sales Representative,3,Medical,2,9377,12,2,No,Travel_Rarely,12,1,3,2,4,1,1,2,1,35,0,No,0.31387375566962855,Medium
1389,39,Female,Married,Research & Development,Research Scientist,4,Medical,4,17531,13,2,Yes,Travel_Frequently,15,3,3,2,3,5,4,10,8,24,1,Yes,0.5759405277324982,Medium
1390,22,Male,Married,Research & Development,Research Scientist,4,Medical,1,17586,24,1,No,Travel_Frequently,3,2,2,2,3,2,1,11,9,7,0,No,0.2945726322826266,Low
1391,19,Male,Single,Human Resources,Manager,1,Life Sciences,3,16586,24,0,No,Travel_Rarely,23,4,1,3,3,3,2,9,2,0,0,No,0.3866323076528424,Medium
1392,44,Female,Single,Research & Development,Research Scientist,1,Human Resources,3,14481,12,2,No,Travel_Frequently,27,3,3,3,3,2,5,24,5,28,0,No,0.33158198757584467,Medium
1393,38,Male,Divorced,Research & Development,Research Scientist,1,Medical,4,1951,12,0,Yes,Travel_Rarely,28,3,3,3,3,1,0,24,23,20,1,Yes,0.6455391410050313,High
1394,55,Female,Divorced,Research & Development,Laboratory Technician,4,Life Sciences,1,5629,22,1,No,Travel_Rarely,26,1,1,1,3,5,5,10,10,36,0,No,0.5890740547478724,Medium
1395,32,Male,Married,Sales,Sales Representative,1,Life Sciences,3,17204,21,0,Yes,Travel_Frequently,20,2,2,2,3,4,2,35,28,13,0,No,0.6716588590462975,High
1396,38,Female,Divorced,Human Resources,Manager,1,Life Sciences,4,12163,16,2,No,Non-Travel,28,1,1,1,3,1,6,38,2,20,0,No,0.46739187738462173,Medium
1397,27,Male,Married,Research & Development,Research Scientist,4,Human Resources,3,7362,17,1,No,Travel_Rarely,8,2,2,3,4,2,1,25,0,12,0,No,0.32495739573929916,Medium
1398,40,Female,Divorced,Research & Development,Research Scientist,2,Medical,2,10154,16,2,No,Travel_Rarely,11,1,3,1,3,2,5,13,3,19,0,No,0.3555197191624985,Medium
1399,56,Female,Single,Research & Development,Research Scientist,4,Marketing,3,10503,21,2,Yes,Travel_Rarely,16,3,2,2,3,1,7,38,18,36,0,No,0.6626153468649424,High
1400,22,Male,Married,Research & Development,Manufacturing Director,2,Life Sciences,3,14571,16,1,No,Travel_Rarely,9,1,2,2,3,0,0,39,21,2,0,No,0.33674726828333756,Medium
1401,18,Male,Married,Sales,Manager,4,Medical,3,3889,19,1,No,Travel_Rarely,3,4,1,3,4,1,8,0,0,3,1,Yes,0.27116294070233105,Low
1402,30,Female,Single,Human Resources,Manager,1,Human Resources,1,1554,18,0,No,Travel_Rarely,5,2,3,3,3,5,4,3,1,15,1,Yes,0.4733441772624282,Medium
1403,38,Male,Married,Research & Development,Manufacturing Director,3,Life Sciences,1,15141,24,1,No,Travel_Frequently,20,2,1,1,4,5,4,29,16,22,0,No,0.5049263656159861,Medium
1404,43,Female,Divorced,Research & Development,Healthcare Representative,3,Medical,4,14313,18,0,Yes,Travel_Rarely,14,3,1,3,3,4,4,11,8,24,0,No,0.580100877669194,Medium
1405,38,Female,Married,Sales,Sales Executive,2,Other,1,2936,16,1,No,Travel_Frequently,28,2,3,1,3,1,5,34,13,20,0,No,0.5372786035520947,Medium
1406,35,Female,Divorced,Research & Development,Manufacturing Director,2,Marketing,3,17397,15,2,No,Travel_Rarely,26,4,1,2,3,3,1,12,11,20,0,No,0.2647527862884754,Low
1407,54,Male,Married,Research & Development,Laboratory Technician,2,Life Sciences,3,12682,19,0,No,Travel_Rarely,15,1,1,2,3,5,5,30,15,39,1,Yes,0.5566210204711691,Medium
1408,49,Male,Married,Sales,Manager,3,Life Sciences,1,16381,22,1,Yes,Travel_Rarely,6,3,2,2,4,5,3,37,32,32,0,No,0.5602694489311607,Medium
1409,53,Male,Married,Human Resources,Human Resources,2,Life Sciences,1,3672,12,0,No,Travel_Rarely,27,4,1,2,3,5,7,22,12,32,0,No,0.5457448562305259,Medium
1410,34,Male,Single,Sales,Sales Representative,4,Technical Degree,3,16042,17,0,No,Non-Travel,26,2,3,2,4,0,8,3,1,14,0,No,0.5116214532390313,Medium
1411,52,Male,Married,Sales,Sales Executive,4,Medical,3,10474,16,0,No,Travel_Rarely,4,2,1,1,3,3,8,15,0,31,0,No,0.49056058326540786,Medium
1412,28,Female,Married,Human Resources,Manager,3,Other,2,4335,17,2,Yes,Non-Travel,8,4,2,2,3,1,7,6,3,7,1,Yes,0.5123850239301888,Medium
1413,38,Male,Divorced,Human Resources,Human Resources,4,Life Sciences,4,4668,22,1,No,Travel_Rarely,19,1,1,1,3,0,2,21,18,22,0,No,0.5494219165107322,Medium
1414,43,Female,Married,Research & Development,Healthcare Representative,2,Medical,1,18524,14,1,Yes,Travel_Frequently,27,1,1,2,3,5,9,28,5,22,1,Yes,0.7650146588330199,High
1415,21,Female,Married,Research & Development,Manufacturing Director,3,Life Sciences,4,5772,19,0,No,Non-Travel,5,3,1,1,3,3,3,10,6,3,0,No,0.4217302703340221,Medium
1416,51,Female,Single,Research & Development,Laboratory Technician,2,Life Sciences,3,11837,17,1,No,Travel_Rarely,13,2,2,1,3,3,0,32,32,35,0,No,0.49669978571907375,Medium
1417,35,Male,Divorced,Sales,Sales Representative,4,Life Sciences,4,15829,12,2,No,Travel_Rarely,16,4,3,1,3,0,8,28,0,20,0,No,0.3005306820177796,Medium
1418,57,Male,Married,Sales,Sales Executive,2,Life Sciences,1,12230,23,0,No,Travel_Rarely,1,1,3,3,3,5,4,38,28,39,1,Yes,0.3323714460811484,Medium
1419,52,Male,Divorced,Research & Development,Healthcare Representative,3,Technical Degree,1,12220,14,2,No,Travel_Rarely,13,3,2,1,3,0,5,11,4,36,1,Yes,0.32589870358396833,Medium
1420,58,Male,Married,Research & Development,Healthcare Representative,2,Life Sciences,4,14578,15,2,Yes,Travel_Rarely,22,2,2,1,3,2,2,6,5,40,1,Yes,0.6922230691330337,High
1421,46,Female,Married,Research & Development,Laboratory Technician,4,Medical,1,6101,12,1,No,Travel_Rarely,11,2,1,2,3,5,9,38,30,30,0,No,0.5068186565250387,Medium
1422,46,Female,Married,Research & Development,Research Scientist,1,Human Resources,2,7031,20,1,No,Non-Travel,21,3,3,1,3,0,7,25,15,30,0,No,0.45471387103494243,Medium
1423,55,Male,Married,Sales,Sales Representative,3,Other,3,13578,18,0,No,Travel_Rarely,8,3,2,1,3,1,6,39,30,36,0,No,0.43137813891734206,Medium
1424,59,Male,Married,Research & Development,Laboratory Technician,2,Life Sciences,3,14524,11,2,No,Travel_Rarely,25,1,3,3,4,5,0,8,8,41,0,No,0.3338739235927637,Medium
1425,38,Male,Married,Sales,Manager,3,Human Resources,1,7168,13,1,Yes,Travel_Rarely,8,4,1,2,3,4,9,33,32,19,1,Yes,0.6172402309865542,High
1426,59,Female,Married,Research & Development,Manufacturing Director,2,Life Sciences,3,14232,24,0,No,Travel_Rarely,24,2,2,3,3,5,4,12,12,44,0,No,0.46888836077494667,Medium
1427,30,Female,Divorced,Research & Development,Healthcare Representative,1,Medical,2,9454,11,0,Yes,Travel_Rarely,28,4,3,3,3,2,9,35,9,14,1,Yes,0.6695771599532239,High
1428,58,Male,Single,Research & Development,Research Scientist,4,Technical Degree,1,12031,15,1,No,Travel_Rarely,14,2,3,3,3,0,8,24,23,38,1,Yes,0.3995126526130795,Medium
1429,34,Male,Married,Research & Development,Healthcare Representative,2,Technical Degree,2,4053,18,2,No,Travel_Rarely,13,2,1,1,3,4,5,23,9,18,1,Yes,0.46801293392496734,Medium
1430,26,Female,Single,Sales,Sales Executive,2,Technical Degree,2,10621,17,0,No,Travel_Rarely,3,4,2,3,3,2,7,16,8,6,0,No,0.2901987868235291,Low
1431,58,Male,Single,Sales,Sales Executive,1,Technical Degree,3,6645,19,1,No,Travel_Rarely,4,3,3,3,3,1,9,1,0,38,0,No,0.2881116702567691,Low
1432,18,Female,Married,Research & Development,Laboratory Technician,3,Life Sciences,3,12602,12,0,No,Travel_Rarely,27,1,1,2,3,5,0,12,12,0,0,No,0.5694292901165708,Medium
1433,19,Male,Single,Research & Development,Laboratory Technician,4,Medical,4,17188,22,1,No,Travel_Frequently,20,2,3,2,3,4,9,30,2,0,0,No,0.48806047980453837,Medium
1434,46,Male,Married,Sales,Sales Executive,2,Life Sciences,2,3901,18,0,No,Travel_Rarely,15,3,1,2,3,0,6,28,26,28,0,No,0.4473200086477503,Medium
1435,50,Male,Single,Sales,Sales Representative,2,Medical,3,6821,18,2,No,Travel_Rarely,15,2,3,2,3,0,2,27,17,33,0,No,0.3598509027673285,Medium
1436,27,Female,Single,Research & Development,Healthcare Representative,4,Life Sciences,2,1663,24,0,Yes,Travel_Rarely,27,1,3,3,3,1,8,26,19,9,0,No,0.8473878869422252,High
1437,57,Male,Single,Sales,Manager,1,Life Sciences,4,18152,16,1,No,Travel_Rarely,21,2,1,2,3,2,5,14,1,42,0,No,0.4667442541668268,Medium
1438,38,Male,Single,Research & Development,Laboratory Technician,3,Technical Degree,2,2807,13,1,No,Travel_Rarely,13,1,2,1,3,4,4,30,16,21,1,Yes,0.6209646547224296,High
1439,45,Male,Divorced,Research & Development,Healthcare Representative,4,Human Resources,1,6168,12,1,No,Travel_Rarely,9,1,1,3,3,1,7,39,27,27,0,No,0.3624961868092157,Medium
1440,28,Male,Married,Sales,Manager,3,Medical,4,12627,24,2,No,Travel_Rarely,28,2,2,2,4,2,7,14,2,13,0,No,0.4347664806358768,Medium
1441,51,Female,Divorced,Sales,Sales Executive,1,Medical,4,9455,18,1,No,Non-Travel,25,2,3,3,3,3,2,32,22,31,0,No,0.25324226970717356,Low
1442,25,Female,Single,Human Resources,Manager,1,Marketing,2,4832,16,1,Yes,Travel_Rarely,10,1,3,2,3,3,1,19,12,4,1,Yes,0.7257379728720269,High
1443,39,Male,Divorced,Research & Development,Research Scientist,4,Medical,2,17108,14,2,No,Travel_Rarely,29,3,1,3,3,2,1,11,0,23,0,No,0.26297969720748504,Low
1444,25,Female,Married,Research & Development,Manufacturing Director,2,Other,3,19269,15,1,No,Travel_Frequently,12,4,1,2,3,0,4,36,33,8,0,No,0.2667054959396217,Low
1445,32,Male,Single,Research & Development,Research Scientist,1,Life Sciences,1,8796,15,1,No,Non-Travel,14,1,2,1,3,0,9,8,0,11,0,No,0.5306713491027403,Medium
1446,34,Male,Married,Human Resources,Manager,1,Medical,4,12205,23,2,No,Travel_Rarely,1,2,2,2,3,3,6,22,4,14,0,No,0.2813480076429354,Low
1447,40,Female,Married,Human Resources,Human Resources,4,Human Resources,4,7389,19,0,No,Travel_Rarely,14,2,2,3,4,0,7,7,7,23,0,No,0.4714790646871717,Medium
1448,41,Male,Married,Research & Development,Manufacturing Director,4,Human Resources,4,18401,23,1,Yes,Travel_Rarely,14,3,1,3,3,0,9,31,2,20,1,Yes,0.5701159172651834,Medium
1449,36,Male,Married,Research & Development,Research Scientist,4,Medical,3,10711,23,0,No,Travel_Rarely,8,4,3,1,3,2,7,13,12,18,0,No,0.44115777881150237,Medium
1450,22,Male,Married,Sales,Manager,1,Life Sciences,1,19901,19,2,No,Travel_Frequently,16,1,1,3,3,5,7,26,6,7,0,No,0.2993989113757366,Low
1451,49,Female,Married,Research & Development,Research Scientist,3,Technical Degree,4,3691,18,1,Yes,Travel_Rarely,14,1,3,1,4,2,9,24,23,29,1,Yes,0.8070615786018284,High
1452,18,Male,Married,Research & Development,Research Scientist,1,Medical,4,1998,18,1,Yes,Travel_Rarely,1,4,1,3,3,0,2,12,5,0,1,Yes,0.4547506932538649,Medium
1453,40,Male,Divorced,Research & Development,Research Scientist,4,Marketing,3,13485,22,2,Yes,Travel_Rarely,16,1,1,3,4,2,1,20,12,22,0,No,0.5302082364755032,Medium
1454,54,Female,Married,Human Resources,Human Resources,2,Medical,2,9455,12,1,No,Non-Travel,18,4,2,1,3,4,3,30,28,34,0,No,0.3879790831228251,Medium
1455,25,Female,Married,Sales,Manager,2,Life Sciences,4,5720,24,0,No,Travel_Rarely,7,2,3,3,3,3,0,36,22,8,0,No,0.31615667982352214,Medium
1456,30,Female,Married,Research & Development,Laboratory Technician,4,Life Sciences,1,7488,13,0,Yes,Travel_Rarely,15,4,1,3,3,5,2,4,3,14,0,No,0.6455826042185601,High
1457,25,Male,Married,Sales,Sales Executive,2,Medical,1,14170,24,2,No,Travel_Rarely,24,1,1,1,4,4,8,12,1,6,0,No,0.5027751997887587,Medium
1458,40,Male,Married,Research & Development,Research Scientist,1,Life Sciences,1,15644,18,1,Yes,Travel_Rarely,17,4,3,2,4,4,6,27,23,21,0,No,0.5948797659905101,Medium
1459,18,Male,Single,Sales,Sales Executive,3,Life Sciences,1,9084,23,1,No,Travel_Rarely,19,3,1,1,3,0,6,24,20,2,1,Yes,0.5259257840524801,Medium
1460,41,Female,Married,Sales,Sales Executive,1,Medical,3,2016,15,2,Yes,Travel_Rarely,23,2,3,3,3,0,0,34,6,21,0,No,0.5394510970889872,Medium
1461,52,Female,Married,Sales,Sales Executive,4,Medical,4,8697,17,0,No,Travel_Rarely,13,2,2,2,3,4,6,38,32,33,1,Yes,0.47902763558585004,Medium
1462,41,Female,Married,Research & Development,Research Scientist,1,Life Sciences,3,11772,24,0,No,Non-Travel,9,4,2,2,3,4,9,6,4,25,0,No,0.3556726408155316,Medium
1463,34,Male,Married,Research & Development,Research Scientist,2,Life Sciences,1,4917,18,2,No,Travel_Rarely,24,1,3,2,3,1,6,37,27,13,0,No,0.44401837896487656,Medium
1464,22,Male,Married,Research & Development,Laboratory Technician,1,Other,1,12966,16,1,No,Travel_Frequently,24,3,2,1,3,1,3,31,28,6,0,No,0.4465110302358978,Medium
1465,37,Male,Divorced,Human Resources,Manager,3,Life Sciences,1,5388,15,0,No,Non-Travel,15,2,3,2,4,3,6,2,2,20,0,No,0.44880365812369566,Medium
1466,38,Male,Married,Research & Development,Healthcare Representative,2,Life Sciences,3,17491,18,1,No,Travel_Rarely,25,2,1,2,3,4,7,38,3,23,1,Yes,0.502665691077816,Medium
1467,57,Male,Married,Sales,Sales Executive,3,Life Sciences,1,1886,11,0,Yes,Travel_Rarely,26,1,1,2,3,2,2,36,33,41,0,No,0.8314697252668586,High
1468,48,Female,Married,Research & Development,Research Scientist,3,Technical Degree,4,16594,11,1,Yes,Travel_Rarely,3,1,3,3,3,5,9,21,4,30,1,Yes,0.6224626568019895,High
1469,53,Male,Single,Sales,Sales Representative,3,Medical,1,19261,11,0,No,Travel_Rarely,24,3,1,1,3,1,1,7,0,35,0,No,0.5287301326103323,Medium
1470,28,Male,Divorced,Human Resources,Manager,1,Life Sciences,4,18781,13,1,Yes,Travel_Rarely,1,4,2,1,3,0,6,16,4,13,1,Yes,0.5473325796638018,Medium
1471,32,Female,Married,Sales,Sales Executive,1,Life Sciences,4,19808,20,2,No,Non-Travel,16,1,1,3,3,4,4,26,5,12,0,No,0.2284537380067109,Low
1472,36,Male,Married,Human Resources,Human Resources,1,Marketing,1,3646,23,0,No,Travel_Rarely,8,4,1,2,3,2,4,32,25,18,0,No,0.3959308587384169,Medium
1473,24,Female,Married,Sales,Sales Representative,1,Marketing,3,8251,22,2,No,Non-Travel,29,3,3,3,3,5,4,16,0,3,0,No,0.24548003527875295,Low
1474,45,Female,Single,Research & Development,Laboratory Technician,2,Medical,2,10266,16,0,No,Non-Travel,23,4,2,3,4,2,6,11,3,29,0,No,0.40756312615416623,Medium
1475,22,Male,Divorced,Research & Development,Healthcare Representative,1,Life Sciences,2,9622,16,0,Yes,Travel_Rarely,13,2,1,2,3,2,8,26,6,7,1,Yes,0.7308329769423458,High
1476,22,Female,Divorced,Human Resources,Manager,2,Life Sciences,4,3892,15,0,Yes,Travel_Rarely,8,4,1,2,3,0,7,7,5,1,0,No,0.6260758094708568,High
1477,47,Male,Married,Sales,Sales Executive,3,Medical,3,2213,23,1,No,Travel_Rarely,17,3,3,1,3,1,5,22,0,27,1,Yes,0.44118746832233435,Medium
1478,49,Male,Single,Research & Development,Laboratory Technician,2,Marketing,2,17937,23,0,No,Travel_Rarely,22,3,3,2,3,2,6,28,0,31,0,No,0.496257180346997,Medium
1479,25,Male,Married,Human Resources,Manager,4,Life Sciences,1,12840,24,2,Yes,Travel_Rarely,23,3,2,3,3,5,8,19,7,10,0,No,0.655899911998315,High
1480,27,Male,Single,Research & Development,Research Scientist,1,Medical,1,16473,17,1,No,Travel_Rarely,14,4,1,3,3,1,5,15,3,8,0,No,0.2794615433266333,Low
1481,55,Male,Married,Research & Development,Healthcare Representative,4,Life Sciences,4,18616,15,1,No,Travel_Rarely,27,2,3,2,3,3,0,16,15,39,0,No,0.43583363430926947,Medium
1482,49,Male,Married,Research & Development,Healthcare Representative,2,Medical,3,15003,24,0,No,Travel_Rarely,21,1,3,1,4,0,3,15,4,30,1,Yes,0.5571387291567713,Medium
1483,45,Male,Single,Research & Development,Healthcare Representative,1,Medical,3,7529,12,1,Yes,Travel_Rarely,21,2,3,3,3,1,7,18,12,28,0,No,0.7225267631786431,High
1484,34,Male,Married,Research & Development,Manufacturing Director,4,Human Resources,2,1663,14,0,Yes,Travel_Rarely,7,4,2,2,3,1,6,7,6,14,1,Yes,0.6687629477882894,High
1485,48,Female,Married,Research & Development,Research Scientist,1,Medical,2,19839,11,2,No,Travel_Frequently,27,4,3,1,4,2,2,37,25,31,0,No,0.32121642724261507,Medium
1486,25,Female,Divorced,Human Resources,Manager,2,Medical,1,9421,17,1,Yes,Travel_Rarely,15,1,2,1,3,5,9,37,22,6,0,No,0.7902488470390531,High
1487,57,Female,Married,Sales,Sales Executive,4,Life Sciences,4,4675,14,1,No,Non-Travel,16,4,2,3,3,2,2,28,17,38,0,No,0.23664997934243934,Low
1488,42,Male,Married,Sales,Sales Executive,2,Life Sciences,3,5286,23,2,No,Travel_Rarely,19,3,1,3,3,5,2,35,30,23,0,No,0.26321857674570215,Low
1489,26,Female,Married,Human Resources,Manager,4,Life Sciences,2,19962,14,2,No,Travel_Rarely,6,3,1,1,4,0,0,25,19,9,0,No,0.2972749578919789,Low
1490,19,Female,Divorced,Research & Development,Research Scientist,3,Life Sciences,2,6524,23,0,No,Travel_Rarely,23,3,2,1,3,1,9,30,9,4,1,Yes,0.5755734844963895,Medium
1491,32,Male,Married,Research & Development,Healthcare Representative,3,Life Sciences,4,10214,14,1,Yes,Travel_Rarely,1,3,1,1,4,4,0,11,11,12,1,Yes,0.6069797095716359,High
1492,20,Male,Married,Research & Development,Research Scientist,3,Other,4,16207,13,2,No,Non-Travel,12,3,1,2,3,5,5,16,0,4,1,Yes,0.28070753662519626,Low
1493,53,Female,Single,Sales,Sales Representative,3,Medical,1,4994,18,1,No,Travel_Rarely,18,4,3,3,3,5,0,14,9,38,0,No,0.3281322337886406,Medium
1494,21,Female,Married,Sales,Manager,3,Life Sciences,4,14144,14,2,No,Travel_Frequently,16,1,1,1,3,2,4,8,8,5,0,No,0.4248906229896229,Medium
1495,31,Female,Divorced,Research & Development,Manufacturing Director,2,Life Sciences,1,9176,18,1,Yes,Travel_Frequently,12,1,2,3,3,2,3,38,2,10,0,No,0.5406882002230555,Medium
1496,58,Female,Married,Research & Development,Laboratory Technician,3,Life Sciences,1,8457,19,2,Yes,Travel_Rarely,20,3,1,3,3,3,4,11,11,37,0,No,0.5496322658964765,Medium
1497,58,Female,Single,Research & Development,Healthcare Representative,2,Life Sciences,4,4690,11,1,No,Non-Travel,13,4,3,3,3,5,6,31,18,39,0,No,0.3068397346918026,Medium
1498,42,Male,Married,Sales,Sales Executive,3,Life Sciences,4,17965,14,0,No,Non-Travel,8,2,2,1,3,0,5,24,8,22,0,No,0.38920542999112695,Medium
1499,27,Male,Single,Human Resources,Human Resources,1,Medical,4,10533,16,1,No,Travel_Rarely,27,2,1,2,3,1,8,38,15,7,0,No,0.5739510885042469,Medium
1500,38,Female,Divorced,Human Resources,Manager,3,Human Resources,4,5762,18,0,Yes,Travel_Rarely,29,4,2,1,3,1,5,17,17,20,0,No,0.7895238055067444,High
1501,53,Male,Married,Research & Development,Manufacturing Director,1,Medical,4,8091,24,0,No,Travel_Frequently,26,3,1,3,3,1,8,14,13,35,1,Yes,0.43805107333169757,Medium
1502,29,Male,Married,Research & Development,Laboratory Technician,2,Medical,1,5011,16,0,No,Travel_Rarely,22,1,3,1,3,5,3,31,28,14,0,No,0.6632380039458775,High
1503,44,Male,Married,Sales,Manager,3,Technical Degree,2,6638,22,1,No,Travel_Rarely,1,4,1,1,3,2,0,5,2,27,0,No,0.29206635099059064,Low
1504,57,Female,Divorced,Research & Development,Healthcare Representative,4,Life Sciences,3,13287,16,1,No,Travel_Rarely,26,2,2,3,3,0,0,34,33,39,0,No,0.317946259122077,Medium
1505,19,Male,Divorced,Research & Development,Manufacturing Director,2,Life Sciences,3,9426,20,0,Yes,Travel_Rarely,21,2,2,3,3,1,9,33,32,4,0,No,0.7161413571916745,High
1506,30,Female,Single,Sales,Sales Representative,3,Medical,1,3006,14,2,No,Travel_Rarely,7,2,2,1,3,5,6,37,23,14,0,No,0.48262653217929546,Medium
1507,49,Male,Divorced,Human Resources,Human Resources,2,Marketing,1,9972,19,1,Yes,Non-Travel,15,3,1,1,3,4,2,4,0,33,0,No,0.6553885346763789,High
1508,48,Male,Divorced,Research & Development,Research Scientist,4,Medical,2,16793,17,1,No,Travel_Rarely,29,2,1,1,3,3,1,17,12,33,1,Yes,0.5041610230299901,Medium
1509,33,Female,Married,Human Resources,Manager,3,Life Sciences,4,5533,24,1,No,Travel_Frequently,22,4,1,1,3,3,5,15,1,16,1,Yes,0.4916428994834741,Medium
1510,49,Male,Divorced,Research & Development,Research Scientist,4,Human Resources,1,4416,21,1,No,Non-Travel,13,4,3,2,4,1,5,7,6,28,0,No,0.24775280610800213,Low
1511,49,Male,Married,Research & Development,Research Scientist,3,Life Sciences,3,7740,16,0,No,Travel_Rarely,13,2,3,1,3,2,6,24,15,30,0,No,0.5514139237342829,Medium
1512,51,Male,Divorced,Research & Development,Healthcare Representative,1,Technical Degree,4,8804,11,2,Yes,Travel_Rarely,28,4,3,2,3,3,4,31,30,31,0,No,0.5510416093903097,Medium
1513,28,Male,Single,Human Resources,Manager,2,Human Resources,1,12341,12,2,No,Travel_Rarely,9,2,2,3,3,3,7,25,20,7,0,No,0.3233223521449993,Medium
1514,27,Male,Married,Research & Development,Laboratory Technician,4,Life Sciences,4,3920,22,2,No,Travel_Rarely,24,2,2,2,3,3,6,21,18,12,0,No,0.4826980943075094,Medium
1515,32,Male,Single,Sales,Manager,2,Technical Degree,3,19808,16,2,Yes,Travel_Frequently,15,1,2,3,3,3,1,30,24,16,1,Yes,0.5542522218701771,Medium
1516,34,Female,Divorced,Sales,Sales Representative,4,Marketing,4,17643,21,0,Yes,Travel_Rarely,4,3,2,2,3,1,0,9,5,13,0,No,0.47987554108257485,Medium
1517,57,Male,Divorced,Research & Development,Healthcare Representative,2,Human Resources,1,16203,11,1,No,Travel_Rarely,13,3,2,3,3,5,8,11,10,40,0,No,0.27750766518688,Low
1518,35,Male,Married,Research & Development,Healthcare Representative,2,Life Sciences,1,5960,21,1,Yes,Non-Travel,27,1,1,1,3,0,4,27,0,16,0,No,0.7964199267941314,High
1519,26,Male,Married,Human Resources,Human Resources,2,Human Resources,3,9107,15,0,No,Travel_Rarely,12,1,2,2,3,0,4,5,4,10,1,Yes,0.5280980341891918,Medium
1520,42,Male,Married,Sales,Sales Executive,1,Life Sciences,2,17126,11,1,No,Travel_Rarely,5,3,1,2,3,2,9,19,6,25,0,No,0.31018037752967725,Medium
1521,57,Male,Married,Research & Development,Manufacturing Director,3,Technical Degree,2,9111,23,0,No,Travel_Rarely,7,2,3,3,3,5,3,4,3,42,0,No,0.38116459531168456,Medium
1522,31,Female,Married,Research & Development,Research Scientist,1,Medical,4,6574,13,2,Yes,Non-Travel,8,2,3,3,3,4,1,22,7,10,0,No,0.4293901171446734,Medium
1523,42,Female,Married,Human Resources,Manager,2,Life Sciences,1,2182,22,0,No,Travel_Rarely,5,3,3,2,3,0,4,8,4,22,1,Yes,0.39153219985841886,Medium
1524,39,Male,Single,Research & Development,Research Scientist,4,Life Sciences,1,9633,22,1,No,Travel_Rarely,9,2,3,3,3,4,1,28,8,21,0,No,0.3484129807968383,Medium
1525,47,Female,Single,Research & Development,Research Scientist,2,Life Sciences,3,15403,22,1,Yes,Travel_Frequently,14,1,3,1,3,0,6,15,8,30,1,Yes,0.7757760827759984,High
1526,37,Male,Married,Research & Development,Healthcare Representative,3,Life Sciences,3,14265,17,1,No,Travel_Rarely,26,2,2,2,3,0,8,21,0,21,0,No,0.5041228832474293,Medium
1527,38,Female,Married,Research & Development,Laboratory Technician,1,Life Sciences,1,1844,15,2,No,Non-Travel,12,2,2,1,3,2,8,7,1,17,0,No,0.3914696993646445,Medium
1528,49,Male,Divorced,Sales,Manager,3,Life Sciences,3,19655,22,0,No,Travel_Rarely,4,4,2,2,3,3,5,19,18,31,0,No,0.2414054607445234,Low
1529,38,Male,Single,Sales,Manager,4,Life Sciences,2,12833,20,0,Yes,Travel_Frequently,20,4,3,1,3,2,0,13,13,20,0,No,0.7196172705457514,High
1530,52,Male,Single,Research & Development,Manufacturing Director,3,Medical,2,5576,11,1,No,Travel_Rarely,29,4,3,2,3,0,5,38,19,31,1,Yes,0.46535630432619834,Medium
1531,49,Male,Married,Research & Development,Research Scientist,1,Medical,4,4824,11,0,Yes,Travel_Rarely,8,2,1,3,3,5,4,36,28,30,0,No,0.6723293570284022,High
1532,47,Female,Married,Human Resources,Manager,4,Technical Degree,3,17639,18,1,Yes,Travel_Frequently,17,3,2,2,3,3,3,33,5,26,0,No,0.6208536262994819,High
1533,56,Male,Married,Human Resources,Manager,3,Medical,4,3438,21,0,No,Travel_Rarely,8,1,3,1,3,5,5,10,0,40,0,No,0.6300048616926099,High
1534,29,Male,Married,Research & Development,Manufacturing Director,1,Life Sciences,3,10191,24,2,No,Travel_Rarely,21,2,3,2,3,5,5,39,24,14,0,No,0.4035399519015155,Medium
1535,58,Female,Married,Research & Development,Manufacturing Director,1,Medical,3,10127,23,2,Yes,Travel_Rarely,29,3,3,1,3,5,5,32,3,38,1,Yes,0.714930067798119,High
1536,35,Male,Married,Human Resources,Manager,2,Marketing,2,12639,19,0,Yes,Travel_Rarely,27,2,1,1,3,3,1,30,29,19,1,Yes,0.8404769408153594,High
1537,38,Female,Single,Research & Development,Manufacturing Director,3,Life Sciences,1,3616,17,2,Yes,Travel_Rarely,1,1,3,1,3,5,6,33,19,23,0,No,0.7649907018380534,High
1538,30,Male,Married,Sales,Sales Representative,4,Medical,3,6939,23,2,Yes,Travel_Rarely,20,2,1,3,3,3,3,6,2,12,0,No,0.5884693515491375,Medium
1539,38,Male,Single,Research & Development,Healthcare Representative,2,Medical,3,5031,13,2,Yes,Travel_Rarely,2,1,1,2,3,4,8,22,22,18,0,No,0.6970910999626774,High
1540,25,Male,Single,Sales,Sales Representative,3,Other,3,13000,22,1,Yes,Non-Travel,4,2,2,1,3,0,9,6,2,8,1,Yes,0.6990321313627272,High
1541,57,Male,Single,Human Resources,Human Resources,3,Medical,1,7626,16,0,No,Travel_Rarely,24,1,3,3,3,1,1,24,17,39,0,No,0.5593771811912533,Medium
1542,24,Male,Single,Research & Development,Laboratory Technician,4,Marketing,4,4160,13,0,No,Travel_Rarely,21,2,1,1,3,5,4,2,1,5,0,No,0.6814756537412016,High
1543,40,Female,Divorced,Sales,Sales Representative,2,Life Sciences,4,6589,20,1,No,Travel_Rarely,1,1,3,2,4,2,3,37,35,19,0,No,0.2739903834944743,Low
1544,49,Female,Single,Research & Development,Manufacturing Director,2,Marketing,3,8063,14,1,No,Travel_Rarely,7,4,2,3,3,4,8,19,7,32,0,No,0.32812335648100327,Medium
1545,28,Female,Single,Research & Development,Research Scientist,4,Life Sciences,3,8628,22,2,Yes,Non-Travel,1,2,2,1,3,2,3,33,16,12,1,Yes,0.6455059646020204,High
1546,39,Female,Divorced,Research & Development,Manufacturing Director,2,Medical,4,16832,14,0,No,Travel_Rarely,9,2,1,1,3,1,7,29,4,19,0,No,0.4376410123448978,Medium
1547,39,Female,Married,Sales,Manager,1,Medical,4,14256,13,1,No,Travel_Rarely,3,3,2,1,3,3,7,16,12,22,0,No,0.3521500320220811,Medium
1548,42,Male,Married,Research & Development,Research Scientist,4,Human Resources,2,5582,20,2,No,Travel_Rarely,12,3,2,2,4,1,5,9,8,23,0,No,0.3196996970071658,Medium
1549,39,Female,Married,Research & Development,Laboratory Technician,3,Life Sciences,3,16348,16,0,No,Travel_Rarely,19,1,2,3,3,2,5,34,32,18,0,No,0.43516803004496657,Medium
1550,45,Male,Married,Research & Development,Manufacturing Director,4,Life Sciences,4,4500,15,2,No,Travel_Rarely,15,2,3,3,4,1,7,19,12,28,0,No,0.34188360725752887,Medium
1551,46,Female,Married,Research & Development,Research Scientist,1,Marketing,2,1715,21,0,No,Travel_Rarely,22,1,3,3,3,0,9,17,3,30,0,No,0.5528719799608705,Medium
1552,30,Female,Single,Research & Development,Healthcare Representative,4,Medical,1,16737,19,2,Yes,Travel_Rarely,16,4,1,1,3,1,8,26,21,10,0,No,0.6756642828427218,High
1553,35,Male,Divorced,Research & Development,Research Scientist,3,Life Sciences,3,8006,19,0,No,Travel_Rarely,10,3,1,3,3,5,4,35,25,18,0,No,0.3282836040413293,Medium
1554,19,Male,Single,Research & Development,Manufacturing Director,3,Life Sciences,4,6242,13,0,No,Travel_Rarely,22,1,2,1,3,0,0,22,13,0,1,Yes,0.648898599165951,High
1555,46,Female,Single,Research & Development,Healthcare Representative,4,Life Sciences,3,6764,23,0,No,Travel_Rarely,29,1,2,2,3,5,0,31,2,30,0,No,0.6695758235796093,High
1556,38,Male,Married,Research & Development,Manufacturing Director,4,Medical,2,18727,19,0,No,Travel_Rarely,27,3,1,3,3,1,1,9,4,21,0,No,0.3917776545643863,Medium
1557,32,Male,Married,Sales,Sales Executive,1,Technical Degree,4,19240,23,2,Yes,Non-Travel,27,2,2,1,3,0,9,10,6,12,0,No,0.65791592072961,High
1558,44,Male,Married,Sales,Manager,1,Life Sciences,1,7860,22,1,No,Travel_Frequently,6,1,1,3,3,0,9,37,32,23,0,No,0.3057140425939666,Medium
1559,48,Male,Divorced,Research & Development,Research Scientist,3,Human Resources,1,13135,13,0,No,Non-Travel,29,3,3,3,4,1,4,5,4,29,0,No,0.3270339264931771,Medium
1560,32,Male,Divorced,Research & Development,Healthcare Representative,2,Medical,2,8874,14,0,No,Travel_Rarely,17,2,2,2,3,4,3,33,11,13,0,No,0.42936845031880166,Medium
1561,40,Male,Divorced,Research & Development,Manufacturing Director,2,Life Sciences,1,13127,11,0,No,Travel_Rarely,21,4,2,3,3,3,0,35,10,22,1,Yes,0.27504260597643676,Low
1562,41,Male,Single,Sales,Sales Executive,2,Medical,1,4326,15,0,Yes,Non-Travel,28,3,2,2,3,3,3,36,23,24,0,No,0.775701041756935,High
1563,30,Female,Divorced,Sales,Manager,2,Medical,1,13221,22,2,No,Travel_Frequently,22,1,3,3,3,3,3,16,7,10,0,No,0.23489255879651474,Low
1564,39,Male,Married,Sales,Manager,3,Life Sciences,1,12356,19,1,No,Travel_Rarely,24,4,3,3,3,0,9,39,31,22,0,No,0.3212138681026837,Medium
1565,54,Male,Single,Research & Development,Manufacturing Director,2,Marketing,1,11399,12,1,No,Non-Travel,29,2,2,3,3,3,3,39,37,33,0,No,0.4058463561618168,Medium
1566,50,Male,Married,Research & Development,Laboratory Technician,2,Marketing,1,15872,14,1,No,Travel_Rarely,17,2,1,3,4,0,0,11,11,32,0,No,0.2974041263632537,Low
1567,20,Male,Married,Research & Development,Manufacturing Director,4,Life Sciences,1,17557,20,2,No,Travel_Rarely,21,3,3,3,4,4,8,20,1,0,0,No,0.2815828387312254,Low
1568,36,Female,Single,Research & Development,Healthcare Representative,2,Life Sciences,4,8069,12,1,No,Travel_Frequently,19,3,2,3,3,1,2,39,18,19,0,No,0.3530683965259501,Medium
1569,40,Female,Married,Human Resources,Human Resources,4,Life Sciences,1,16513,24,2,Yes,Travel_Rarely,18,3,2,2,3,1,3,18,13,20,1,Yes,0.5822315784615997,Medium
1570,46,Male,Divorced,Sales,Sales Executive,3,Technical Degree,4,4066,18,2,No,Travel_Rarely,11,2,3,2,3,0,4,2,0,25,0,No,0.2517087909625711,Low
1571,47,Male,Single,Research & Development,Laboratory Technician,4,Life Sciences,3,5437,19,0,No,Non-Travel,24,4,1,1,3,0,6,17,9,29,0,No,0.5755114916710531,Medium
1572,56,Female,Married,Research & Development,Laboratory Technician,1,Technical Degree,2,1411,13,2,No,Travel_Rarely,7,2,2,3,3,4,5,18,15,36,0,No,0.2758360542086228,Low
1573,42,Male,Married,Research & Development,Laboratory Technician,4,Medical,1,9614,23,1,No,Travel_Rarely,10,1,1,2,3,3,4,5,5,21,1,Yes,0.4217531248772953,Medium
1574,54,Male,Married,Research & Development,Manufacturing Director,2,Marketing,2,16770,19,1,No,Travel_Frequently,7,2,1,3,4,4,7,15,3,35,0,No,0.2851929525939981,Low
1575,25,Male,Single,Research & Development,Manufacturing Director,4,Medical,1,1876,16,1,Yes,Travel_Rarely,5,1,3,3,3,1,0,7,2,5,1,Yes,0.6396268693643273,High
1576,59,Female,Married,Human Resources,Manager,4,Life Sciences,4,14788,16,0,No,Travel_Frequently,12,4,2,2,3,1,6,17,10,41,0,No,0.38519908594851743,Medium
1577,33,Male,Married,Sales,Sales Executive,3,Human Resources,1,16164,17,0,No,Travel_Frequently,16,3,2,3,3,5,5,38,15,18,0,No,0.34916740426733206,Medium
1578,25,Male,Divorced,Human Resources,Human Resources,3,Marketing,3,9219,22,0,No,Travel_Rarely,29,3,1,2,3,3,4,11,10,9,0,No,0.5202922859339372,Medium
1579,18,Male,Divorced,Research & Development,Manufacturing Director,2,Medical,2,1373,15,2,Yes,Non-Travel,25,2,3,2,4,1,6,9,3,2,1,Yes,0.6424300334523381,High
1580,22,Male,Divorced,Sales,Sales Executive,1,Medical,2,16375,16,1,No,Travel_Rarely,21,3,3,1,3,5,2,6,0,2,1,Yes,0.32835958425541334,Medium
1581,20,Male,Single,Research & Development,Manufacturing Director,1,Medical,3,7580,21,2,No,Travel_Rarely,18,4,3,1,3,0,0,0,0,0,0,No,0.331022726061386,Medium
1582,18,Male,Single,Human Resources,Manager,4,Life Sciences,4,17972,11,2,Yes,Travel_Rarely,3,3,1,1,3,1,8,35,18,0,1,Yes,0.6796542706922077,High
1583,21,Female,Married,Research & Development,Manufacturing Director,1,Medical,4,15026,13,1,No,Non-Travel,20,2,1,1,3,2,1,20,20,4,0,No,0.42164026434285085,Medium
1584,57,Male,Married,Sales,Manager,3,Life Sciences,3,7477,22,0,No,Travel_Rarely,15,4,2,3,3,3,9,36,21,41,0,No,0.3773219285962922,Medium
1585,52,Male,Divorced,Research & Development,Manufacturing Director,2,Other,2,5159,19,1,Yes,Travel_Rarely,5,1,3,3,3,5,2,23,8,35,0,No,0.5648535525271685,Medium
1586,49,Male,Divorced,Sales,Sales Executive,2,Medical,1,14074,22,2,No,Non-Travel,13,2,1,1,3,3,7,24,8,33,0,No,0.31874331250228916,Medium
1587,59,Female,Married,Sales,Manager,3,Life Sciences,4,5146,15,2,No,Travel_Rarely,19,1,3,2,3,3,9,6,0,39,0,No,0.44003127230478295,Medium
1588,51,Male,Single,Sales,Manager,2,Medical,1,13245,15,0,No,Non-Travel,12,4,1,2,3,2,8,16,16,33,0,No,0.38535679934856043,Medium
1589,42,Male,Divorced,Sales,Manager,4,Life Sciences,2,17845,18,2,Yes,Travel_Rarely,23,2,2,2,3,4,2,28,11,24,1,Yes,0.5689581136972319,Medium
1590,27,Female,Single,Sales,Sales Representative,2,Life Sciences,1,13162,21,2,Yes,Travel_Rarely,21,2,3,2,3,0,5,29,24,12,1,Yes,0.6798304348656584,High
1591,38,Male,Single,Sales,Manager,1,Medical,3,14842,21,1,Yes,Travel_Rarely,5,4,1,3,3,3,6,6,4,22,0,No,0.514137048406764,Medium
1592,56,Female,Divorced,Research & Development,Manufacturing Director,2,Medical,4,2390,23,0,Yes,Non-Travel,6,3,3,2,3,1,0,32,7,40,0,No,0.5594848055929795,Medium
1593,44,Male,Married,Sales,Manager,2,Other,4,9163,12,1,Yes,Travel_Rarely,7,2,1,2,4,0,6,6,1,23,0,No,0.6138051460964807,High
1594,44,Male,Single,Sales,Sales Executive,3,Other,3,2476,23,1,No,Travel_Rarely,26,2,1,1,3,1,3,23,0,24,0,No,0.5894191517876654,Medium
1595,19,Male,Married,Research & Development,Laboratory Technician,3,Life Sciences,3,14448,17,1,No,Travel_Rarely,10,1,1,2,3,0,4,10,0,0,0,No,0.39528912802225885,Medium
1596,58,Male,Single,Research & Development,Laboratory Technician,1,Medical,4,18273,19,2,No,Travel_Rarely,16,3,3,3,3,0,7,8,5,43,1,Yes,0.287249444675645,Low
1597,30,Female,Married,Research & Development,Manufacturing Director,3,Technical Degree,4,13015,17,2,No,Travel_Rarely,8,1,1,2,3,5,3,11,8,13,0,No,0.3590160002502775,Medium
1598,26,Male,Single,Sales,Manager,1,Life Sciences,4,4158,22,0,Yes,Non-Travel,9,1,2,2,3,1,3,34,4,5,1,Yes,0.7095922452986448,High
1599,53,Male,Divorced,Sales,Sales Executive,4,Marketing,2,8901,15,2,No,Travel_Rarely,27,3,3,3,4,1,7,3,2,34,0,No,0.26882101936257274,Low
1600,39,Female,Married,Sales,Manager,1,Technical Degree,2,17145,23,0,No,Travel_Frequently,4,3,2,1,4,0,4,35,15,21,0,No,0.3359078198417479,Medium
1601,59,Female,Married,Sales,Sales Executive,2,Medical,2,2177,16,1,Yes,Travel_Frequently,21,4,2,3,3,3,5,27,17,41,1,Yes,0.5768177012511251,Medium
1602,43,Male,Single,Sales,Manager,1,Life Sciences,1,13365,14,1,No,Travel_Rarely,21,3,3,1,3,1,4,12,0,23,0,No,0.4469418493389251,Medium
1603,29,Male,Single,Sales,Sales Executive,4,Human Resources,2,4138,24,2,No,Travel_Rarely,8,2,1,2,4,2,0,22,17,14,0,No,0.3639122217835003,Medium
1604,34,Male,Married,Sales,Sales Representative,2,Technical Degree,4,16041,22,2,No,Travel_Rarely,25,3,2,1,3,2,6,18,0,13,1,Yes,0.3701539769699438,Medium
1605,31,Female,Married,Sales,Manager,1,Marketing,2,3535,17,0,No,Travel_Rarely,7,4,3,1,4,0,5,36,18,12,0,No,0.38745884639282907,Medium
1606,31,Female,Single,Research & Development,Research Scientist,3,Life Sciences,4,12068,11,2,No,Travel_Rarely,15,4,1,1,3,4,1,38,7,13,0,No,0.37989335638090604,Medium
1607,51,Male,Married,Sales,Sales Executive,3,Technical Degree,3,4525,14,2,No,Travel_Rarely,21,4,3,2,3,0,6,23,2,30,0,No,0.293714741329044,Low
1608,37,Male,Divorced,Research & Development,Manufacturing Director,3,Life Sciences,1,11395,13,2,No,Travel_Frequently,3,3,3,1,3,0,5,15,9,18,0,No,0.23644241942414737,Low
1609,28,Male,Married,Research & Development,Research Scientist,1,Life Sciences,1,4564,23,1,No,Travel_Rarely,17,3,3,1,3,3,4,32,24,12,0,No,0.4695535564590027,Medium
1610,33,Male,Single,Research & Development,Manufacturing Director,1,Medical,3,17021,14,2,No,Travel_Rarely,11,1,1,2,3,3,7,11,9,13,0,No,0.39899061688914983,Medium
1611,48,Female,Married,Sales,Manager,4,Other,4,15166,11,2,No,Travel_Frequently,9,1,2,3,3,5,4,33,4,31,0,No,0.2697362007300807,Low
1612,23,Male,Married,Research & Development,Healthcare Representative,2,Technical Degree,1,6120,22,1,No,Travel_Frequently,5,2,2,3,3,4,1,6,6,5,0,No,0.2647827251029473,Low
1613,36,Male,Single,Research & Development,Healthcare Representative,2,Marketing,2,7761,23,1,No,Travel_Rarely,25,1,3,3,4,4,5,10,7,18,0,No,0.5069852438801222,Medium
1614,54,Male,Married,Sales,Sales Executive,2,Medical,4,17838,12,1,No,Travel_Rarely,10,2,3,2,3,4,0,30,18,35,0,No,0.2902192579191084,Low
1615,21,Male,Married,Research & Development,Research Scientist,2,Life Sciences,1,7373,22,1,No,Travel_Rarely,15,4,1,2,3,4,4,28,17,4,0,No,0.3582520018211612,Medium
1616,21,Male,Divorced,Human Resources,Human Resources,1,Technical Degree,3,4635,21,2,Yes,Non-Travel,28,1,3,3,3,4,5,12,1,5,1,Yes,0.6374263345689736,High
1617,37,Female,Married,Sales,Sales Representative,1,Medical,4,4884,23,2,No,Travel_Rarely,29,3,3,1,3,0,6,30,20,16,0,No,0.4170076107054623,Medium
1618,27,Female,Single,Sales,Manager,4,Technical Degree,1,6506,19,2,No,Travel_Rarely,14,1,3,3,3,0,1,1,0,7,0,No,0.31186522887921725,Medium
1619,41,Male,Married,Research & Development,Manufacturing Director,2,Medical,3,16988,17,0,No,Travel_Rarely,4,2,2,2,3,5,0,38,32,20,0,No,0.33516362255749105,Medium
1620,52,Female,Single,Research & Development,Laboratory Technician,1,Marketing,4,12538,23,1,Yes,Travel_Rarely,21,1,3,1,3,2,5,14,14,33,0,No,0.8108683698095426,High
1621,43,Female,Single,Sales,Sales Representative,1,Technical Degree,2,17654,16,2,No,Travel_Rarely,20,4,2,1,3,2,2,10,1,25,0,No,0.33030153856234995,Medium
1622,54,Male,Married,Sales,Sales Executive,1,Life Sciences,4,14391,12,2,No,Travel_Rarely,2,3,1,2,3,5,4,33,15,38,0,No,0.2379264177249523,Low
1623,55,Male,Divorced,Research & Development,Manufacturing Director,1,Life Sciences,2,5034,11,2,No,Travel_Frequently,12,2,1,1,3,5,1,38,15,37,0,No,0.3401832718104895,Medium
1624,38,Male,Divorced,Research & Development,Healthcare Representative,2,Life Sciences,4,11467,12,1,No,Non-Travel,1,3,2,3,3,1,0,3,2,17,0,No,0.136468361776878,Low
1625,57,Male,Single,Research & Development,Healthcare Representative,2,Human Resources,3,14853,17,1,No,Travel_Rarely,24,3,2,2,4,0,0,10,5,41,0,No,0.42116149863681457,Medium
1626,56,Female,Married,Research & Development,Laboratory Technician,1,Marketing,2,5184,12,1,No,Travel_Rarely,20,2,2,2,4,4,3,28,8,41,0,No,0.4788441596912757,Medium
1627,38,Male,Single,Research & Development,Laboratory Technician,3,Marketing,2,10183,13,2,No,Travel_Rarely,5,3,2,2,4,1,9,1,0,18,0,No,0.33168300204889317,Medium
1628,27,Female,Single,Research & Development,Manufacturing Director,4,Life Sciences,4,4452,18,1,Yes,Travel_Frequently,6,3,3,2,4,3,1,15,13,8,0,No,0.6254235138731847,High
1629,55,Female,Divorced,Sales,Manager,2,Marketing,1,11734,17,2,No,Travel_Rarely,24,1,2,1,3,0,0,38,24,35,0,No,0.3662926248020603,Medium
1630,21,Male,Divorced,Sales,Manager,2,Medical,2,1702,22,0,Yes,Non-Travel,11,3,2,2,3,5,5,12,5,2,0,No,0.609663724617804,High
1631,37,Female,Single,Research & Development,Research Scientist,3,Life Sciences,4,9356,21,1,No,Travel_Rarely,8,3,2,2,3,2,3,36,21,17,1,Yes,0.3646324161912926,Medium
1632,34,Male,Single,Research & Development,Laboratory Technician,2,Other,3,12789,21,1,Yes,Travel_Rarely,7,3,3,1,3,0,9,16,15,19,0,No,0.7378439833390948,High
1633,24,Male,Single,Research & Development,Healthcare Representative,3,Life Sciences,4,19205,24,2,Yes,Travel_Rarely,4,3,3,2,4,5,6,20,19,3,0,No,0.5329999565425247,Medium
1634,21,Female,Married,Research & Development,Healthcare Representative,3,Life Sciences,4,14850,21,1,Yes,Non-Travel,6,2,3,1,4,0,5,18,15,4,0,No,0.6397421227261051,High
1635,46,Male,Divorced,Sales,Sales Executive,1,Life Sciences,2,15263,19,1,Yes,Non-Travel,16,4,1,1,3,0,4,6,3,30,1,Yes,0.5376399289668256,Medium
1636,31,Male,Single,Research & Development,Manufacturing Director,2,Life Sciences,1,15030,22,2,No,Travel_Rarely,20,1,3,2,3,0,9,37,16,12,0,No,0.46260425567614544,Medium
1637,20,Female,Married,Research & Development,Manufacturing Director,4,Medical,3,14377,14,2,No,Travel_Rarely,15,3,2,3,3,3,1,7,4,0,0,No,0.2219543398146168,Low
1638,41,Female,Single,Sales,Sales Representative,3,Life Sciences,2,6733,17,2,No,Travel_Rarely,14,3,3,2,3,2,4,12,10,23,0,No,0.34041321688879916,Medium
1639,54,Male,Single,Sales,Sales Executive,4,Technical Degree,2,2416,11,0,Yes,Travel_Rarely,23,2,3,3,3,0,8,36,24,36,1,Yes,0.7960279859341242,High
1640,33,Male,Divorced,Research & Development,Healthcare Representative,1,Life Sciences,2,9041,21,2,Yes,Travel_Rarely,12,4,2,1,3,5,8,1,0,13,1,Yes,0.5641078623341268,Medium
1641,21,Male,Divorced,Sales,Sales Executive,2,Medical,3,15581,21,1,Yes,Non-Travel,29,3,3,3,4,3,1,10,7,3,1,Yes,0.47709463109756794,Medium
1642,41,Female,Single,Sales,Sales Executive,1,Medical,1,18803,12,0,Yes,Travel_Rarely,12,2,1,2,3,1,6,23,23,24,1,Yes,0.7313972450253405,High
1643,51,Male,Single,Sales,Manager,1,Marketing,3,8403,17,2,No,Travel_Rarely,16,1,3,2,4,0,9,5,4,32,0,No,0.4344265388721035,Medium
1644,47,Female,Single,Sales,Sales Representative,4,Life Sciences,3,17944,12,0,Yes,Travel_Rarely,15,1,1,3,3,3,3,25,11,27,0,No,0.7162369798422867,High
1645,35,Female,Married,Sales,Sales Executive,4,Other,1,12595,16,0,No,Travel_Rarely,29,3,1,2,3,4,2,6,0,16,0,No,0.4838156656791131,Medium
1646,36,Female,Single,Research & Development,Manufacturing Director,3,Medical,3,13935,23,1,Yes,Travel_Rarely,13,3,1,3,3,1,0,38,2,17,0,No,0.5689625126957787,Medium
1647,48,Female,Married,Research & Development,Healthcare Representative,2,Life Sciences,4,2006,20,0,Yes,Travel_Rarely,11,4,2,1,4,2,2,18,2,33,1,Yes,0.73669262525138,High
1648,36,Female,Married,Research & Development,Manufacturing Director,1,Medical,3,15399,22,2,No,Travel_Rarely,17,4,3,3,3,0,8,5,0,15,0,No,0.1998679219597176,Low
1649,36,Male,Single,Research & Development,Research Scientist,3,Medical,2,7108,19,0,No,Travel_Rarely,21,3,1,3,4,0,8,28,24,18,0,No,0.5046829373530639,Medium
1650,39,Male,Married,Research & Development,Laboratory Technician,3,Technical Degree,3,14518,21,0,Yes,Travel_Rarely,15,2,1,3,3,3,6,38,21,23,0,No,0.7070864352832544,High
1651,41,Female,Single,Sales,Sales Representative,1,Life Sciences,2,6499,15,1,Yes,Travel_Rarely,14,4,3,3,3,2,2,1,1,22,0,No,0.5294310374308562,Medium
1652,29,Female,Divorced,Research & Development,Research Scientist,1,Life Sciences,3,6625,20,1,No,Travel_Rarely,10,3,2,1,3,4,2,18,11,12,0,No,0.3551282320773548,Medium
1653,47,Female,Married,Research & Development,Healthcare Representative,3,Life Sciences,2,16967,17,2,Yes,Non-Travel,12,4,2,1,3,1,3,3,0,32,0,No,0.5354392749969553,Medium
1654,55,Male,Divorced,Research & Development,Manufacturing Director,1,Life Sciences,2,3257,23,1,Yes,Travel_Rarely,16,3,1,1,3,5,6,5,0,38,1,Yes,0.7208325536720849,High
1655,48,Female,Single,Research & Development,Manufacturing Director,1,Marketing,2,18241,11,2,No,Travel_Rarely,15,1,2,3,3,2,6,36,17,32,0,No,0.3647754045998904,Medium
1656,53,Male,Married,Sales,Sales Executive,4,Medical,1,11757,18,2,No,Travel_Rarely,10,3,3,1,3,0,1,27,17,35,0,No,0.2918284527890087,Low
1657,36,Female,Single,Sales,Manager,2,Life Sciences,3,11523,19,1,No,Travel_Rarely,4,1,2,2,3,3,4,29,28,18,0,No,0.407031084609773,Medium
1658,53,Male,Divorced,Research & Development,Manufacturing Director,3,Life Sciences,3,9704,23,0,No,Travel_Frequently,27,4,3,1,4,4,6,6,6,33,1,Yes,0.46234011970036554,Medium
1659,47,Female,Married,Research & Development,Research Scientist,1,Life Sciences,4,9079,15,1,No,Travel_Frequently,23,3,1,3,3,3,6,8,3,27,1,Yes,0.3373595744436101,Medium
1660,50,Male,Married,Research & Development,Manufacturing Director,3,Marketing,4,9903,16,0,No,Travel_Rarely,29,4,3,2,4,1,5,24,12,30,0,No,0.4629062133640769,Medium
1661,35,Female,Single,Research & Development,Healthcare Representative,2,Technical Degree,4,17707,23,0,No,Travel_Frequently,9,1,1,3,3,2,9,32,16,17,0,No,0.4535139582452641,Medium
1662,45,Male,Divorced,Human Resources,Manager,3,Life Sciences,3,16132,21,2,No,Travel_Frequently,21,3,3,2,3,3,9,0,0,26,0,No,0.30580236796426935,Medium
1663,28,Female,Divorced,Research & Development,Research Scientist,3,Life Sciences,1,3385,18,2,Yes,Travel_Rarely,20,4,3,3,3,5,7,5,1,7,0,No,0.49245606279878334,Medium
1664,50,Female,Divorced,Sales,Sales Executive,3,Medical,2,5387,14,1,No,Non-Travel,9,1,2,3,3,5,2,17,13,34,0,No,0.2770686597015173,Low
1665,34,Female,Divorced,Sales,Sales Executive,4,Human Resources,3,12191,12,0,No,Travel_Rarely,21,4,3,2,3,3,0,9,2,19,0,No,0.3397092809547726,Medium
1666,23,Female,Divorced,Sales,Manager,2,Medical,1,1583,20,1,No,Travel_Rarely,25,2,1,1,3,0,2,27,4,7,0,No,0.4880601942143534,Medium
1667,21,Male,Married,Sales,Sales Executive,2,Life Sciences,1,14339,18,2,No,Non-Travel,24,1,3,2,3,3,1,10,2,5,0,No,0.3352001250280347,Medium
1668,37,Male,Single,Sales,Manager,3,Life Sciences,3,9958,12,0,No,Travel_Rarely,20,1,1,2,3,4,1,32,22,17,0,No,0.5603379673961656,Medium
1669,44,Female,Single,Sales,Sales Executive,3,Medical,2,6679,15,1,Yes,Non-Travel,11,1,1,2,3,2,1,0,0,23,1,Yes,0.6680399421946882,High
1670,32,Male,Married,Sales,Sales Representative,2,Medical,1,7576,23,1,No,Travel_Rarely,11,3,3,2,3,1,4,12,6,15,0,No,0.3199864889985245,Medium
1671,23,Female,Married,Sales,Manager,1,Life Sciences,3,13725,16,2,Yes,Non-Travel,7,3,2,2,3,5,0,36,29,5,0,No,0.41953761486645014,Medium
1672,31,Female,Married,Research & Development,Manufacturing Director,4,Life Sciences,2,7126,15,2,No,Travel_Rarely,21,3,3,3,4,3,9,19,17,14,0,No,0.34977927905280853,Medium
1673,28,Male,Single,Sales,Manager,2,Medical,4,8846,16,2,Yes,Travel_Rarely,10,2,3,3,3,4,3,0,0,8,0,No,0.5321328025430591,Medium
1674,56,Male,Married,Research & Development,Laboratory Technician,3,Life Sciences,1,17596,16,2,No,Travel_Rarely,4,2,2,1,3,5,9,2,0,37,0,No,0.37337100767905274,Medium
1675,26,Male,Single,Research & Development,Research Scientist,1,Medical,1,15540,13,1,Yes,Travel_Rarely,5,1,1,1,3,5,4,17,9,11,0,No,0.7759950419126589,High
1676,43,Male,Married,Human Resources,Manager,1,Life Sciences,3,19385,21,2,No,Travel_Rarely,5,2,3,2,3,1,1,13,8,28,0,No,0.25627955393493107,Low
1677,33,Female,Married,Sales,Sales Executive,1,Marketing,3,19636,21,2,No,Travel_Rarely,11,4,2,1,3,5,4,30,12,13,0,No,0.24617018861330806,Low
1678,22,Female,Single,Research & Development,Research Scientist,4,Life Sciences,2,9507,13,1,Yes,Travel_Rarely,9,1,2,1,3,4,9,26,15,1,1,Yes,0.8179604553983976,High
1679,27,Male,Divorced,Human Resources,Human Resources,4,Human Resources,4,19080,19,1,No,Travel_Rarely,28,1,1,2,4,5,3,16,8,12,0,No,0.5097563215276387,Medium
1680,20,Male,Married,Research & Development,Research Scientist,2,Life Sciences,4,5118,13,0,No,Non-Travel,16,4,2,3,3,5,7,28,1,0,0,No,0.33368565333816386,Medium
1681,30,Female,Divorced,Research & Development,Research Scientist,2,Life Sciences,3,19253,13,1,Yes,Non-Travel,9,1,1,3,3,3,0,35,21,14,1,Yes,0.4826104553079361,Medium
1682,47,Male,Single,Sales,Sales Representative,2,Technical Degree,3,18115,21,0,No,Travel_Rarely,22,2,3,1,3,3,4,36,16,28,1,Yes,0.5630318462980014,Medium
1683,23,Male,Single,Sales,Manager,2,Technical Degree,2,14530,24,2,Yes,Travel_Rarely,4,3,2,3,3,2,9,25,22,4,1,Yes,0.4856735453803724,Medium
1684,34,Male,Single,Research & Development,Laboratory Technician,3,Life Sciences,3,9729,12,0,No,Non-Travel,2,4,3,3,3,0,0,16,3,16,0,No,0.2342443359108389,Low
1685,36,Female,Single,Human Resources,Human Resources,4,Human Resources,2,5902,17,0,No,Non-Travel,14,2,2,1,3,4,9,21,16,18,0,No,0.6569775277583182,High
1686,59,Male,Single,Research & Development,Manufacturing Director,1,Life Sciences,2,17736,20,2,No,Travel_Rarely,3,4,2,2,3,0,9,24,8,43,0,No,0.26471131479552057,Low
1687,52,Male,Single,Research & Development,Healthcare Representative,3,Medical,4,9409,20,2,No,Travel_Rarely,18,4,3,1,3,0,3,1,1,33,0,No,0.3753775486428595,Medium
1688,43,Female,Divorced,Sales,Manager,2,Life Sciences,2,15615,14,2,Yes,Travel_Rarely,21,1,2,1,3,5,7,21,1,27,0,No,0.7148505795830833,High
1689,22,Male,Divorced,Research & Development,Laboratory Technician,2,Life Sciences,4,11148,11,0,Yes,Travel_Rarely,6,1,3,1,3,1,0,4,1,3,0,No,0.687523175248525,High
1690,46,Female,Divorced,Sales,Sales Executive,3,Medical,4,18312,16,1,No,Non-Travel,11,2,3,2,3,1,1,3,0,25,0,No,0.2061652344626281,Low
1691,54,Male,Divorced,Sales,Sales Executive,1,Medical,4,3053,15,1,No,Travel_Rarely,21,4,1,2,3,5,0,35,21,34,0,No,0.2895129784286447,Low
1692,37,Male,Married,Research & Development,Manufacturing Director,4,Medical,3,17811,24,1,No,Travel_Rarely,18,1,3,2,3,4,6,5,2,19,1,Yes,0.46059389027693937,Medium
1693,38,Male,Married,Research & Development,Research Scientist,4,Medical,4,19142,21,2,No,Travel_Rarely,12,1,1,2,3,0,1,20,12,17,0,No,0.29896523627836236,Low
1694,27,Male,Single,Sales,Sales Executive,1,Other,2,18492,12,2,No,Travel_Rarely,5,4,3,1,3,2,0,12,7,12,0,No,0.25023344662927866,Low
1695,22,Male,Single,Sales,Sales Representative,4,Life Sciences,3,4401,16,1,No,Travel_Rarely,9,2,2,3,3,0,5,36,0,2,1,Yes,0.3584958844792617,Medium
1696,53,Male,Married,Research & Development,Research Scientist,2,Life Sciences,2,11681,11,2,No,Travel_Rarely,20,2,3,1,3,1,5,24,16,35,0,No,0.4364285305142742,Medium
1697,23,Male,Divorced,Sales,Sales Executive,2,Marketing,3,15453,13,0,No,Travel_Rarely,28,4,2,2,3,0,9,25,11,8,0,No,0.4205758848653477,Medium
1698,43,Male,Divorced,Research & Development,Laboratory Technician,2,Life Sciences,2,7793,14,0,No,Travel_Rarely,26,2,1,3,3,3,1,38,3,27,0,No,0.42931201806557767,Medium
1699,21,Female,Divorced,Sales,Sales Executive,2,Medical,1,18938,23,2,Yes,Travel_Rarely,18,1,2,1,3,3,0,19,12,6,1,Yes,0.619916524428354,High
1700,56,Female,Single,Research & Development,Manufacturing Director,1,Medical,1,2079,13,1,No,Travel_Rarely,19,4,3,3,3,2,9,32,30,35,0,No,0.3780417300473395,Medium
1701,56,Female,Married,Research & Development,Laboratory Technician,4,Life Sciences,1,2859,23,1,No,Travel_Rarely,3,1,2,2,3,4,2,13,12,39,0,No,0.4211149667677719,Medium
1702,52,Male,Married,Sales,Sales Executive,4,Human Resources,2,13399,16,0,No,Travel_Rarely,9,3,1,3,3,0,9,35,6,37,0,No,0.3708997717823727,Medium
1703,18,Female,Divorced,Sales,Sales Executive,3,Life Sciences,3,3948,21,2,Yes,Travel_Rarely,4,3,2,3,3,3,4,16,4,1,0,No,0.41014875486442365,Medium
1704,41,Male,Divorced,Sales,Sales Representative,1,Life Sciences,4,11104,14,1,No,Travel_Frequently,17,2,2,2,3,4,5,20,4,23,0,No,0.3290934614808447,Medium
1705,53,Male,Married,Sales,Manager,4,Life Sciences,4,17310,24,1,No,Non-Travel,17,3,3,3,3,3,2,15,0,32,0,No,0.21083664114881037,Low
1706,23,Male,Single,Human Resources,Manager,4,Life Sciences,2,8203,11,2,No,Non-Travel,23,1,3,1,3,4,8,15,13,8,0,No,0.624986136596329,High
1707,58,Female,Single,Sales,Manager,3,Life Sciences,2,6860,15,2,Yes,Travel_Rarely,23,3,2,3,3,4,4,19,8,38,0,No,0.6094729166519179,High
1708,48,Female,Married,Research & Development,Laboratory Technician,2,Marketing,2,17387,15,1,Yes,Travel_Rarely,2,1,1,1,3,3,1,28,5,33,0,No,0.6934238869888071,High
1709,37,Female,Divorced,Sales,Sales Executive,4,Marketing,2,1687,19,2,No,Travel_Rarely,9,2,2,3,3,5,9,27,24,17,1,Yes,0.27045551972296233,Low
1710,41,Male,Single,Research & Development,Laboratory Technician,2,Technical Degree,4,1997,18,2,No,Travel_Rarely,9,2,1,3,4,1,5,7,2,20,0,No,0.3199727177806208,Medium
1711,42,Female,Single,Research & Development,Laboratory Technician,3,Life Sciences,3,2511,18,2,No,Travel_Rarely,5,1,1,2,3,4,7,23,15,25,0,No,0.47235466426572575,Medium
1712,53,Male,Married,Research & Development,Manufacturing Director,4,Life Sciences,4,19182,15,1,No,Travel_Rarely,15,3,1,2,3,5,5,2,0,32,0,No,0.35304370900237114,Medium
1713,38,Male,Divorced,Research & Development,Laboratory Technician,2,Other,2,17207,18,0,Yes,Non-Travel,15,2,2,1,3,0,3,24,1,21,1,Yes,0.6763932390571004,High
1714,47,Male,Married,Research & Development,Healthcare Representative,1,Life Sciences,1,18818,24,2,No,Travel_Rarely,3,4,1,2,3,5,5,18,9,30,0,No,0.21029375812524032,Low
1715,41,Male,Married,Sales,Manager,2,Other,4,16876,20,1,Yes,Non-Travel,19,2,2,2,3,3,7,32,15,25,1,Yes,0.6560885975689942,High
1716,59,Male,Married,Human Resources,Manager,2,Technical Degree,1,15275,17,0,No,Non-Travel,28,3,1,2,4,5,7,1,0,43,1,Yes,0.530641733117185,Medium
1717,47,Female,Single,Research & Development,Healthcare Representative,2,Human Resources,1,7663,11,1,No,Travel_Rarely,3,4,1,2,4,1,9,14,14,27,1,Yes,0.3543956821275483,Medium
1718,39,Male,Single,Human Resources,Manager,2,Life Sciences,2,3449,22,1,No,Travel_Rarely,6,3,2,2,3,3,1,21,12,21,0,No,0.39432357695608966,Medium
1719,45,Male,Divorced,Sales,Sales Executive,1,Life Sciences,4,11243,17,1,No,Non-Travel,4,1,3,1,3,2,7,9,7,26,0,No,0.3289985072392023,Medium
1720,24,Male,Divorced,Research & Development,Laboratory Technician,3,Medical,3,8376,21,0,No,Travel_Rarely,24,4,3,1,3,0,5,17,10,3,1,Yes,0.4361302623645131,Medium
1721,52,Female,Married,Human Resources,Human Resources,2,Marketing,4,14499,18,1,No,Travel_Rarely,13,3,2,2,3,2,1,21,17,35,0,No,0.3434592968233078,Medium
1722,45,Male,Married,Sales,Manager,2,Life Sciences,3,3603,13,0,Yes,Travel_Rarely,27,4,2,2,3,5,0,26,23,24,0,No,0.695571582799831,High
1723,31,Male,Divorced,Sales,Manager,4,Technical Degree,3,19829,19,2,No,Travel_Rarely,13,3,3,1,3,4,5,12,3,13,0,No,0.27382294876693625,Low
1724,27,Male,Married,Research & Development,Manufacturing Director,4,Life Sciences,2,6526,18,0,No,Travel_Rarely,27,4,3,3,3,5,6,32,25,9,0,No,0.44554733042571454,Medium
1725,33,Female,Single,Research & Development,Healthcare Representative,1,Medical,3,10228,12,1,Yes,Travel_Rarely,11,3,3,1,3,4,9,4,1,14,0,No,0.7530579436469893,High
1726,33,Male,Married,Research & Development,Healthcare Representative,1,Technical Degree,4,7319,16,0,No,Travel_Rarely,5,1,2,3,3,2,4,25,0,18,0,No,0.4086851195051866,Medium
1727,48,Male,Married,Sales,Manager,1,Life Sciences,4,4548,14,1,No,Travel_Rarely,1,4,1,2,4,2,9,12,12,29,0,No,0.28705434272451547,Low
1728,59,Male,Married,Research & Development,Laboratory Technician,4,Life Sciences,1,15753,13,2,No,Non-Travel,9,4,2,2,3,4,7,26,4,42,0,No,0.24411158506963207,Low
1729,42,Male,Divorced,Sales,Sales Representative,2,Life Sciences,3,19634,21,0,No,Travel_Rarely,17,4,3,1,4,1,8,13,12,26,0,No,0.38084570247037147,Medium
1730,30,Male,Divorced,Sales,Sales Representative,4,Life Sciences,2,7387,16,2,No,Travel_Rarely,22,4,1,2,3,0,3,23,0,15,0,No,0.27776894626904847,Low
1731,23,Female,Single,Sales,Sales Executive,3,Life Sciences,2,10374,20,0,Yes,Travel_Rarely,1,1,2,3,3,3,6,2,2,4,0,No,0.6781828328150445,High
1732,26,Female,Married,Research & Development,Laboratory Technician,1,Life Sciences,4,12431,23,1,Yes,Travel_Rarely,3,4,3,3,3,2,7,29,7,10,0,No,0.47235074174056607,Medium
1733,53,Female,Married,Research & Development,Research Scientist,1,Life Sciences,3,5920,19,0,No,Travel_Rarely,15,2,2,1,3,0,5,34,2,38,0,No,0.5740809339279933,Medium
1734,37,Female,Married,Research & Development,Healthcare Representative,1,Technical Degree,2,1412,12,2,No,Non-Travel,26,1,1,3,3,3,1,13,2,21,0,No,0.3726785800332532,Medium
1735,35,Male,Married,Research & Development,Research Scientist,3,Human Resources,3,14189,20,0,Yes,Travel_Rarely,21,2,3,1,4,5,6,11,6,18,0,No,0.8211668855601512,High
1736,38,Female,Married,Research & Development,Laboratory Technician,2,Life Sciences,3,5172,20,2,No,Travel_Rarely,26,4,2,1,4,3,8,27,3,18,0,No,0.44042461696081414,Medium
1737,21,Female,Divorced,Research & Development,Research Scientist,2,Life Sciences,1,17480,20,2,No,Non-Travel,23,3,1,3,3,2,4,28,2,5,0,No,0.20793655352094348,Low
1738,50,Female,Married,Research & Development,Manufacturing Director,2,Life Sciences,2,15345,15,1,No,Travel_Rarely,10,2,1,3,3,1,1,16,14,33,0,No,0.28189817875795853,Low
1739,44,Male,Divorced,Research & Development,Laboratory Technician,1,Marketing,1,6479,16,0,Yes,Travel_Rarely,8,4,2,3,3,1,3,39,39,25,0,No,0.49262047869458053,Medium
1740,24,Male,Single,Research & Development,Laboratory Technician,2,Medical,2,15962,14,2,No,Travel_Rarely,12,2,1,3,3,0,2,20,2,3,0,No,0.2591396387912471,Low
1741,23,Female,Married,Research & Development,Research Scientist,4,Other,3,7285,17,1,No,Travel_Rarely,25,4,3,3,3,5,3,22,6,4,0,No,0.3354648599110827,Medium
1742,32,Female,Married,Sales,Sales Representative,1,Life Sciences,2,6748,12,1,No,Travel_Rarely,22,4,1,3,3,0,9,19,17,14,0,No,0.32664672167735154,Medium
1743,35,Male,Divorced,Research & Development,Laboratory Technician,3,Marketing,4,7532,17,1,No,Non-Travel,15,4,2,3,3,4,6,10,10,16,0,No,0.22453616955599237,Low
1744,49,Female,Married,Research & Development,Research Scientist,3,Medical,3,16002,12,2,No,Travel_Rarely,27,3,3,2,3,1,9,33,0,29,0,No,0.37863679341489276,Medium
1745,28,Female,Single,Sales,Sales Representative,2,Human Resources,2,13882,11,0,No,Non-Travel,9,2,1,1,3,0,7,9,9,11,0,No,0.5058533391167519,Medium
1746,37,Male,Married,Research & Development,Laboratory Technician,1,Medical,1,14428,21,2,Yes,Travel_Rarely,24,1,1,1,3,4,0,9,8,21,1,Yes,0.7377338498711852,High
1747,41,Male,Married,Research & Development,Healthcare Representative,4,Medical,1,15466,15,1,No,Travel_Rarely,25,1,3,3,3,5,7,5,2,23,0,No,0.4639310651342019,Medium
1748,32,Male,Divorced,Research & Development,Laboratory Technician,4,Medical,3,3073,12,2,No,Travel_Rarely,10,1,3,1,4,3,4,35,2,15,1,Yes,0.42728121079029713,Medium
1749,24,Male,Married,Human Resources,Human Resources,1,Technical Degree,1,6324,18,2,No,Travel_Rarely,20,1,1,3,3,0,6,23,3,7,0,No,0.40130184645732886,Medium
1750,38,Female,Divorced,Research & Development,Laboratory Technician,2,Life Sciences,3,11575,22,1,Yes,Travel_Rarely,9,4,3,2,4,4,0,11,10,22,0,No,0.4838262035196709,Medium
1751,59,Male,Divorced,Sales,Sales Representative,3,Life Sciences,3,1326,22,0,Yes,Travel_Rarely,15,2,2,1,4,1,1,22,14,44,1,Yes,0.7570097213026332,High
1752,43,Female,Single,Human Resources,Manager,3,Medical,3,18895,22,1,No,Travel_Rarely,23,2,1,1,4,3,0,26,0,24,0,No,0.5413281405741521,Medium
1753,31,Female,Married,Research & Development,Manufacturing Director,4,Life Sciences,2,7139,18,1,No,Travel_Rarely,21,3,2,2,3,0,4,36,25,10,0,No,0.39981011748309053,Medium
1754,54,Male,Married,Sales,Sales Representative,4,Medical,3,8428,11,2,No,Travel_Rarely,21,2,1,2,3,1,5,5,3,39,0,No,0.41654934273636857,Medium
1755,38,Male,Divorced,Sales,Sales Executive,4,Other,1,3051,14,1,No,Travel_Rarely,1,2,2,2,4,3,9,0,0,20,0,No,0.3432310627089542,Medium
1756,35,Female,Single,Research & Development,Healthcare Representative,3,Medical,4,5607,24,2,No,Travel_Frequently,2,2,2,1,3,2,8,5,0,19,0,No,0.43780172928888406,Medium
1757,22,Male,Single,Research & Development,Healthcare Representative,4,Marketing,2,11223,19,1,No,Travel_Frequently,26,3,3,1,3,1,7,21,19,2,1,Yes,0.5408880767181073,Medium
1758,20,Female,Single,Research & Development,Manufacturing Director,3,Medical,1,1127,15,1,No,Travel_Rarely,19,1,1,2,4,2,6,23,12,0,0,No,0.5859561010344919,Medium
1759,40,Male,Married,Research & Development,Research Scientist,3,Technical Degree,3,1718,22,0,No,Travel_Rarely,14,2,3,2,3,5,4,24,0,19,0,No,0.49021748212290267,Medium
1760,43,Male,Single,Research & Development,Healthcare Representative,2,Other,3,16866,21,1,No,Travel_Rarely,8,3,3,2,4,0,2,14,4,22,0,No,0.29384575659092094,Low
1761,54,Male,Married,Sales,Sales Representative,2,Medical,4,13610,20,0,Yes,Travel_Frequently,6,3,1,2,3,4,8,25,4,35,0,No,0.6371178256544155,High
1762,41,Male,Divorced,Sales,Sales Representative,2,Medical,1,4259,23,1,No,Travel_Rarely,12,4,2,2,4,0,4,7,5,21,0,No,0.24367155462424434,Low
1763,36,Male,Married,Sales,Sales Representative,4,Life Sciences,2,9070,16,1,No,Travel_Rarely,26,3,1,3,3,1,2,23,22,18,0,No,0.3469740717967239,Medium
1764,42,Female,Married,Research & Development,Manufacturing Director,3,Life Sciences,1,9618,13,1,Yes,Non-Travel,27,1,1,2,3,2,2,37,13,26,1,Yes,0.757745803664195,High
1765,38,Male,Divorced,Sales,Sales Representative,4,Life Sciences,3,3612,15,0,Yes,Travel_Rarely,29,2,1,3,3,2,2,5,3,17,0,No,0.6930509950976996,High
1766,29,Female,Married,Research & Development,Research Scientist,3,Life Sciences,2,13055,24,2,No,Travel_Rarely,15,3,3,1,4,3,5,34,18,8,0,No,0.34725947585501926,Medium
1767,58,Female,Single,Research & Development,Manufacturing Director,2,Marketing,3,18494,22,0,Yes,Travel_Rarely,14,1,1,1,3,0,0,0,0,37,0,No,0.7783099909676034,High
1768,50,Female,Married,Research & Development,Healthcare Representative,2,Medical,3,8866,23,1,Yes,Travel_Frequently,21,3,1,3,4,0,3,35,3,34,0,No,0.6011072097074438,High
1769,21,Male,Married,Sales,Sales Executive,4,Life Sciences,1,12629,23,2,No,Non-Travel,29,3,1,2,3,1,7,11,2,3,0,No,0.34835047059536595,Medium
1770,59,Female,Single,Research & Development,Research Scientist,3,Other,4,9186,23,1,No,Travel_Rarely,1,3,2,1,3,2,2,37,30,39,0,No,0.3838727652836275,Medium
1771,24,Male,Married,Sales,Sales Executive,4,Medical,3,19654,11,0,No,Non-Travel,28,3,2,2,3,1,4,10,8,9,0,No,0.4310651483540352,Medium
1772,39,Male,Divorced,Research & Development,Research Scientist,1,Medical,1,12835,18,0,Yes,Non-Travel,11,3,2,2,4,1,1,11,4,21,0,No,0.535054068921238,Medium
1773,50,Female,Married,Sales,Sales Executive,4,Marketing,2,14899,21,2,Yes,Travel_Rarely,28,1,2,3,3,5,1,38,12,34,1,Yes,0.6463300891570212,High
1774,34,Male,Married,Research & Development,Laboratory Technician,2,Medical,4,17901,16,0,No,Non-Travel,25,2,3,1,3,2,6,6,5,16,0,No,0.5297430899555956,Medium
1775,41,Female,Married,Research & Development,Healthcare Representative,3,Life Sciences,3,19772,22,1,No,Travel_Frequently,3,2,3,1,3,1,9,10,6,22,0,No,0.36797316839527194,Medium
1776,51,Female,Divorced,Sales,Sales Executive,3,Technical Degree,3,14839,12,2,No,Travel_Rarely,19,2,1,3,3,2,2,35,9,36,0,No,0.24693822880181082,Low
1777,45,Male,Divorced,Sales,Sales Executive,4,Life Sciences,2,10493,14,1,No,Travel_Rarely,18,2,3,2,3,1,4,30,15,29,0,No,0.36792808317272546,Medium
1778,58,Male,Married,Research & Development,Laboratory Technician,2,Medical,1,6504,14,2,No,Non-Travel,20,1,2,2,3,4,2,32,30,43,0,No,0.40703846027577445,Medium
1779,56,Female,Married,Research & Development,Healthcare Representative,1,Life Sciences,3,12276,19,2,Yes,Travel_Rarely,28,4,1,1,3,1,5,12,4,41,0,No,0.6967932611101549,High
1780,39,Male,Married,Research & Development,Manufacturing Director,4,Medical,2,8407,19,1,No,Non-Travel,2,4,1,3,3,1,9,17,5,18,0,No,0.21475641506387394,Low
1781,34,Female,Single,Research & Development,Healthcare Representative,3,Life Sciences,3,7752,15,0,Yes,Travel_Rarely,29,1,2,3,3,4,2,23,1,14,0,No,0.8109931070395411,High
1782,51,Male,Single,Research & Development,Healthcare Representative,2,Marketing,1,6180,22,1,No,Travel_Rarely,25,1,2,2,3,0,7,8,2,36,1,Yes,0.6152024471080367,High
1783,23,Male,Single,Sales,Sales Representative,3,Life Sciences,4,17014,13,0,No,Non-Travel,28,3,2,2,3,2,1,30,17,4,0,No,0.4364205363283882,Medium
1784,23,Male,Married,Sales,Manager,3,Human Resources,1,17717,11,0,No,Travel_Rarely,26,3,3,3,3,3,2,9,2,4,0,No,0.34827239229764023,Medium
1785,51,Male,Single,Sales,Sales Executive,3,Technical Degree,1,14013,16,1,Yes,Travel_Rarely,7,3,1,1,3,4,7,1,0,35,0,No,0.7307417936920279,High
1786,18,Male,Single,Human Resources,Manager,3,Life Sciences,1,11971,18,2,Yes,Travel_Rarely,8,2,2,2,3,0,7,37,31,1,1,Yes,0.6807101667619534,High
1787,27,Male,Single,Research & Development,Laboratory Technician,1,Life Sciences,2,11784,11,1,No,Travel_Rarely,19,3,1,3,3,1,0,14,5,6,0,No,0.3106709187658943,Medium
1788,38,Male,Married,Research & Development,Healthcare Representative,2,Marketing,3,4566,21,2,Yes,Travel_Rarely,22,4,1,3,4,5,7,2,0,18,0,No,0.5677788082414437,Medium
1789,22,Female,Married,Research & Development,Healthcare Representative,4,Life Sciences,4,4596,11,0,No,Travel_Rarely,15,2,3,3,3,0,9,30,1,2,0,No,0.4572339393534118,Medium
1790,19,Female,Single,Human Resources,Human Resources,2,Life Sciences,2,17544,21,2,Yes,Travel_Rarely,10,3,1,1,3,4,1,5,5,0,0,No,0.6432045820915968,High
1791,39,Male,Divorced,Sales,Manager,2,Life Sciences,1,1963,17,1,No,Travel_Rarely,22,2,2,2,3,5,6,2,2,23,0,No,0.44956015067310884,Medium
1792,19,Female,Married,Research & Development,Laboratory Technician,2,Medical,4,14803,17,2,No,Travel_Rarely,29,4,2,2,3,1,5,10,10,0,0,No,0.3212193930586505,Medium
1793,27,Female,Single,Research & Development,Laboratory Technician,4,Life Sciences,1,1696,12,0,No,Non-Travel,1,3,1,2,3,0,1,14,0,12,0,No,0.4056214062851501,Medium
1794,51,Male,Single,Research & Development,Laboratory Technician,2,Life Sciences,1,9510,13,0,No,Travel_Rarely,6,4,1,1,3,3,4,27,22,36,0,No,0.49899895852455917,Medium
1795,33,Male,Married,Sales,Sales Representative,4,Medical,1,16147,12,2,Yes,Travel_Rarely,13,4,3,2,3,2,6,9,2,17,1,Yes,0.5197424574223123,Medium
1796,56,Male,Single,Research & Development,Laboratory Technician,4,Life Sciences,4,10703,16,0,Yes,Non-Travel,14,4,2,2,3,2,7,37,7,36,0,No,0.6957445376892247,High
1797,39,Male,Single,Human Resources,Human Resources,1,Life Sciences,3,4136,23,0,No,Travel_Rarely,3,3,2,2,3,4,2,6,5,24,0,No,0.46126459854522506,Medium
1798,29,Male,Married,Research & Development,Research Scientist,3,Human Resources,1,13769,23,2,No,Travel_Rarely,11,1,1,2,3,1,0,14,3,11,0,No,0.3204024754770167,Medium
1799,41,Male,Married,Research & Development,Laboratory Technician,4,Medical,3,12568,18,0,No,Travel_Rarely,3,3,1,1,3,1,6,17,10,23,0,No,0.45223663530151115,Medium
1800,57,Male,Married,Human Resources,Manager,3,Life Sciences,4,15805,18,2,Yes,Travel_Rarely,19,4,1,3,3,2,4,17,7,36,1,Yes,0.49093278003898094,Medium
1801,55,Female,Married,Research & Development,Research Scientist,2,Life Sciences,4,4404,11,2,Yes,Travel_Rarely,10,3,2,3,3,0,4,23,8,35,0,No,0.48966405497626586,Medium
1802,27,Male,Divorced,Sales,Manager,3,Medical,1,1854,21,0,Yes,Non-Travel,27,4,1,2,3,1,6,1,1,11,1,Yes,0.6870205253937776,High
1803,52,Female,Single,Research & Development,Research Scientist,3,Life Sciences,3,2173,19,2,No,Travel_Rarely,15,1,3,2,3,3,0,39,1,35,1,Yes,0.4523101689052253,Medium
1804,49,Female,Single,Research & Development,Laboratory Technician,3,Other,3,13963,21,0,Yes,Non-Travel,11,2,3,2,3,3,7,19,15,32,1,Yes,0.7404696521987465,High
1805,24,Male,Divorced,Research & Development,Manufacturing Director,2,Marketing,1,6913,18,0,No,Travel_Rarely,15,1,1,1,3,1,9,33,30,7,0,No,0.5975112627672104,Medium
1806,38,Female,Married,Research & Development,Laboratory Technician,2,Other,2,14740,19,0,Yes,Travel_Rarely,26,1,3,2,3,1,4,25,5,20,1,Yes,0.7890157794454482,High
1807,37,Male,Married,Human Resources,Manager,4,Technical Degree,2,1363,23,1,No,Travel_Rarely,27,2,3,1,3,2,7,6,4,21,0,No,0.655106343688729,High
1808,43,Female,Single,Human Resources,Human Resources,4,Medical,4,19265,24,0,No,Travel_Rarely,24,3,3,2,3,4,9,37,20,26,0,No,0.5900861118806359,Medium
1809,21,Male,Single,Research & Development,Laboratory Technician,1,Medical,4,19417,23,2,No,Travel_Rarely,13,2,3,2,3,2,9,29,25,1,0,No,0.35220339200212625,Medium
1810,39,Male,Single,Sales,Sales Executive,2,Technical Degree,2,3826,19,2,No,Non-Travel,5,3,3,3,4,4,4,4,2,19,0,No,0.20479997885297088,Low
1811,32,Female,Married,Human Resources,Manager,1,Medical,2,4841,21,2,No,Non-Travel,4,3,2,2,3,3,6,10,2,15,0,No,0.27191152299731836,Low
1812,57,Female,Single,Research & Development,Research Scientist,2,Life Sciences,2,13476,22,1,No,Travel_Rarely,13,4,1,1,4,4,9,0,0,38,1,Yes,0.46911081649174213,Medium
1813,38,Male,Married,Sales,Manager,3,Medical,1,9266,16,1,No,Travel_Rarely,9,4,3,3,3,2,2,33,27,21,0,No,0.21940140095909377,Low
1814,32,Female,Married,Human Resources,Human Resources,1,Life Sciences,1,14116,13,2,No,Travel_Frequently,25,2,1,1,3,1,1,0,0,13,0,No,0.4182272606011099,Medium
1815,39,Female,Single,Research & Development,Manufacturing Director,1,Marketing,1,13467,11,2,No,Travel_Rarely,17,1,3,3,3,4,5,18,7,18,0,No,0.35000289604409673,Medium
1816,45,Male,Single,Research & Development,Laboratory Technician,1,Marketing,1,11722,21,1,Yes,Travel_Rarely,2,2,2,1,3,2,4,1,1,24,0,No,0.6832015195925498,High
1817,31,Male,Married,Research & Development,Research Scientist,2,Other,1,3590,18,2,No,Travel_Rarely,24,3,2,3,3,3,8,20,15,11,0,No,0.3415641754074329,Medium
1818,44,Male,Single,Research & Development,Manufacturing Director,4,Medical,1,10591,20,0,Yes,Travel_Rarely,5,4,3,1,3,5,9,19,11,28,0,No,0.7790980945814414,High
1819,58,Male,Single,Sales,Manager,1,Technical Degree,4,19879,13,0,Yes,Travel_Rarely,16,2,3,1,3,4,3,22,4,40,0,No,0.771313641856473,High
1820,57,Female,Single,Sales,Manager,4,Life Sciences,3,9427,23,2,No,Travel_Rarely,7,2,3,2,3,3,2,20,18,41,0,No,0.3377034369729056,Medium
1821,45,Female,Married,Research & Development,Healthcare Representative,2,Life Sciences,4,19836,17,0,No,Travel_Rarely,1,4,2,3,3,3,8,23,17,25,0,No,0.23944398179888582,Low
1822,43,Female,Married,Sales,Manager,1,Human Resources,3,15428,23,2,No,Travel_Rarely,28,4,2,3,4,0,7,3,0,23,0,No,0.23221110479493037,Low
1823,19,Female,Single,Sales,Sales Representative,2,Marketing,4,12823,20,1,No,Travel_Rarely,26,4,1,2,4,5,5,11,1,3,0,No,0.4455498301067424,Medium
1824,42,Male,Married,Research & Development,Laboratory Technician,4,Medical,4,2045,16,2,No,Travel_Frequently,12,3,2,1,3,4,0,21,19,24,1,Yes,0.3610114466366879,Medium
1825,20,Male,Divorced,Research & Development,Laboratory Technician,4,Life Sciences,1,11033,13,1,No,Travel_Rarely,21,4,3,1,4,2,9,19,11,0,0,No,0.4096980014654342,Medium
1826,25,Female,Married,Human Resources,Human Resources,1,Marketing,1,11941,16,0,Yes,Travel_Rarely,11,1,1,3,4,4,0,17,1,10,0,No,0.703264421121162,High
1827,50,Female,Single,Sales,Sales Representative,4,Technical Degree,3,8444,22,0,Yes,Travel_Rarely,12,2,2,1,3,4,5,0,0,35,0,No,0.8308603667831262,High
1828,59,Male,Married,Sales,Manager,3,Life Sciences,3,2557,13,0,No,Travel_Rarely,19,4,2,3,3,5,2,29,9,41,0,No,0.36161312542305146,Medium
1829,52,Male,Married,Research & Development,Manufacturing Director,3,Marketing,1,6074,23,2,Yes,Travel_Rarely,26,4,3,3,3,3,2,32,0,32,0,No,0.5268111056153951,Medium
1830,23,Female,Divorced,Research & Development,Manufacturing Director,1,Life Sciences,4,4416,23,1,Yes,Travel_Rarely,12,3,1,1,3,3,5,23,3,8,0,No,0.6928358940703343,High
1831,56,Male,Divorced,Sales,Sales Executive,2,Life Sciences,3,1648,24,1,No,Travel_Rarely,12,3,2,1,3,3,2,13,8,35,0,No,0.3379796931963866,Medium
1832,40,Male,Married,Research & Development,Laboratory Technician,2,Marketing,2,1181,19,0,No,Travel_Rarely,14,2,2,1,3,3,9,35,11,21,1,Yes,0.615420385869647,High
1833,42,Female,Married,Sales,Sales Representative,2,Life Sciences,2,6675,23,0,No,Travel_Rarely,2,1,3,2,3,5,5,4,0,22,0,No,0.4158103026439489,Medium
1834,36,Female,Divorced,Sales,Sales Executive,3,Life Sciences,2,5363,11,1,No,Travel_Rarely,2,2,1,3,3,2,4,10,3,17,1,Yes,0.2371387590507268,Low
1835,22,Female,Divorced,Research & Development,Research Scientist,4,Technical Degree,3,11118,23,2,No,Travel_Rarely,25,4,1,1,3,1,3,23,8,5,0,No,0.3481021257344463,Medium
1836,28,Female,Married,Research & Development,Research Scientist,3,Marketing,1,3895,18,0,Yes,Travel_Frequently,29,1,1,2,3,0,7,30,30,13,0,No,0.8568222120076265,High
1837,29,Male,Single,Human Resources,Human Resources,4,Life Sciences,1,3173,15,2,Yes,Travel_Rarely,4,1,1,1,3,3,1,12,11,9,1,Yes,0.7480166669088378,High
1838,27,Female,Single,Research & Development,Manufacturing Director,3,Other,1,4954,14,0,No,Non-Travel,20,1,3,3,4,3,6,15,5,6,0,No,0.5059418552558224,Medium
1839,25,Male,Married,Research & Development,Laboratory Technician,2,Life Sciences,3,11410,11,0,No,Travel_Rarely,23,1,2,2,3,0,3,23,0,7,0,No,0.5391956003826082,Medium
1840,41,Female,Married,Research & Development,Laboratory Technician,2,Other,3,8755,19,2,No,Travel_Rarely,26,2,2,3,3,3,1,12,9,20,0,No,0.305972846177133,Medium
1841,45,Male,Divorced,Sales,Sales Representative,2,Marketing,2,12984,23,2,Yes,Travel_Rarely,16,3,1,1,4,1,6,23,13,26,0,No,0.5771741745710519,Medium
1842,58,Female,Divorced,Research & Development,Manufacturing Director,1,Life Sciences,3,19983,19,2,No,Travel_Frequently,10,3,1,1,4,4,0,25,21,40,0,No,0.22522445818442302,Low
1843,53,Female,Single,Sales,Sales Representative,1,Life Sciences,2,8763,23,2,No,Travel_Rarely,13,4,1,1,3,0,3,1,0,32,0,No,0.3105464173339633,Medium
1844,54,Male,Married,Human Resources,Human Resources,4,Life Sciences,2,16605,15,1,No,Travel_Rarely,2,3,2,2,3,2,8,15,12,33,0,No,0.32132941420486194,Medium
1845,38,Female,Single,Sales,Sales Representative,1,Life Sciences,1,6194,24,1,No,Non-Travel,3,3,2,2,4,0,3,37,17,17,0,No,0.2593405555140857,Low
1846,25,Male,Married,Research & Development,Laboratory Technician,3,Medical,3,2102,21,0,No,Non-Travel,19,3,1,2,3,1,2,0,0,9,1,Yes,0.44730534644025255,Medium
1847,26,Male,Married,Sales,Manager,3,Life Sciences,1,4889,19,0,No,Travel_Rarely,6,3,3,2,3,5,9,10,5,8,0,No,0.42595878682385063,Medium
1848,32,Male,Single,Human Resources,Human Resources,4,Life Sciences,1,11695,20,0,No,Non-Travel,19,4,2,1,3,2,9,34,17,11,1,Yes,0.5484277077322185,Medium
1849,57,Female,Single,Research & Development,Research Scientist,4,Marketing,3,11780,24,1,No,Travel_Rarely,27,2,2,1,3,4,1,28,19,42,0,No,0.6151255094820395,High
1850,35,Female,Single,Research & Development,Research Scientist,2,Life Sciences,3,11689,19,2,No,Travel_Rarely,21,1,1,1,3,3,2,36,15,20,0,No,0.5556848449872901,Medium
1851,59,Male,Single,Sales,Sales Representative,1,Medical,4,3794,17,0,No,Travel_Rarely,20,3,3,2,3,0,0,16,14,38,0,No,0.4298664575029215,Medium
1852,37,Male,Divorced,Research & Development,Research Scientist,2,Life Sciences,2,15808,18,1,No,Travel_Rarely,19,2,1,2,4,2,9,38,7,18,0,No,0.39817031447329393,Medium
1853,23,Female,Single,Sales,Sales Executive,1,Marketing,4,17289,11,0,No,Travel_Rarely,8,3,1,1,3,0,7,27,12,2,0,No,0.4481478301679014,Medium
1854,29,Male,Single,Research & Development,Healthcare Representative,1,Medical,2,7548,14,1,Yes,Travel_Rarely,14,3,3,1,3,4,0,28,22,14,0,No,0.7389428320776846,High
1855,19,Female,Single,Sales,Sales Representative,4,Technical Degree,2,18967,20,2,No,Travel_Rarely,10,1,3,2,3,0,2,2,2,0,0,No,0.3162057259432397,Medium
1856,24,Female,Divorced,Sales,Manager,2,Life Sciences,2,17025,20,1,No,Non-Travel,3,1,3,3,4,2,2,9,8,7,0,No,0.18132221048979552,Low
1857,33,Female,Married,Sales,Sales Representative,2,Life Sciences,1,15739,14,2,No,Non-Travel,6,1,2,1,3,1,1,13,6,15,1,Yes,0.28576262544648673,Low
1858,20,Male,Single,Research & Development,Healthcare Representative,1,Life Sciences,1,11574,22,0,No,Travel_Rarely,29,3,1,1,3,5,4,11,0,3,0,No,0.6421881077179341,High
1859,20,Male,Married,Research & Development,Manufacturing Director,1,Life Sciences,3,9069,19,2,No,Travel_Rarely,15,3,2,1,4,2,9,29,17,4,0,No,0.42342825708146964,Medium
1860,44,Female,Single,Sales,Manager,4,Life Sciences,2,4999,13,1,Yes,Travel_Rarely,23,3,3,2,3,0,2,31,31,25,0,No,0.7127951068435072,High
1861,57,Male,Married,Research & Development,Research Scientist,3,Medical,2,18582,22,0,No,Non-Travel,23,1,2,1,3,4,2,31,21,40,0,No,0.5568299119159964,Medium
1862,55,Male,Married,Research & Development,Research Scientist,2,Medical,2,5104,20,0,No,Travel_Rarely,18,4,3,1,4,3,7,31,22,39,0,No,0.5362169237472053,Medium
1863,50,Male,Single,Research & Development,Laboratory Technician,2,Technical Degree,1,15558,20,1,No,Travel_Rarely,14,2,3,1,4,3,3,25,18,30,0,No,0.4705283311362552,Medium
1864,45,Female,Divorced,Research & Development,Healthcare Representative,4,Medical,3,19268,11,2,No,Travel_Rarely,19,4,1,1,3,4,3,0,0,27,0,No,0.2963623857434688,Low
1865,18,Female,Married,Research & Development,Healthcare Representative,4,Medical,1,10988,21,1,No,Travel_Frequently,28,3,1,1,4,0,2,1,0,0,1,Yes,0.477916520024109,Medium
1866,25,Male,Married,Research & Development,Manufacturing Director,2,Other,4,6417,15,2,No,Travel_Rarely,26,3,1,3,3,5,0,16,12,8,0,No,0.314513878280729,Medium
1867,54,Female,Single,Sales,Sales Representative,2,Medical,4,14946,17,2,Yes,Travel_Frequently,10,4,2,3,3,4,7,29,14,37,1,Yes,0.471777329650792,Medium
1868,49,Male,Divorced,Sales,Sales Executive,1,Medical,4,3842,22,0,No,Travel_Rarely,15,3,1,1,4,0,0,38,22,28,0,No,0.3785801303099701,Medium
1869,54,Female,Married,Research & Development,Healthcare Representative,3,Other,3,6294,14,2,No,Travel_Rarely,4,2,3,1,4,2,6,6,5,33,0,No,0.36162791445323744,Medium
1870,21,Male,Single,Human Resources,Human Resources,2,Other,4,10598,19,0,No,Travel_Rarely,23,3,1,1,3,5,4,26,21,2,0,No,0.6346257716779586,High
1871,47,Female,Single,Research & Development,Research Scientist,4,Medical,3,15717,16,1,No,Travel_Rarely,2,2,2,1,3,1,3,8,5,30,0,No,0.43691503996995334,Medium
1872,23,Female,Married,Sales,Sales Executive,1,Medical,1,15125,16,1,No,Travel_Rarely,3,4,1,2,3,0,3,21,0,6,0,No,0.22138898030768087,Low
1873,36,Male,Married,Research & Development,Research Scientist,1,Medical,1,8654,13,0,Yes,Travel_Rarely,7,4,1,2,3,3,7,33,28,21,0,No,0.6790748269637993,High
1874,49,Female,Divorced,Research & Development,Manufacturing Director,4,Marketing,3,13027,20,0,No,Travel_Rarely,23,3,1,2,3,3,5,0,0,29,0,No,0.4300028768035319,Medium
1875,26,Male,Married,Sales,Manager,4,Human Resources,1,11898,20,2,No,Non-Travel,16,2,2,3,3,5,0,8,4,11,0,No,0.23986758407422606,Low
1876,29,Female,Married,Sales,Sales Executive,1,Life Sciences,1,5786,15,0,No,Travel_Rarely,10,3,3,1,3,1,9,19,2,13,1,Yes,0.49900165898118093,Medium
1877,28,Female,Single,Research & Development,Manufacturing Director,4,Technical Degree,3,17003,20,1,No,Travel_Rarely,19,1,3,2,3,0,7,18,9,8,0,No,0.5026760103697179,Medium
1878,33,Female,Married,Research & Development,Research Scientist,1,Medical,4,3744,16,0,Yes,Travel_Rarely,28,1,3,1,3,1,1,35,18,18,1,Yes,0.8593320521967562,High
1879,18,Male,Divorced,Sales,Sales Executive,4,Life Sciences,3,14620,24,0,Yes,Travel_Rarely,17,1,1,1,3,2,5,39,36,1,0,No,0.7812264611407124,High
1880,38,Female,Married,Sales,Sales Executive,1,Technical Degree,2,7377,14,0,No,Non-Travel,28,1,1,3,3,1,8,3,2,18,0,No,0.47813133995504714,Medium
1881,47,Male,Single,Sales,Manager,2,Medical,1,18214,23,2,No,Travel_Rarely,19,3,2,3,3,2,0,8,2,30,0,No,0.23836349653680203,Low
1882,30,Female,Single,Research & Development,Laboratory Technician,2,Life Sciences,3,1171,13,0,Yes,Travel_Rarely,5,1,3,2,4,3,5,21,12,12,1,Yes,0.794963414286194,High
1883,51,Female,Single,Sales,Sales Representative,4,Other,1,8786,15,2,No,Travel_Rarely,23,2,1,2,3,2,7,17,12,32,0,No,0.47138590406596514,Medium
1884,21,Female,Married,Sales,Manager,3,Medical,4,15858,17,2,No,Travel_Rarely,20,4,1,3,3,0,9,11,9,1,0,No,0.22989184315271122,Low
1885,45,Female,Divorced,Research & Development,Healthcare Representative,2,Medical,1,19325,21,0,No,Travel_Rarely,13,4,1,3,3,5,1,38,1,28,0,No,0.23839885395264487,Low
1886,55,Male,Single,Sales,Manager,1,Technical Degree,3,4544,16,2,No,Travel_Rarely,13,1,2,1,3,5,4,8,5,35,0,No,0.4850425894153492,Medium
1887,48,Female,Single,Research & Development,Healthcare Representative,3,Other,4,14412,12,0,Yes,Travel_Rarely,11,1,3,1,3,0,5,5,3,32,1,Yes,0.8299596818125509,High
1888,44,Male,Married,Sales,Sales Executive,1,Technical Degree,4,15525,11,1,Yes,Travel_Rarely,11,1,2,2,3,0,4,18,11,25,1,Yes,0.6326494187840419,High
1889,22,Male,Divorced,Sales,Sales Executive,1,Medical,4,8968,15,1,No,Travel_Rarely,16,3,3,2,3,0,2,6,3,4,0,No,0.26545780031218497,Low
1890,42,Female,Married,Sales,Sales Representative,2,Medical,2,4942,15,2,No,Travel_Rarely,15,4,3,3,3,4,3,15,14,21,0,No,0.19903196738559883,Low
1891,20,Male,Single,Research & Development,Research Scientist,4,Life Sciences,3,4394,22,1,No,Travel_Rarely,17,1,1,2,3,2,6,4,2,0,1,Yes,0.5609616890441234,Medium
1892,50,Male,Single,Research & Development,Healthcare Representative,4,Medical,3,1931,22,0,No,Non-Travel,22,2,1,1,3,0,3,15,13,30,1,Yes,0.617571559461379,High
1893,21,Male,Married,Research & Development,Laboratory Technician,1,Other,4,11376,16,2,No,Non-Travel,18,1,1,3,4,5,8,0,0,4,1,Yes,0.34054518068154144,Medium
1894,42,Male,Divorced,Research & Development,Laboratory Technician,2,Marketing,1,14746,13,0,No,Travel_Rarely,28,4,1,1,3,1,9,36,21,26,1,Yes,0.5291373042215202,Medium
1895,37,Male,Single,Research & Development,Manufacturing Director,1,Life Sciences,4,1573,11,2,No,Travel_Rarely,19,1,1,3,3,1,1,38,12,18,1,Yes,0.3973696848652834,Medium
1896,51,Male,Married,Sales,Manager,3,Life Sciences,2,11798,14,2,No,Non-Travel,4,4,3,3,3,4,4,18,0,33,0,No,0.1432495593791307,Low
1897,43,Female,Married,Sales,Manager,1,Human Resources,4,3509,14,2,No,Travel_Rarely,22,1,1,1,3,2,7,36,18,25,0,No,0.5310142183297064,Medium
1898,22,Female,Married,Research & Development,Laboratory Technician,2,Technical Degree,3,7890,20,2,Yes,Non-Travel,22,2,1,2,4,2,4,16,0,7,1,Yes,0.6569908774609782,High
1899,52,Female,Single,Sales,Manager,1,Medical,4,4645,12,1,No,Travel_Frequently,23,1,2,2,3,2,9,25,3,34,0,No,0.5683686459774867,Medium
1900,45,Male,Divorced,Sales,Sales Representative,2,Medical,1,1232,24,1,Yes,Travel_Rarely,5,2,2,2,4,5,7,21,9,24,1,Yes,0.6020416741452873,High
1901,46,Female,Married,Sales,Manager,4,Life Sciences,3,7306,18,1,No,Travel_Rarely,7,2,3,2,3,5,7,7,2,27,0,No,0.385815699271507,Medium
1902,26,Male,Married,Sales,Sales Representative,2,Technical Degree,1,15904,16,2,No,Travel_Rarely,2,1,3,1,4,4,8,32,26,11,1,Yes,0.3845996513733272,Medium
1903,55,Male,Married,Sales,Sales Executive,3,Medical,4,1359,22,1,No,Travel_Rarely,1,2,2,3,3,2,9,1,1,34,0,No,0.300375840266294,Medium
1904,23,Female,Divorced,Research & Development,Research Scientist,2,Marketing,3,19321,13,2,No,Travel_Rarely,12,3,2,1,3,2,5,29,8,3,0,No,0.26892289043287987,Low
1905,36,Male,Married,Research & Development,Healthcare Representative,3,Life Sciences,2,5741,11,1,Yes,Travel_Frequently,10,1,1,2,3,0,3,19,2,18,1,Yes,0.6925311594968487,High
1906,28,Female,Married,Research & Development,Laboratory Technician,3,Medical,3,2026,22,2,Yes,Travel_Rarely,8,1,1,2,3,2,2,17,5,9,1,Yes,0.6447869914503023,High
1907,19,Female,Married,Research & Development,Laboratory Technician,1,Life Sciences,1,19619,21,1,No,Non-Travel,1,2,3,1,3,5,4,9,5,1,0,No,0.3044266414259465,Medium
1908,26,Male,Married,Sales,Sales Executive,3,Other,3,16238,13,1,Yes,Travel_Rarely,12,2,2,3,3,0,5,23,22,5,0,No,0.5347289835280936,Medium
1909,38,Male,Single,Sales,Sales Representative,2,Other,2,8179,18,1,No,Travel_Rarely,2,1,3,1,3,0,2,3,0,17,0,No,0.41345410266936927,Medium
1910,41,Male,Divorced,Research & Development,Laboratory Technician,4,Technical Degree,2,14312,14,2,No,Travel_Frequently,27,3,1,1,4,2,1,36,22,20,0,No,0.33371178574540905,Medium
1911,51,Male,Divorced,Research & Development,Healthcare Representative,2,Human Resources,2,7216,13,2,No,Travel_Rarely,28,2,3,1,3,1,6,3,1,33,0,No,0.4555549552040911,Medium
1912,39,Female,Single,Sales,Sales Executive,4,Medical,2,13325,23,1,No,Travel_Rarely,10,2,3,3,3,3,4,12,0,20,0,No,0.32589519799032846,Medium
1913,20,Female,Single,Research & Development,Laboratory Technician,3,Life Sciences,1,3428,21,2,Yes,Travel_Rarely,22,4,3,1,4,5,8,24,15,1,1,Yes,0.7529954293370148,High
1914,29,Male,Single,Research & Development,Healthcare Representative,1,Marketing,3,7249,14,0,No,Travel_Rarely,17,3,1,1,4,1,2,12,7,9,0,No,0.5385177871575412,Medium
1915,45,Male,Divorced,Research & Development,Manufacturing Director,3,Life Sciences,4,2902,21,1,No,Travel_Rarely,26,3,3,2,3,2,7,17,4,27,1,Yes,0.4333646281666094,Medium
1916,47,Female,Married,Research & Development,Research Scientist,3,Medical,2,14762,14,1,Yes,Travel_Rarely,3,1,1,1,3,2,5,23,8,27,1,Yes,0.7099061495929103,High
1917,43,Male,Married,Sales,Manager,4,Life Sciences,4,6331,12,0,No,Travel_Rarely,7,3,2,2,3,1,3,1,1,27,0,No,0.39154701801714414,Medium
1918,38,Male,Divorced,Human Resources,Manager,2,Medical,4,12241,14,2,No,Travel_Rarely,12,1,3,2,3,2,8,32,12,18,0,No,0.34729998396837947,Medium
1919,45,Male,Married,Research & Development,Laboratory Technician,1,Medical,3,18518,21,2,No,Travel_Rarely,8,4,3,2,3,5,4,18,14,25,0,No,0.20014271328035876,Low
1920,43,Female,Divorced,Sales,Manager,1,Life Sciences,4,4126,22,2,No,Travel_Rarely,20,3,1,3,3,0,9,8,4,23,0,No,0.24555308175321972,Low
1921,50,Male,Married,Research & Development,Healthcare Representative,1,Life Sciences,4,5170,19,1,Yes,Travel_Rarely,12,2,3,2,3,4,5,27,4,29,1,Yes,0.6668569804961721,High
1922,38,Male,Married,Research & Development,Laboratory Technician,1,Marketing,1,16532,14,1,No,Travel_Rarely,3,4,1,1,3,2,8,34,30,22,0,No,0.3483662356817245,Medium
1923,52,Female,Married,Research & Development,Laboratory Technician,2,Marketing,4,5051,22,1,No,Non-Travel,17,1,3,1,4,2,6,38,27,37,0,No,0.5419311339589837,Medium
1924,51,Female,Married,Research & Development,Healthcare Representative,1,Medical,3,5442,11,1,No,Travel_Rarely,28,4,2,2,3,1,4,9,1,31,0,No,0.3970152223930494,Medium
1925,58,Male,Divorced,Research & Development,Healthcare Representative,4,Life Sciences,4,15025,11,1,No,Travel_Rarely,9,1,2,2,3,0,1,0,0,39,0,No,0.3191891264362654,Medium
1926,35,Male,Married,Sales,Manager,4,Medical,3,3667,11,2,No,Travel_Rarely,10,4,2,1,3,1,3,20,11,15,1,Yes,0.3022614659283789,Medium
1927,28,Male,Married,Sales,Sales Representative,1,Marketing,2,11919,24,0,Yes,Travel_Rarely,22,1,3,2,3,5,1,8,2,7,1,Yes,0.7270839341034655,High
1928,40,Male,Single,Research & Development,Healthcare Representative,1,Marketing,4,3953,15,2,No,Travel_Rarely,6,3,3,3,3,1,2,14,9,23,0,No,0.24786682969199553,Low
1929,39,Male,Single,Research & Development,Research Scientist,2,Life Sciences,4,8219,16,2,Yes,Travel_Rarely,25,2,2,2,3,2,9,34,17,24,1,Yes,0.7832940752503794,High
1930,34,Male,Married,Sales,Manager,2,Other,4,9796,22,1,No,Travel_Rarely,1,1,2,3,4,0,2,4,0,18,1,Yes,0.26706335491368544,Low
1931,22,Male,Married,Sales,Manager,1,Life Sciences,2,2995,16,0,No,Non-Travel,22,4,1,3,3,5,3,21,4,5,0,No,0.33702725358584457,Medium
1932,28,Male,Divorced,Research & Development,Manufacturing Director,2,Life Sciences,1,11951,16,0,No,Non-Travel,12,1,1,3,3,2,5,22,1,11,0,No,0.34651513248324933,Medium
1933,47,Female,Married,Human Resources,Human Resources,3,Medical,4,18467,19,2,No,Travel_Rarely,5,1,2,2,3,5,2,6,0,31,0,No,0.3345564972067944,Medium
1934,32,Male,Married,Research & Development,Research Scientist,1,Life Sciences,3,13170,11,0,Yes,Travel_Rarely,13,1,2,3,3,2,9,22,6,14,1,Yes,0.7239404638912453,High
1935,44,Male,Married,Sales,Manager,2,Other,1,4016,20,2,No,Travel_Rarely,27,4,3,3,3,2,0,24,10,29,1,Yes,0.2587917779705413,Low
1936,52,Male,Married,Sales,Manager,4,Life Sciences,1,1978,16,2,Yes,Travel_Rarely,15,2,2,2,3,2,0,26,10,37,1,Yes,0.6405140570225696,High
1937,50,Male,Divorced,Sales,Sales Representative,1,Life Sciences,1,9781,23,2,Yes,Travel_Rarely,22,3,1,3,3,4,8,5,1,31,0,No,0.5094277813144865,Medium
1938,37,Female,Married,Human Resources,Human Resources,1,Life Sciences,4,3833,18,2,Yes,Travel_Frequently,11,2,1,2,3,3,8,33,16,16,1,Yes,0.6483032161414906,High
1939,33,Male,Single,Sales,Sales Representative,4,Medical,2,2220,18,1,No,Non-Travel,8,1,1,1,3,0,4,8,1,17,0,No,0.5242962857679696,Medium
1940,51,Female,Married,Research & Development,Healthcare Representative,4,Life Sciences,2,1238,22,0,Yes,Non-Travel,5,4,1,3,3,4,8,32,6,34,1,Yes,0.6127345844341445,High
1941,19,Male,Single,Sales,Manager,2,Life Sciences,4,16783,13,1,Yes,Travel_Rarely,2,2,1,2,3,3,6,5,1,0,0,No,0.6286258724596707,High
1942,52,Female,Single,Research & Development,Manufacturing Director,4,Life Sciences,3,15354,23,1,Yes,Non-Travel,12,1,1,1,3,5,8,36,34,31,1,Yes,0.7861222823325741,High
1943,57,Male,Single,Research & Development,Healthcare Representative,3,Medical,3,4194,15,1,Yes,Travel_Rarely,28,3,2,3,3,3,6,30,29,39,1,Yes,0.7502371024167731,High
1944,45,Male,Married,Research & Development,Research Scientist,1,Marketing,3,16020,20,2,No,Travel_Frequently,2,3,1,3,3,3,8,33,11,28,0,No,0.19636497751806617,Low
1945,56,Male,Single,Sales,Sales Representative,3,Marketing,4,17894,14,2,No,Travel_Rarely,26,3,1,2,4,4,1,28,2,36,0,No,0.351997165410614,Medium
1946,23,Male,Single,Sales,Sales Executive,2,Medical,2,1057,22,1,No,Travel_Rarely,16,1,1,1,3,0,7,13,10,2,0,No,0.5889667268564177,Medium
1947,26,Male,Married,Sales,Sales Representative,4,Life Sciences,4,16182,11,1,No,Travel_Rarely,21,4,1,2,3,1,6,35,3,9,0,No,0.35926813031422566,Medium
1948,37,Male,Single,Human Resources,Manager,1,Technical Degree,2,17779,19,0,Yes,Non-Travel,3,2,2,3,3,3,5,35,24,22,0,No,0.6382522224189864,High
1949,18,Female,Single,Research & Development,Healthcare Representative,4,Medical,1,1978,15,1,No,Travel_Rarely,10,3,3,3,3,1,4,14,3,0,0,No,0.3593894717539748,Medium
1950,25,Male,Single,Research & Development,Manufacturing Director,4,Life Sciences,4,15562,12,2,No,Travel_Rarely,19,1,3,3,3,1,3,7,1,7,0,No,0.36520766404741223,Medium
1951,40,Male,Single,Research & Development,Healthcare Representative,2,Medical,2,6829,22,1,No,Travel_Rarely,8,1,3,3,3,2,6,25,3,22,0,No,0.4108103397042726,Medium
1952,20,Male,Single,Research & Development,Research Scientist,2,Marketing,1,15301,12,0,Yes,Non-Travel,7,2,3,1,3,1,2,35,0,0,1,Yes,0.7073956983434173,High
1953,21,Female,Single,Sales,Sales Representative,2,Life Sciences,1,4061,21,0,Yes,Travel_Rarely,1,3,1,1,3,5,7,20,2,3,0,No,0.7678961881948924,High
1954,42,Male,Divorced,Human Resources,Manager,2,Life Sciences,4,12618,17,1,Yes,Travel_Rarely,12,1,3,2,3,5,1,27,4,25,0,No,0.6574462712874313,High
1955,55,Male,Married,Research & Development,Research Scientist,1,Life Sciences,2,3311,14,0,No,Travel_Rarely,29,2,3,2,3,2,0,3,1,39,0,No,0.5488289906334658,Medium
1956,32,Male,Married,Research & Development,Healthcare Representative,3,Technical Degree,1,3292,11,0,No,Non-Travel,28,4,2,2,3,0,1,15,13,14,0,No,0.42676689632435083,Medium
1957,38,Female,Divorced,Research & Development,Healthcare Representative,3,Life Sciences,4,16394,15,2,Yes,Travel_Rarely,5,4,2,3,3,0,8,21,16,22,0,No,0.38148944928785405,Medium
1958,52,Female,Single,Sales,Sales Representative,1,Medical,1,10808,12,0,Yes,Travel_Frequently,16,4,2,2,4,5,4,11,8,32,0,No,0.6668037220560389,High
1959,31,Male,Married,Sales,Manager,4,Life Sciences,3,16629,17,0,No,Travel_Rarely,25,3,1,1,4,2,7,15,13,16,0,No,0.5776377582813845,Medium
1960,53,Male,Divorced,Research & Development,Laboratory Technician,1,Life Sciences,4,1131,19,1,Yes,Travel_Rarely,4,2,1,2,3,0,2,39,34,34,0,No,0.5760605512253048,Medium
1961,29,Male,Married,Sales,Manager,3,Life Sciences,1,10481,23,2,No,Travel_Frequently,17,2,1,2,3,3,6,37,12,8,0,No,0.3246922064814612,Medium
1962,34,Male,Divorced,Research & Development,Laboratory Technician,3,Life Sciences,4,4736,11,0,No,Travel_Rarely,24,1,2,1,3,0,1,36,34,13,0,No,0.5619537211585458,Medium
1963,56,Male,Divorced,Sales,Sales Executive,1,Life Sciences,4,14741,22,1,Yes,Travel_Rarely,21,1,3,1,4,2,7,28,10,39,0,No,0.7352545256780226,High
1964,26,Male,Single,Research & Development,Healthcare Representative,2,Medical,2,5967,12,1,Yes,Travel_Rarely,2,1,2,3,3,5,6,17,1,6,1,Yes,0.6682209786583915,High
1965,52,Male,Divorced,Sales,Manager,4,Medical,2,1533,21,1,No,Travel_Rarely,12,2,1,1,4,3,4,9,7,32,0,No,0.4287101862201634,Medium
1966,30,Male,Divorced,Research & Development,Laboratory Technician,1,Technical Degree,1,10088,16,1,No,Travel_Rarely,1,1,2,1,3,1,3,38,12,10,1,Yes,0.34694801107176493,Medium
1967,32,Male,Married,Research & Development,Manufacturing Director,3,Life Sciences,4,9408,18,1,No,Travel_Rarely,12,2,3,2,3,1,0,17,15,11,0,No,0.33097674915425657,Medium
1968,35,Male,Divorced,Sales,Sales Executive,2,Technical Degree,4,17541,17,1,No,Travel_Rarely,12,2,1,1,4,1,4,0,0,17,0,No,0.3482792455199164,Medium
1969,50,Male,Single,Research & Development,Healthcare Representative,4,Other,3,17830,19,0,Yes,Travel_Rarely,12,4,3,3,3,5,8,38,17,29,0,No,0.6365638939988496,High
1970,23,Male,Married,Research & Development,Laboratory Technician,3,Life Sciences,4,11403,24,2,No,Non-Travel,19,1,3,2,3,2,9,20,6,2,0,No,0.3758608857932331,Medium
1971,44,Female,Single,Research & Development,Laboratory Technician,4,Other,2,4758,12,2,No,Travel_Rarely,25,4,1,3,3,1,3,0,0,23,0,No,0.32342574532376256,Medium
1972,40,Female,Single,Human Resources,Human Resources,2,Life Sciences,4,12362,22,1,Yes,Travel_Rarely,17,3,3,1,3,0,8,14,12,25,0,No,0.7949027464633007,High
1973,44,Male,Married,Research & Development,Research Scientist,3,Marketing,2,15018,19,1,No,Travel_Rarely,20,3,2,3,3,1,1,3,3,29,0,No,0.30757774578337593,Medium
1974,51,Male,Single,Sales,Sales Executive,2,Life Sciences,3,12446,14,2,Yes,Travel_Rarely,24,3,3,3,3,4,3,19,8,33,0,No,0.5801774767756638,Medium
1975,55,Male,Married,Sales,Sales Representative,1,Medical,1,6345,21,0,No,Travel_Rarely,24,2,3,1,3,5,8,9,9,36,0,No,0.60691983183418,High
1976,31,Male,Married,Sales,Manager,1,Medical,2,5560,13,1,Yes,Travel_Rarely,26,2,3,1,3,4,3,22,8,14,0,No,0.7796686881956602,High
1977,53,Female,Married,Research & Development,Healthcare Representative,4,Life Sciences,1,3832,17,2,No,Travel_Rarely,28,2,2,2,3,1,4,33,6,34,0,No,0.4568504050685682,Medium
1978,25,Male,Single,Sales,Sales Representative,2,Marketing,1,13925,15,2,No,Travel_Rarely,11,1,3,2,4,1,7,32,14,6,1,Yes,0.37895337911937393,Medium
1979,52,Female,Married,Research & Development,Laboratory Technician,2,Medical,1,16176,23,1,No,Travel_Frequently,13,4,3,2,3,4,0,33,18,31,0,No,0.23083847694867254,Low
1980,36,Male,Divorced,Research & Development,Healthcare Representative,4,Medical,1,9686,15,2,Yes,Travel_Rarely,27,2,2,1,3,5,0,38,36,17,0,No,0.6981420579159953,High
1981,47,Female,Married,Sales,Manager,4,Other,2,15877,22,0,No,Travel_Rarely,8,4,1,3,3,5,8,9,1,26,0,No,0.283921125507792,Low
1982,31,Female,Married,Research & Development,Research Scientist,4,Other,3,9400,23,2,No,Travel_Rarely,10,4,1,3,3,1,8,19,9,10,0,No,0.22247010889583288,Low
1983,37,Female,Married,Sales,Sales Representative,1,Other,4,13667,12,1,No,Non-Travel,8,4,1,2,4,5,3,0,0,20,0,No,0.23457683721780287,Low
1984,42,Male,Married,Sales,Sales Representative,4,Technical Degree,2,19375,16,1,No,Travel_Rarely,20,1,3,2,3,3,1,12,6,22,0,No,0.38308422692963445,Medium
1985,57,Female,Married,Research & Development,Manufacturing Director,1,Life Sciences,3,10672,16,2,No,Travel_Rarely,8,1,1,1,3,5,8,0,0,36,1,Yes,0.4351558737803318,Medium
1986,41,Male,Divorced,Research & Development,Healthcare Representative,4,Life Sciences,4,3320,22,2,No,Travel_Rarely,9,3,2,3,3,4,3,4,4,26,0,No,0.23372172987772438,Low
1987,31,Female,Married,Research & Development,Manufacturing Director,2,Life Sciences,1,8234,14,1,No,Travel_Rarely,7,3,3,2,3,2,5,15,7,12,0,No,0.32337413476198745,Medium
1988,43,Female,Married,Research & Development,Healthcare Representative,2,Other,4,12574,15,0,No,Non-Travel,14,4,3,1,4,4,0,14,8,26,1,Yes,0.370760698483961,Medium
1989,55,Male,Married,Sales,Sales Representative,4,Life Sciences,4,11279,17,2,No,Travel_Rarely,28,3,3,2,4,0,8,27,10,39,0,No,0.40097185507555083,Medium
1990,40,Female,Married,Research & Development,Research Scientist,4,Life Sciences,3,14569,24,0,No,Travel_Rarely,2,4,1,1,3,3,4,30,10,24,0,No,0.4003639045851242,Medium
1991,39,Female,Married,Research & Development,Manufacturing Director,1,Life Sciences,4,17997,18,0,No,Non-Travel,25,1,1,3,4,2,2,22,22,23,1,Yes,0.4199102557296009,Medium
1992,36,Female,Married,Research & Development,Healthcare Representative,3,Life Sciences,1,16974,16,1,No,Travel_Frequently,11,1,1,1,3,1,3,16,15,17,1,Yes,0.43642009290221856,Medium
1993,20,Male,Married,Sales,Sales Representative,1,Life Sciences,2,6794,15,1,No,Travel_Rarely,8,1,3,2,3,0,0,33,5,0,1,Yes,0.323455640246843,Medium
1994,59,Female,Married,Research & Development,Research Scientist,2,Medical,2,13076,22,1,Yes,Travel_Rarely,13,2,2,2,3,0,8,12,11,41,0,No,0.6805994207551392,High
1995,36,Female,Married,Research & Development,Manufacturing Director,4,Life Sciences,3,9749,13,0,No,Non-Travel,21,4,3,3,3,3,7,13,11,16,0,No,0.34160324050274726,Medium
1996,26,Female,Divorced,Sales,Manager,2,Medical,1,14662,17,1,No,Travel_Rarely,15,1,2,3,3,2,3,10,9,9,1,Yes,0.28592013812604344,Low
1997,45,Female,Married,Human Resources,Manager,3,Technical Degree,1,18231,18,1,No,Non-Travel,28,4,3,2,4,0,1,27,17,25,0,No,0.30514047577285497,Medium
1998,37,Male,Divorced,Sales,Manager,1,Marketing,4,4824,13,0,No,Non-Travel,3,3,2,2,3,2,8,31,17,21,0,No,0.30992070555537854,Medium
1999,24,Male,Single,Human Resources,Manager,2,Life Sciences,3,18240,15,0,No,Travel_Frequently,23,3,3,2,3,2,3,34,3,4,1,Yes,0.4666613244855297,Medium
2000,31,Male,Single,Research & Development,Manufacturing Director,1,Human Resources,1,5718,21,0,No,Travel_Rarely,14,1,3,3,3,5,8,30,30,14,1,Yes,0.547796185567899,Medium
2001,26,Male,Married,Sales,Sales Executive,4,Marketing,1,5516,12,0,No,Travel_Rarely,15,4,2,2,3,0,9,16,8,9,0,No,0.4423809089123141,Medium
2002,36,Female,Divorced,Research & Development,Research Scientist,2,Life Sciences,1,7584,20,2,No,Non-Travel,2,1,2,3,3,2,2,8,6,20,0,No,0.19089055966665752,Low
2003,31,Male,Married,Research & Development,Manufacturing Director,3,Marketing,2,5782,20,1,No,Travel_Frequently,29,3,2,2,4,3,6,9,1,16,0,No,0.4963723117512604,Medium
2004,55,Male,Single,Research & Development,Laboratory Technician,1,Marketing,2,13455,22,2,No,Travel_Rarely,19,1,2,1,3,0,6,7,7,36,1,Yes,0.5050520765299257,Medium
2005,53,Male,Single,Research & Development,Healthcare Representative,1,Medical,2,11473,14,0,No,Travel_Rarely,12,4,2,1,3,3,9,20,10,32,1,Yes,0.5067529434897534,Medium
2006,57,Male,Married,Research & Development,Manufacturing Director,3,Life Sciences,4,16873,22,0,Yes,Non-Travel,25,3,2,2,3,3,3,12,6,39,0,No,0.6913558907476133,High
2007,34,Male,Single,Research & Development,Healthcare Representative,2,Medical,4,4329,14,0,Yes,Travel_Rarely,20,2,2,1,4,2,1,4,0,16,1,Yes,0.8372183436306933,High
2008,47,Male,Married,Research & Development,Laboratory Technician,2,Marketing,4,11759,22,0,No,Travel_Frequently,4,3,2,3,3,2,8,5,2,31,0,No,0.31583143473309944,Medium
2009,26,Male,Married,Sales,Manager,1,Life Sciences,1,5707,23,0,Yes,Travel_Rarely,3,2,3,1,3,5,3,29,16,11,1,Yes,0.7334016141602153,High
2010,50,Female,Married,Research & Development,Research Scientist,3,Medical,2,18957,18,1,No,Travel_Rarely,5,1,2,1,3,5,7,30,1,32,0,No,0.4689110557149324,Medium
2011,42,Female,Single,Sales,Sales Representative,1,Life Sciences,1,19233,13,2,No,Travel_Rarely,3,1,2,3,3,0,1,16,14,22,0,No,0.20861998035890633,Low
2012,31,Male,Single,Human Resources,Human Resources,1,Medical,1,7067,15,2,No,Travel_Rarely,25,4,3,1,4,5,7,10,1,14,0,No,0.5127729609202859,Medium
2013,28,Male,Married,Human Resources,Human Resources,4,Life Sciences,3,1735,21,1,No,Travel_Rarely,15,2,3,1,3,1,9,19,15,13,1,Yes,0.606899317979433,High
2014,52,Male,Single,Sales,Sales Executive,2,Life Sciences,1,7706,15,1,Yes,Travel_Rarely,19,1,1,2,3,0,4,8,3,35,1,Yes,0.7715750302052594,High
2015,58,Male,Married,Research & Development,Manufacturing Director,2,Technical Degree,4,12919,12,1,No,Travel_Rarely,2,2,1,3,4,3,6,1,1,42,0,No,0.30303941082584146,Medium
2016,31,Female,Divorced,Human Resources,Manager,4,Marketing,2,10266,19,2,No,Travel_Rarely,12,1,2,3,3,5,6,36,3,14,0,No,0.32998186610869845,Medium
2017,47,Male,Single,Sales,Sales Executive,2,Life Sciences,2,13972,14,2,No,Non-Travel,5,3,2,2,3,5,8,0,0,26,0,No,0.2543498724487604,Low
2018,58,Male,Single,Research & Development,Healthcare Representative,2,Medical,1,17675,19,0,Yes,Travel_Rarely,22,1,1,2,3,5,2,3,0,41,1,Yes,0.8154762028347742,High
2019,21,Male,Single,Human Resources,Manager,2,Marketing,4,2090,19,2,No,Travel_Rarely,17,4,1,1,3,2,9,35,5,4,0,No,0.5158039931344076,Medium
2020,21,Female,Divorced,Sales,Sales Representative,3,Technical Degree,4,11785,12,2,Yes,Travel_Rarely,14,3,2,1,3,3,3,24,5,6,0,No,0.5890763089465753,Medium
2021,45,Male,Single,Research & Development,Healthcare Representative,4,Marketing,4,15205,19,1,Yes,Travel_Rarely,28,4,1,1,3,5,9,2,1,25,0,No,0.8053321625646336,High
2022,25,Male,Divorced,Sales,Sales Executive,1,Medical,2,10353,19,2,Yes,Travel_Rarely,27,3,2,2,4,4,3,8,0,6,0,No,0.5545906255369508,Medium
2023,19,Male,Married,Human Resources,Manager,3,Other,4,16967,12,0,Yes,Travel_Rarely,22,2,3,3,3,4,9,21,2,1,1,Yes,0.753673114956779,High
2024,58,Male,Married,Human Resources,Manager,1,Marketing,4,12698,21,2,No,Travel_Rarely,10,4,3,1,3,3,4,22,12,38,0,No,0.29437785796673355,Low
2025,39,Female,Single,Human Resources,Human Resources,4,Life Sciences,1,18340,23,1,No,Travel_Rarely,3,1,1,2,3,5,5,11,5,19,0,No,0.4465557138712429,Medium
2026,58,Male,Married,Research & Development,Research Scientist,4,Medical,3,5769,16,1,No,Travel_Frequently,4,2,3,3,3,1,2,9,2,38,0,No,0.25870987416108965,Low
2027,33,Female,Married,Research & Development,Research Scientist,4,Life Sciences,4,14445,19,0,No,Non-Travel,6,1,3,2,3,1,3,33,15,15,0,No,0.3902486030258642,Medium
2028,46,Male,Married,Research & Development,Laboratory Technician,2,Technical Degree,1,1075,14,0,No,Non-Travel,24,3,3,1,3,0,2,9,1,30,0,No,0.5302225170275437,Medium
2029,47,Male,Single,Sales,Manager,3,Life Sciences,1,1573,12,2,Yes,Non-Travel,25,3,3,2,3,0,1,29,14,27,1,Yes,0.6191934638082169,High
2030,29,Male,Married,Research & Development,Laboratory Technician,4,Medical,4,14402,17,0,No,Travel_Rarely,22,1,2,2,3,5,9,21,4,10,0,No,0.6026308362769159,High
2031,52,Female,Married,Sales,Manager,1,Life Sciences,3,4679,19,0,No,Non-Travel,16,1,2,2,3,0,8,5,5,36,0,No,0.5032833741920075,Medium
2032,28,Male,Married,Research & Development,Research Scientist,2,Life Sciences,2,3260,16,1,No,Travel_Rarely,7,2,1,2,3,2,0,1,1,11,0,No,0.3673283677665609,Medium
2033,38,Male,Married,Sales,Manager,2,Life Sciences,3,13958,21,1,Yes,Travel_Rarely,15,1,3,3,3,1,1,29,16,19,0,No,0.5683592305238631,Medium
2034,38,Male,Married,Sales,Sales Representative,3,Medical,4,1813,21,2,No,Travel_Rarely,21,4,3,1,3,3,7,1,0,23,0,No,0.42471597465046623,Medium
2035,22,Female,Single,Sales,Sales Executive,3,Life Sciences,3,10592,24,2,No,Travel_Rarely,28,4,3,3,3,5,6,31,26,6,0,No,0.33940067666834395,Medium
2036,37,Female,Married,Research & Development,Manufacturing Director,3,Medical,1,18628,14,2,No,Travel_Frequently,25,1,1,2,3,5,0,15,6,20,1,Yes,0.3896799305401231,Medium
2037,54,Female,Married,Sales,Manager,2,Medical,1,13233,11,2,Yes,Travel_Rarely,20,4,2,2,3,4,4,11,2,37,0,No,0.5531923901222028,Medium
2038,20,Male,Single,Research & Development,Laboratory Technician,4,Medical,3,7025,14,1,No,Travel_Rarely,26,1,3,1,4,1,9,0,0,0,1,Yes,0.6771296959223669,High
2039,50,Male,Married,Sales,Manager,1,Medical,2,14045,13,2,Yes,Non-Travel,11,2,2,1,3,1,5,7,3,30,0,No,0.5658778232667913,Medium
2040,26,Male,Single,Sales,Sales Executive,4,Life Sciences,3,13401,17,2,Yes,Travel_Rarely,22,4,1,3,3,1,4,12,12,8,0,No,0.5459253526367613,Medium
2041,26,Male,Single,Research & Development,Manufacturing Director,1,Life Sciences,4,8947,21,0,No,Travel_Rarely,21,4,2,3,3,0,3,14,5,5,0,No,0.3587475081043528,Medium
2042,21,Female,Divorced,Research & Development,Healthcare Representative,4,Technical Degree,2,5150,23,2,Yes,Travel_Frequently,1,1,3,1,3,2,0,7,2,2,0,No,0.5570121977101671,Medium
2043,52,Female,Married,Sales,Sales Representative,3,Medical,3,10555,21,0,Yes,Travel_Rarely,5,4,2,3,3,3,6,9,6,34,0,No,0.539444920801446,Medium
2044,34,Female,Married,Research & Development,Healthcare Representative,1,Marketing,3,6344,20,1,Yes,Non-Travel,13,3,2,2,3,0,8,4,4,16,0,No,0.6198452229474182,High
2045,51,Male,Divorced,Research & Development,Healthcare Representative,2,Medical,2,6086,15,2,No,Travel_Rarely,21,2,1,2,3,2,5,18,5,32,0,No,0.3571218217471292,Medium
2046,41,Female,Single,Research & Development,Manufacturing Director,1,Life Sciences,3,14256,22,0,No,Non-Travel,14,2,1,1,3,1,2,37,8,25,0,No,0.516852999443738,Medium
2047,49,Female,Divorced,Sales,Sales Executive,2,Technical Degree,4,6620,13,2,No,Non-Travel,9,4,1,3,3,2,9,10,4,34,0,No,0.17881896104329442,Low
2048,18,Male,Single,Sales,Sales Executive,4,Life Sciences,1,9098,24,0,No,Travel_Rarely,17,4,1,2,3,0,3,19,19,0,0,No,0.4307634732268118,Medium
2049,25,Male,Married,Research & Development,Manufacturing Director,3,Other,4,3901,12,2,Yes,Travel_Frequently,15,3,2,1,3,1,9,19,2,8,1,Yes,0.7065194490625689,High
2050,40,Male,Married,Sales,Manager,1,Life Sciences,3,6586,23,1,No,Non-Travel,21,3,2,3,3,0,4,20,9,25,0,No,0.28891577488574993,Low
2051,57,Male,Divorced,Research & Development,Healthcare Representative,2,Medical,1,18952,12,1,No,Travel_Rarely,7,4,1,2,4,3,0,17,0,36,0,No,0.18892140583083442,Low
2052,29,Female,Married,Research & Development,Healthcare Representative,4,Life Sciences,2,7692,15,0,Yes,Travel_Rarely,27,4,1,3,4,1,4,9,2,13,0,No,0.707140539362812,High
2053,29,Male,Married,Human Resources,Manager,3,Human Resources,4,2516,23,0,No,Non-Travel,22,3,3,3,3,2,0,33,18,9,0,No,0.3648965438549831,Medium
2054,32,Male,Married,Research & Development,Research Scientist,3,Other,2,17344,23,1,No,Travel_Rarely,22,1,3,3,3,0,8,25,22,11,0,No,0.38804847472792375,Medium
2055,58,Male,Single,Human Resources,Manager,3,Life Sciences,1,3072,18,2,Yes,Travel_Rarely,12,3,1,1,3,4,6,29,22,37,0,No,0.7489857224533687,High
2056,36,Male,Married,Research & Development,Research Scientist,4,Life Sciences,3,3009,18,0,No,Travel_Rarely,23,1,2,2,3,2,2,8,0,16,0,No,0.5740861949896082,Medium
2057,43,Male,Single,Research & Development,Healthcare Representative,4,Life Sciences,1,16575,24,1,Yes,Travel_Rarely,6,2,1,1,3,2,8,30,18,22,0,No,0.74487789534926,High
2058,46,Female,Married,Research & Development,Manufacturing Director,4,Technical Degree,1,2303,22,0,Yes,Non-Travel,21,2,2,2,3,1,1,3,0,30,0,No,0.7538898156579807,High
2059,39,Male,Married,Research & Development,Manufacturing Director,3,Life Sciences,2,16105,15,1,No,Travel_Rarely,16,3,2,2,3,5,6,5,0,23,0,No,0.3991020509722727,Medium
2060,57,Female,Divorced,Research & Development,Healthcare Representative,1,Medical,4,5074,23,1,No,Travel_Rarely,26,1,3,1,3,2,8,13,6,41,0,No,0.5834958099964641,Medium
2061,38,Female,Married,Research & Development,Laboratory Technician,2,Life Sciences,1,15099,12,0,No,Travel_Rarely,5,3,1,1,3,0,5,3,2,20,0,No,0.42364382757553587,Medium
2062,55,Male,Married,Human Resources,Human Resources,4,Marketing,3,18996,23,0,No,Non-Travel,9,3,1,2,3,4,9,25,14,37,0,No,0.412972313219711,Medium
2063,37,Female,Single,Research & Development,Research Scientist,1,Medical,1,18715,14,1,Yes,Travel_Rarely,14,1,2,2,4,3,4,38,15,21,0,No,0.73729373876887,High
2064,46,Male,Single,Research & Development,Healthcare Representative,2,Marketing,2,19834,17,2,No,Travel_Rarely,8,3,1,2,3,4,6,16,10,26,0,No,0.2985504512365133,Low
2065,21,Female,Married,Research & Development,Healthcare Representative,3,Technical Degree,4,18491,24,1,No,Travel_Rarely,14,2,3,3,3,0,5,18,5,1,0,No,0.2828899360793009,Low
2066,24,Female,Married,Research & Development,Laboratory Technician,1,Life Sciences,3,10327,16,2,No,Travel_Frequently,12,4,3,2,3,1,4,5,2,5,0,No,0.21844850618424552,Low
2067,45,Male,Married,Sales,Sales Executive,3,Medical,2,9497,20,2,No,Travel_Rarely,10,4,1,1,3,0,1,28,2,26,0,No,0.2648065837794633,Low
2068,45,Male,Married,Sales,Sales Representative,2,Medical,1,12250,17,2,No,Travel_Frequently,20,3,1,1,3,5,7,10,0,29,1,Yes,0.4070643514448961,Medium
2069,21,Female,Single,Research & Development,Research Scientist,4,Medical,1,11426,15,0,No,Travel_Frequently,20,1,3,1,3,5,6,15,6,6,1,Yes,0.6928096105142889,High
2070,39,Male,Married,Sales,Sales Representative,3,Life Sciences,4,16583,12,1,No,Travel_Rarely,26,1,1,2,3,5,5,29,0,18,0,No,0.48136538569596926,Medium
2071,29,Male,Single,Sales,Sales Representative,1,Technical Degree,2,16311,18,1,Yes,Travel_Rarely,21,2,2,2,4,2,4,24,16,8,0,No,0.684930670080742,High
2072,20,Female,Single,Sales,Sales Representative,4,Other,2,15659,24,2,Yes,Travel_Rarely,13,1,1,3,3,1,4,39,31,0,0,No,0.5895881995219528,Medium
2073,39,Female,Single,Sales,Manager,1,Other,4,14359,22,2,Yes,Travel_Rarely,29,1,2,3,3,5,8,10,8,24,1,Yes,0.732837735546786,High
2074,19,Male,Married,Sales,Manager,2,Marketing,3,3105,12,2,No,Non-Travel,19,2,1,1,3,3,0,6,4,0,0,No,0.36900090831997506,Medium
2075,41,Male,Married,Human Resources,Human Resources,2,Medical,2,12810,22,1,No,Travel_Rarely,15,3,1,3,3,3,8,25,25,24,0,No,0.3641689857455692,Medium
2076,51,Male,Single,Research & Development,Research Scientist,4,Life Sciences,4,19601,18,2,No,Non-Travel,8,4,3,3,3,0,5,21,12,33,1,Yes,0.17887591270132877,Low
2077,44,Male,Married,Research & Development,Laboratory Technician,1,Life Sciences,2,17568,17,1,No,Travel_Rarely,23,2,2,1,3,5,3,24,10,23,1,Yes,0.4649576678267828,Medium
2078,58,Male,Married,Research & Development,Healthcare Representative,1,Medical,4,8178,13,1,No,Non-Travel,21,3,3,2,3,2,9,18,5,37,1,Yes,0.37573848208619504,Medium
2079,18,Female,Divorced,Sales,Sales Executive,1,Life Sciences,1,14297,23,0,No,Travel_Frequently,10,2,1,3,3,3,6,30,0,0,0,No,0.28026351851785974,Low
2080,25,Male,Married,Human Resources,Human Resources,1,Life Sciences,1,11703,14,2,Yes,Travel_Rarely,3,3,3,2,4,4,8,25,6,8,0,No,0.5664634942384437,Medium
2081,40,Male,Single,Research & Development,Healthcare Representative,2,Human Resources,2,13200,23,2,Yes,Non-Travel,21,2,1,1,3,1,4,35,11,19,1,Yes,0.6972323710306,High
2082,55,Female,Divorced,Sales,Sales Representative,1,Other,2,19060,17,2,No,Travel_Rarely,3,3,1,1,3,4,4,22,21,37,0,No,0.22098838613174837,Low
2083,23,Male,Single,Research & Development,Manufacturing Director,2,Other,1,11746,14,0,No,Travel_Rarely,26,2,1,3,3,3,7,12,3,2,1,Yes,0.5297950534390888,Medium
2084,39,Male,Married,Research & Development,Research Scientist,1,Life Sciences,3,19216,19,2,No,Travel_Rarely,5,3,2,1,3,3,6,24,22,19,0,No,0.27989157396093484,Low
2085,42,Female,Married,Human Resources,Human Resources,1,Human Resources,4,6156,17,1,Yes,Travel_Rarely,16,2,2,1,3,0,7,1,0,25,0,No,0.7863295297720525,High
2086,35,Female,Single,Research & Development,Research Scientist,3,Life Sciences,3,18749,11,2,Yes,Travel_Rarely,17,4,2,1,3,0,9,1,0,14,0,No,0.6566772630571373,High
2087,34,Female,Married,Research & Development,Healthcare Representative,3,Medical,3,7208,11,1,No,Travel_Rarely,6,4,3,3,3,5,1,15,3,19,0,No,0.2470964904360814,Low
2088,29,Female,Single,Sales,Manager,1,Medical,3,1555,14,1,Yes,Travel_Rarely,26,1,1,3,3,1,8,8,2,12,1,Yes,0.7923423907393614,High
2089,23,Male,Divorced,Human Resources,Manager,2,Medical,1,6240,24,1,Yes,Travel_Rarely,20,3,3,3,3,5,2,27,0,2,0,No,0.5566412739908833,Medium
2090,43,Female,Single,Sales,Sales Representative,1,Other,2,8974,24,1,No,Travel_Rarely,20,2,3,1,3,0,5,12,1,25,0,No,0.5155741782222292,Medium
2091,44,Male,Married,Human Resources,Manager,3,Life Sciences,3,19476,23,2,Yes,Travel_Rarely,16,3,1,2,3,2,5,34,26,26,0,No,0.5973313300717692,Medium
2092,25,Male,Married,Research & Development,Research Scientist,1,Medical,1,3049,19,0,No,Travel_Rarely,24,4,3,1,4,1,1,12,4,8,1,Yes,0.4967223855420632,Medium
2093,36,Male,Single,Research & Development,Healthcare Representative,3,Life Sciences,4,2761,23,0,No,Non-Travel,2,3,1,3,3,2,6,30,14,20,0,No,0.37172861577196675,Medium
2094,59,Male,Married,Research & Development,Healthcare Representative,1,Technical Degree,2,2858,14,1,Yes,Non-Travel,20,2,1,2,3,5,8,20,7,40,0,No,0.7365576037375194,High
2095,18,Male,Divorced,Sales,Sales Representative,4,Medical,4,3651,23,2,No,Travel_Rarely,15,3,1,2,3,0,9,31,0,0,0,No,0.3132247204701882,Medium
2096,46,Male,Married,Sales,Manager,1,Marketing,3,2609,15,0,No,Travel_Rarely,18,2,1,3,4,1,0,33,19,26,0,No,0.3746852783107374,Medium
2097,52,Male,Married,Sales,Sales Representative,2,Marketing,2,14960,11,2,No,Travel_Rarely,1,4,3,2,3,5,7,7,5,36,1,Yes,0.2133684573463818,Low
2098,57,Male,Married,Sales,Sales Executive,3,Medical,3,12806,24,0,No,Travel_Rarely,26,4,3,2,3,3,1,1,1,38,1,Yes,0.3805395529030799,Medium
2099,31,Female,Divorced,Research & Development,Research Scientist,4,Medical,2,18011,12,1,Yes,Travel_Rarely,29,4,3,3,3,5,0,37,4,14,0,No,0.5310393253745412,Medium
2100,52,Female,Single,Research & Development,Healthcare Representative,3,Life Sciences,3,2141,21,1,No,Travel_Frequently,29,1,2,2,3,4,7,31,22,33,1,Yes,0.6359119875318402,High
2101,37,Male,Married,Sales,Sales Representative,3,Medical,4,6500,14,1,Yes,Non-Travel,19,4,3,2,3,3,1,39,14,17,0,No,0.543662581137587,Medium
2102,30,Male,Single,Human Resources,Human Resources,2,Other,4,6804,22,0,No,Travel_Rarely,12,3,3,3,3,2,5,27,5,9,0,No,0.4087502164087948,Medium
2103,55,Male,Divorced,Research & Development,Manufacturing Director,1,Technical Degree,3,11540,14,2,No,Travel_Rarely,8,1,2,2,3,3,5,36,32,36,0,No,0.2948304842143551,Low
2104,25,Male,Married,Human Resources,Human Resources,2,Life Sciences,2,11940,21,1,No,Travel_Rarely,6,4,1,2,3,5,4,0,0,8,0,No,0.3160049205908566,Medium
2105,37,Female,Divorced,Human Resources,Manager,1,Life Sciences,4,8642,20,2,No,Travel_Rarely,12,3,1,2,3,3,7,9,6,20,0,No,0.3046088788323601,Medium
2106,50,Male,Divorced,Sales,Manager,4,Medical,2,18880,16,2,Yes,Travel_Frequently,7,3,1,2,3,4,2,3,2,30,0,No,0.39611352320831683,Medium
2107,43,Male,Single,Research & Development,Manufacturing Director,2,Marketing,2,6018,23,1,Yes,Travel_Rarely,18,3,2,3,3,5,9,34,12,28,1,Yes,0.7311121720027826,High
2108,56,Male,Single,Research & Development,Research Scientist,2,Life Sciences,4,3122,16,0,No,Travel_Rarely,22,2,3,1,4,4,3,9,5,36,0,No,0.642401619192062,High
2109,38,Female,Single,Research & Development,Research Scientist,3,Marketing,1,2053,18,1,No,Travel_Rarely,14,1,3,1,4,3,6,10,7,23,0,No,0.6427805520506393,High
2110,59,Male,Married,Sales,Sales Representative,2,Human Resources,1,14932,22,1,No,Travel_Rarely,8,3,3,2,3,4,6,13,6,41,0,No,0.3000851047383971,Medium
2111,58,Female,Married,Research & Development,Research Scientist,1,Medical,2,3440,23,0,Yes,Travel_Rarely,24,2,3,3,3,3,7,37,9,40,0,No,0.7573395599032449,High
2112,26,Male,Divorced,Sales,Sales Representative,2,Life Sciences,4,14935,19,2,No,Travel_Frequently,20,4,2,3,3,1,1,11,5,8,0,No,0.1443274389579592,Low
2113,41,Female,Married,Sales,Sales Executive,2,Human Resources,1,2591,24,0,Yes,Non-Travel,22,3,3,2,3,3,1,16,8,26,0,No,0.6957102881317357,High
2114,54,Female,Married,Research & Development,Healthcare Representative,4,Medical,3,15383,11,0,No,Travel_Rarely,14,2,1,1,3,0,3,15,8,33,1,Yes,0.4997473316017794,Medium
2115,58,Male,Divorced,Research & Development,Laboratory Technician,1,Life Sciences,2,2317,11,1,No,Travel_Rarely,5,3,2,2,3,4,9,34,16,41,0,No,0.34884867906942263,Medium
2116,34,Female,Single,Research & Development,Healthcare Representative,3,Life Sciences,1,9802,16,0,No,Travel_Rarely,9,1,2,3,4,4,8,1,0,16,1,Yes,0.5126561279743936,Medium
2117,41,Female,Single,Sales,Sales Representative,1,Medical,4,2629,14,0,Yes,Travel_Rarely,8,1,1,3,4,2,9,10,7,24,1,Yes,0.7684126319539769,High
2118,38,Female,Married,Research & Development,Manufacturing Director,4,Medical,4,5775,21,0,No,Travel_Rarely,2,4,1,1,3,2,8,2,0,18,0,No,0.43780912941193123,Medium
2119,56,Female,Married,Sales,Sales Representative,1,Medical,2,6201,14,2,No,Travel_Rarely,28,3,3,3,3,0,3,28,11,35,0,No,0.2640272870348106,Low
2120,58,Male,Divorced,Sales,Sales Representative,1,Life Sciences,4,7631,11,2,No,Travel_Rarely,16,2,1,3,4,4,8,17,13,38,0,No,0.2627023273626784,Low
2121,56,Male,Married,Research & Development,Laboratory Technician,2,Marketing,3,7102,19,1,No,Travel_Rarely,13,4,2,3,4,4,2,19,9,39,0,No,0.2692685023845073,Low
2122,30,Female,Married,Human Resources,Manager,2,Life Sciences,3,17493,22,1,No,Travel_Rarely,7,3,2,1,4,2,4,13,6,14,0,No,0.3889864031390018,Medium
2123,28,Male,Married,Research & Development,Laboratory Technician,1,Life Sciences,1,1246,21,2,No,Non-Travel,16,4,2,3,3,2,9,33,18,13,0,No,0.2647500624434354,Low
2124,36,Female,Single,Research & Development,Manufacturing Director,1,Marketing,4,12119,13,0,No,Travel_Frequently,7,2,3,2,3,3,8,30,28,20,0,No,0.486627081679975,Medium
2125,28,Male,Single,Research & Development,Laboratory Technician,3,Technical Degree,3,7082,15,1,Yes,Travel_Frequently,27,4,3,1,3,5,5,39,1,10,0,No,0.7844487421589996,High
2126,30,Male,Single,Research & Development,Healthcare Representative,4,Life Sciences,2,3551,20,1,No,Travel_Rarely,14,4,1,2,3,4,2,17,3,14,0,No,0.42869855572831495,Medium
2127,18,Female,Single,Sales,Sales Representative,2,Life Sciences,4,16291,11,0,No,Non-Travel,14,4,3,2,3,4,9,29,18,0,0,No,0.3863793714694291,Medium
2128,57,Female,Married,Research & Development,Laboratory Technician,2,Medical,1,11204,18,0,Yes,Travel_Rarely,12,3,3,1,3,3,8,24,6,42,0,No,0.7808177364228731,High
2129,36,Male,Married,Research & Development,Healthcare Representative,2,Medical,2,2546,13,0,No,Travel_Rarely,1,2,2,2,4,4,5,18,14,20,1,Yes,0.4545964499986702,Medium
2130,29,Male,Married,Sales,Sales Executive,2,Medical,2,18147,24,0,No,Travel_Rarely,1,1,2,1,4,0,3,7,6,10,0,No,0.4013048821352275,Medium
2131,25,Female,Married,Research & Development,Research Scientist,1,Life Sciences,2,12569,11,0,No,Travel_Rarely,12,3,1,2,3,2,3,27,23,4,0,No,0.3716929781806947,Medium
2132,25,Female,Single,Research & Development,Manufacturing Director,1,Life Sciences,3,14443,20,2,No,Travel_Rarely,20,1,2,1,4,2,7,7,5,8,0,No,0.539026660410995,Medium
2133,29,Female,Married,Sales,Sales Representative,3,Marketing,2,8405,16,0,No,Travel_Rarely,21,1,3,3,3,5,6,30,2,14,0,No,0.5163475142130264,Medium
2134,50,Male,Married,Sales,Sales Representative,2,Medical,3,17933,11,1,No,Travel_Rarely,15,3,1,3,3,2,0,2,1,32,1,Yes,0.2353003395524685,Low
2135,43,Male,Divorced,Research & Development,Research Scientist,2,Technical Degree,2,6140,13,2,Yes,Non-Travel,4,3,1,2,3,1,5,2,2,23,0,No,0.4347901720877481,Medium
2136,56,Female,Divorced,Sales,Sales Representative,1,Medical,3,9706,15,1,No,Non-Travel,7,2,2,3,3,0,7,21,15,35,0,No,0.19860960276442657,Low
2137,45,Male,Married,Research & Development,Manufacturing Director,3,Medical,4,18522,14,0,Yes,Travel_Frequently,16,2,2,1,3,0,2,16,1,27,1,Yes,0.7352845352545713,High
2138,22,Male,Married,Research & Development,Healthcare Representative,1,Human Resources,3,11280,17,1,No,Travel_Rarely,3,4,2,2,3,3,8,35,30,2,0,No,0.27560864056005463,Low
2139,25,Male,Single,Research & Development,Laboratory Technician,2,Life Sciences,3,4154,16,0,No,Travel_Rarely,7,1,1,3,3,1,9,16,6,9,0,No,0.5367680176257054,Medium
2140,42,Male,Single,Research & Development,Healthcare Representative,2,Medical,4,14109,22,1,No,Travel_Rarely,29,2,2,3,3,4,1,13,13,27,0,No,0.4576762202320848,Medium
2141,44,Male,Divorced,Research & Development,Manufacturing Director,4,Life Sciences,2,5076,13,1,Yes,Travel_Rarely,24,4,3,2,4,5,5,8,6,27,1,Yes,0.6652704037812213,High
2142,40,Male,Married,Sales,Sales Executive,4,Life Sciences,4,5204,21,0,No,Travel_Rarely,22,2,1,3,3,0,0,29,3,25,0,No,0.4402042053145875,Medium
2143,47,Female,Married,Research & Development,Manufacturing Director,4,Life Sciences,2,10253,18,1,No,Non-Travel,6,3,2,3,3,1,1,20,19,28,0,No,0.21126674974290263,Low
2144,40,Male,Divorced,Research & Development,Manufacturing Director,3,Life Sciences,3,8290,18,2,Yes,Travel_Rarely,16,2,3,2,3,1,4,11,6,21,0,No,0.5716286483165223,Medium
2145,37,Male,Married,Sales,Manager,1,Human Resources,2,3518,24,1,Yes,Non-Travel,24,1,3,3,3,0,0,36,3,22,1,Yes,0.630953976075429,High
2146,35,Male,Single,Research & Development,Manufacturing Director,2,Medical,3,16511,12,2,Yes,Travel_Rarely,8,2,2,3,3,3,7,31,31,19,1,Yes,0.5890986258648421,Medium
2147,35,Female,Single,Research & Development,Healthcare Representative,2,Human Resources,2,7542,17,2,No,Travel_Rarely,23,1,3,3,3,1,0,10,4,18,0,No,0.3853121825478511,Medium
2148,19,Female,Single,Research & Development,Manufacturing Director,3,Medical,3,18074,24,1,Yes,Non-Travel,22,3,1,3,3,2,8,19,18,0,1,Yes,0.6308423946910938,High
2149,21,Male,Married,Research & Development,Manufacturing Director,2,Medical,3,15679,11,2,No,Non-Travel,6,1,1,2,3,1,9,34,25,4,0,No,0.32683842479436137,Medium
2150,47,Male,Married,Research & Development,Manufacturing Director,2,Life Sciences,1,4941,12,2,No,Travel_Rarely,10,2,3,1,3,4,2,10,4,31,0,No,0.40614263550362956,Medium
2151,50,Male,Divorced,Research & Development,Manufacturing Director,1,Medical,2,15604,18,1,No,Travel_Rarely,16,4,1,1,3,0,1,7,2,30,0,No,0.2798304233777737,Low
2152,53,Female,Married,Research & Development,Healthcare Representative,4,Medical,2,14050,22,0,Yes,Travel_Rarely,11,3,2,3,3,4,0,3,1,38,0,No,0.6084671887805577,High
2153,35,Male,Single,Research & Development,Manufacturing Director,4,Life Sciences,1,6569,11,0,No,Travel_Rarely,13,2,3,3,4,3,8,26,18,20,0,No,0.5350523589728131,Medium
2154,54,Male,Single,Research & Development,Research Scientist,3,Technical Degree,3,5025,12,2,No,Travel_Rarely,29,3,1,1,3,5,3,39,29,39,0,No,0.5844119481798653,Medium
2155,36,Female,Married,Research & Development,Manufacturing Director,4,Life Sciences,3,1728,22,2,No,Travel_Rarely,6,3,2,3,3,2,0,37,2,21,0,No,0.2413083840851926,Low
2156,45,Female,Divorced,Research & Development,Manufacturing Director,4,Medical,1,1083,11,0,No,Travel_Rarely,24,2,2,1,4,0,0,29,26,24,1,Yes,0.5365113761115112,Medium
2157,57,Male,Single,Sales,Sales Representative,3,Medical,1,14170,15,2,No,Non-Travel,1,2,1,2,3,1,6,26,25,38,0,No,0.2670440132148366,Low
2158,37,Male,Divorced,Research & Development,Laboratory Technician,3,Other,4,3158,17,0,No,Travel_Rarely,21,4,3,2,3,2,1,20,10,21,0,No,0.38890376874037025,Medium
2159,50,Male,Single,Research & Development,Laboratory Technician,4,Life Sciences,3,15042,16,1,No,Travel_Rarely,19,3,2,2,4,1,6,19,6,30,0,No,0.4367657910137741,Medium
2160,29,Male,Single,Sales,Manager,1,Medical,4,5216,16,2,No,Travel_Rarely,12,3,2,2,3,3,6,3,0,13,0,No,0.360370071590528,Medium
2161,32,Male,Divorced,Research & Development,Research Scientist,3,Medical,2,16052,16,1,Yes,Travel_Rarely,24,2,2,2,3,5,9,10,0,14,0,No,0.7164250925883122,High
2162,58,Female,Single,Sales,Sales Executive,2,Life Sciences,4,10087,18,0,Yes,Travel_Rarely,27,1,2,2,4,0,8,12,8,40,1,Yes,0.8460559921237383,High
2163,56,Male,Married,Sales,Sales Representative,3,Medical,1,12734,15,0,Yes,Non-Travel,6,2,3,1,4,3,6,8,8,38,0,No,0.7015302810527517,High
2164,19,Female,Single,Research & Development,Laboratory Technician,2,Life Sciences,1,4945,20,1,No,Travel_Rarely,18,3,1,3,3,3,0,3,0,0,0,No,0.3553285913551938,Medium
2165,46,Male,Divorced,Sales,Manager,3,Life Sciences,1,10316,17,2,No,Non-Travel,13,2,1,1,3,5,7,11,8,29,0,No,0.34472378481715626,Medium
2166,58,Male,Divorced,Research & Development,Research Scientist,3,Life Sciences,1,18468,13,1,No,Non-Travel,7,4,1,2,3,3,7,8,5,37,0,No,0.20720061771266324,Low
2167,27,Female,Divorced,Research & Development,Research Scientist,4,Technical Degree,4,5624,19,1,No,Travel_Frequently,23,1,2,3,3,3,3,12,4,12,0,No,0.40378595759885416,Medium
2168,19,Female,Single,Research & Development,Laboratory Technician,4,Life Sciences,4,8274,20,2,No,Travel_Rarely,13,2,3,3,3,1,7,25,2,0,1,Yes,0.34575515754445524,Medium
2169,28,Female,Single,Sales,Sales Executive,4,Medical,4,11125,13,0,No,Travel_Rarely,21,4,1,2,3,4,3,37,26,8,0,No,0.46062637510140203,Medium
2170,30,Male,Married,Sales,Sales Representative,1,Life Sciences,1,16742,24,1,No,Travel_Rarely,8,3,3,2,3,1,7,12,10,10,0,No,0.26564191903323214,Low
2171,27,Male,Single,Research & Development,Laboratory Technician,4,Life Sciences,1,14901,24,1,No,Travel_Rarely,21,2,1,2,4,5,4,38,7,9,0,No,0.5114640690265269,Medium
2172,31,Male,Married,Human Resources,Manager,4,Life Sciences,3,5661,16,0,Yes,Travel_Rarely,17,3,2,2,4,2,3,27,19,10,0,No,0.7375234362620126,High
2173,35,Male,Married,Research & Development,Healthcare Representative,3,Medical,3,11482,13,1,Yes,Travel_Rarely,9,4,1,2,4,5,5,18,9,17,0,No,0.6047376665145197,High
2174,26,Male,Single,Sales,Manager,3,Life Sciences,1,10256,11,0,Yes,Travel_Rarely,20,3,2,2,4,5,1,23,12,6,0,No,0.7350445285357695,High
2175,56,Female,Married,Research & Development,Laboratory Technician,1,Life Sciences,3,17934,11,2,No,Travel_Rarely,13,4,2,3,3,5,1,18,2,36,0,No,0.17124177149882905,Low
2176,45,Male,Divorced,Research & Development,Manufacturing Director,2,Technical Degree,2,3170,13,0,No,Travel_Rarely,2,4,1,2,3,5,1,12,12,30,0,No,0.31321005551579767,Medium
2177,20,Female,Divorced,Research & Development,Healthcare Representative,3,Medical,2,19644,14,0,No,Travel_Rarely,4,4,3,2,3,3,8,12,5,3,0,No,0.2833531453687031,Low
2178,37,Male,Married,Sales,Sales Executive,3,Life Sciences,1,15597,24,1,Yes,Travel_Rarely,29,2,2,3,3,5,9,27,7,22,1,Yes,0.7248795722086264,High
2179,23,Female,Married,Research & Development,Healthcare Representative,2,Medical,4,13070,12,0,No,Travel_Rarely,25,3,3,1,3,2,2,1,0,6,0,No,0.5256983665303946,Medium
2180,44,Male,Single,Research & Development,Healthcare Representative,1,Life Sciences,2,7050,19,0,No,Travel_Frequently,2,3,1,2,3,5,9,9,8,29,0,No,0.47408436334374926,Medium
2181,19,Male,Single,Human Resources,Manager,3,Medical,2,13682,21,1,No,Travel_Frequently,4,1,2,3,4,1,3,21,21,2,1,Yes,0.3543219753882772,Medium
2182,46,Female,Married,Sales,Sales Executive,4,Life Sciences,4,2569,18,0,No,Travel_Rarely,18,1,3,3,3,3,9,12,4,28,0,No,0.5256801254687977,Medium
2183,55,Male,Divorced,Research & Development,Healthcare Representative,1,Life Sciences,3,12963,22,1,No,Travel_Rarely,5,1,2,1,3,1,7,8,1,39,0,No,0.4154793388987204,Medium
2184,20,Female,Single,Human Resources,Manager,2,Life Sciences,4,18557,23,2,No,Travel_Rarely,19,1,1,2,3,3,3,32,1,0,0,No,0.43423300312908164,Medium
2185,33,Male,Single,Sales,Sales Representative,2,Life Sciences,3,16087,13,0,No,Travel_Rarely,10,3,2,2,3,1,9,13,1,16,0,No,0.447083303794705,Medium
2186,47,Female,Single,Human Resources,Manager,4,Technical Degree,3,6428,17,2,Yes,Non-Travel,18,4,1,2,3,0,9,19,2,28,0,No,0.6623121707759888,High
2187,57,Female,Single,Research & Development,Manufacturing Director,4,Life Sciences,4,3731,14,0,Yes,Non-Travel,25,4,3,3,3,4,6,14,2,40,0,No,0.7299003858959893,High
2188,19,Male,Single,Sales,Manager,4,Life Sciences,3,11559,15,0,No,Non-Travel,21,2,2,2,3,4,4,31,3,1,0,No,0.5121258430743821,Medium
2189,34,Male,Married,Sales,Sales Executive,1,Medical,2,17863,14,2,No,Travel_Frequently,10,4,3,2,3,3,8,32,22,13,0,No,0.19472093418520506,Low
2190,58,Male,Married,Research & Development,Research Scientist,2,Medical,1,2477,19,2,No,Non-Travel,5,3,1,2,3,0,3,16,9,41,0,No,0.24982337730933782,Low
2191,29,Male,Single,Sales,Sales Representative,4,Life Sciences,3,1817,21,1,No,Non-Travel,17,3,1,2,3,2,2,23,10,14,0,No,0.4252249298628883,Medium
2192,52,Male,Single,Research & Development,Laboratory Technician,4,Life Sciences,2,7728,17,1,No,Travel_Rarely,22,3,3,1,4,0,1,29,28,31,0,No,0.4930518572871269,Medium
2193,18,Male,Married,Sales,Manager,2,Life Sciences,4,17372,23,2,No,Travel_Rarely,13,2,3,1,3,3,0,12,0,0,0,No,0.30319499954269546,Medium
2194,32,Male,Married,Research & Development,Laboratory Technician,3,Life Sciences,3,11600,14,0,No,Travel_Frequently,23,1,1,1,4,0,5,15,9,12,0,No,0.603328951051625,High
2195,43,Female,Single,Sales,Manager,1,Life Sciences,2,6082,23,1,No,Travel_Rarely,17,4,3,2,3,2,9,1,1,28,1,Yes,0.4238248912290786,Medium
2196,54,Male,Divorced,Research & Development,Research Scientist,3,Life Sciences,3,9021,18,0,No,Travel_Rarely,9,3,1,2,3,3,1,16,15,33,0,No,0.3215492483413471,Medium
2197,38,Female,Married,Human Resources,Human Resources,4,Medical,4,19038,12,1,No,Travel_Frequently,24,3,3,3,3,4,7,31,19,22,0,No,0.3795956337321856,Medium
2198,48,Male,Married,Human Resources,Manager,1,Other,1,14901,17,1,No,Non-Travel,12,1,1,3,3,5,5,7,4,31,0,No,0.35336295459282885,Medium
2199,42,Female,Divorced,Research & Development,Healthcare Representative,3,Medical,3,9258,21,1,No,Travel_Frequently,14,3,1,3,3,0,4,2,1,27,1,Yes,0.26070388858923327,Low
2200,40,Male,Married,Sales,Sales Representative,2,Life Sciences,1,18522,11,2,Yes,Non-Travel,14,4,2,2,3,4,1,11,7,22,0,No,0.41342708820866475,Medium
2201,41,Male,Divorced,Research & Development,Manufacturing Director,4,Medical,3,16156,18,0,No,Travel_Rarely,8,2,1,1,4,4,6,19,1,25,0,No,0.4844846437535835,Medium
2202,55,Female,Divorced,Sales,Sales Representative,1,Medical,3,18746,23,2,No,Non-Travel,23,3,1,1,3,1,1,15,8,39,0,No,0.2561986897227216,Low
2203,45,Female,Single,Sales,Sales Representative,1,Technical Degree,4,1776,24,1,Yes,Travel_Frequently,5,4,2,1,3,2,4,13,13,27,1,Yes,0.6413684636518358,High
2204,38,Male,Divorced,Sales,Manager,1,Medical,3,4904,22,2,No,Non-Travel,19,3,2,2,3,5,1,15,3,20,0,No,0.22824021028148653,Low
2205,35,Female,Single,Research & Development,Laboratory Technician,1,Medical,2,11209,24,2,No,Non-Travel,28,1,3,1,3,0,9,32,12,17,1,Yes,0.5524124084060634,Medium
2206,53,Female,Single,Research & Development,Healthcare Representative,4,Life Sciences,2,8338,23,2,Yes,Travel_Rarely,14,3,3,3,3,4,1,29,3,37,0,No,0.5746475601182613,Medium
2207,52,Female,Divorced,Research & Development,Manufacturing Director,4,Medical,1,16341,16,0,No,Non-Travel,9,3,1,3,3,4,6,11,2,31,0,No,0.24986098911326945,Low
2208,26,Male,Divorced,Research & Development,Manufacturing Director,2,Life Sciences,1,15630,22,2,Yes,Travel_Rarely,7,2,3,1,3,2,8,14,11,8,0,No,0.5894218959585688,Medium
2209,55,Female,Married,Sales,Sales Representative,2,Life Sciences,2,12343,15,2,Yes,Travel_Rarely,27,1,3,3,3,5,4,17,7,35,1,Yes,0.6251293476106765,High
2210,47,Female,Single,Human Resources,Human Resources,2,Life Sciences,1,19183,19,2,No,Travel_Rarely,26,1,1,1,3,5,6,27,1,31,0,No,0.6148496381286915,High
2211,51,Male,Married,Research & Development,Healthcare Representative,3,Medical,1,1894,19,2,No,Travel_Rarely,26,2,2,1,3,4,3,22,5,35,0,No,0.5403248784245502,Medium
2212,49,Male,Married,Research & Development,Healthcare Representative,2,Medical,2,8743,13,2,Yes,Travel_Frequently,8,3,2,3,3,4,1,13,5,33,0,No,0.4555370194422772,Medium
2213,20,Male,Single,Sales,Sales Executive,4,Human Resources,2,4915,19,2,No,Travel_Rarely,14,4,1,3,3,4,2,29,9,1,1,Yes,0.2600998753870495,Low
2214,20,Male,Divorced,Research & Development,Research Scientist,3,Life Sciences,2,5501,23,2,No,Travel_Rarely,22,1,1,3,3,4,1,32,20,0,0,No,0.3111741391456438,Medium
2215,45,Female,Married,Research & Development,Research Scientist,4,Life Sciences,4,10739,23,1,Yes,Travel_Rarely,28,1,1,3,3,1,4,14,9,24,1,Yes,0.717693992868252,High
2216,32,Female,Single,Sales,Sales Executive,3,Technical Degree,4,3082,19,2,Yes,Travel_Rarely,14,3,1,1,3,1,5,6,1,14,0,No,0.7117813246386112,High
2217,58,Female,Single,Sales,Sales Representative,2,Other,2,17705,12,2,No,Travel_Rarely,11,3,1,3,3,5,6,14,6,42,0,No,0.27498406225112515,Low
2218,40,Male,Married,Research & Development,Research Scientist,2,Medical,3,7278,15,0,No,Travel_Rarely,14,1,1,3,3,3,2,37,2,25,0,No,0.47019939531407723,Medium
2219,57,Male,Married,Research & Development,Research Scientist,2,Life Sciences,2,18203,21,1,No,Travel_Rarely,21,3,3,2,3,0,3,10,3,41,0,No,0.3528282996112524,Medium
2220,28,Male,Single,Sales,Sales Executive,3,Medical,4,7850,12,2,No,Travel_Rarely,8,4,3,3,3,2,7,28,9,10,0,No,0.2396905707125469,Low
2221,49,Female,Married,Human Resources,Human Resources,4,Life Sciences,1,11964,11,0,No,Travel_Rarely,3,1,3,3,3,3,3,30,28,28,0,No,0.3768015668682235,Medium
2222,53,Male,Single,Sales,Sales Representative,1,Technical Degree,3,3041,17,2,Yes,Travel_Rarely,28,4,2,1,3,1,6,24,8,35,1,Yes,0.7373104163743551,High
2223,50,Male,Married,Research & Development,Research Scientist,4,Marketing,3,10708,14,2,No,Travel_Rarely,29,4,1,1,3,1,5,23,19,32,0,No,0.4436279691210748,Medium
2224,41,Male,Married,Human Resources,Human Resources,2,Life Sciences,1,13746,15,2,No,Travel_Rarely,29,3,1,2,3,1,6,18,18,23,0,No,0.4172652576487516,Medium
2225,56,Male,Single,Research & Development,Healthcare Representative,3,Technical Degree,3,11771,14,2,No,Travel_Rarely,23,4,3,3,3,3,0,1,1,38,0,No,0.26966909991340576,Low
2226,51,Male,Married,Research & Development,Manufacturing Director,3,Medical,1,8138,16,2,Yes,Travel_Rarely,18,3,2,3,3,1,2,21,1,33,1,Yes,0.5285411973651868,Medium
2227,45,Male,Divorced,Research & Development,Laboratory Technician,2,Other,4,9797,21,0,Yes,Non-Travel,3,2,3,3,3,3,5,19,4,28,0,No,0.5251970140167679,Medium
2228,54,Female,Married,Sales,Sales Representative,3,Other,3,3156,12,2,No,Travel_Rarely,13,3,1,3,3,1,2,32,19,37,0,No,0.2529412729007948,Low
2229,24,Male,Married,Human Resources,Manager,2,Life Sciences,3,1624,18,0,No,Travel_Rarely,12,4,1,3,3,4,6,7,4,8,0,No,0.4093639520983298,Medium
2230,21,Female,Divorced,Research & Development,Healthcare Representative,4,Life Sciences,1,1956,14,2,Yes,Travel_Rarely,15,2,3,3,3,4,8,24,7,5,1,Yes,0.6077407701703484,High
2231,54,Male,Divorced,Research & Development,Research Scientist,3,Medical,1,6686,18,0,No,Travel_Rarely,18,3,3,2,3,0,2,8,6,39,0,No,0.40282271673841014,Medium
2232,18,Female,Single,Sales,Sales Representative,1,Other,4,8875,13,1,Yes,Travel_Rarely,5,4,1,3,3,1,0,33,5,3,0,No,0.49218053053890787,Medium
2233,18,Male,Married,Sales,Sales Executive,3,Other,1,3022,22,2,No,Travel_Frequently,7,1,3,3,3,0,9,22,10,1,0,No,0.2975434128780902,Low
2234,37,Female,Single,Sales,Sales Representative,2,Medical,1,17883,22,1,No,Travel_Rarely,11,1,1,3,3,3,5,4,3,16,0,No,0.34378810835014767,Medium
2235,36,Female,Single,Research & Development,Healthcare Representative,1,Life Sciences,4,19821,21,1,No,Travel_Rarely,26,3,3,2,3,0,0,24,17,17,0,No,0.369562888833832,Medium
2236,46,Male,Single,Research & Development,Manufacturing Director,2,Life Sciences,2,5996,15,1,No,Travel_Rarely,27,3,2,3,3,1,0,7,2,25,0,No,0.3770543734179758,Medium
2237,27,Female,Divorced,Research & Development,Manufacturing Director,3,Marketing,2,9742,22,2,No,Travel_Rarely,11,1,1,2,3,3,7,15,9,12,0,No,0.37531493876845745,Medium
2238,35,Male,Married,Research & Development,Healthcare Representative,1,Medical,1,10488,13,1,No,Travel_Rarely,27,4,2,1,3,3,8,14,8,19,0,No,0.5114688187150281,Medium
2239,45,Female,Single,Human Resources,Human Resources,1,Medical,4,10834,22,0,No,Travel_Rarely,15,4,3,3,4,4,1,0,0,28,0,No,0.362300416783338,Medium
2240,52,Male,Single,Sales,Sales Representative,3,Medical,2,3935,23,2,No,Travel_Frequently,10,4,2,2,3,3,8,21,20,31,0,No,0.2958557613055599,Low
2241,48,Female,Divorced,Research & Development,Manufacturing Director,1,Marketing,4,8291,17,1,No,Travel_Rarely,15,3,3,1,3,3,4,2,1,29,1,Yes,0.3681850176182115,Medium
2242,44,Female,Married,Research & Development,Healthcare Representative,4,Technical Degree,1,16644,13,2,Yes,Non-Travel,13,2,2,2,3,0,7,37,2,26,1,Yes,0.5807209251266321,Medium
2243,28,Male,Single,Research & Development,Research Scientist,1,Life Sciences,1,16856,22,1,Yes,Travel_Rarely,14,2,2,2,3,5,6,13,1,8,0,No,0.6993484522592563,High
2244,55,Male,Divorced,Research & Development,Manufacturing Director,1,Life Sciences,4,10499,18,0,No,Travel_Rarely,17,2,2,1,3,3,6,35,23,38,1,Yes,0.5207883223534476,Medium
2245,22,Female,Married,Research & Development,Healthcare Representative,4,Medical,3,7995,19,2,No,Travel_Rarely,13,2,1,3,3,2,3,17,14,5,0,No,0.3003367504287171,Medium
2246,25,Female,Single,Research & Development,Laboratory Technician,2,Human Resources,1,7871,23,2,No,Travel_Rarely,10,2,2,3,3,5,1,17,5,6,0,No,0.29081379117996187,Low
2247,51,Female,Married,Sales,Sales Executive,2,Life Sciences,1,13168,22,1,Yes,Non-Travel,25,3,3,2,4,4,4,2,1,33,0,No,0.6194783298364439,High
2248,29,Male,Divorced,Sales,Manager,4,Life Sciences,1,5432,12,0,No,Travel_Rarely,1,3,3,1,3,4,2,9,6,11,1,Yes,0.358413785029222,Medium
2249,55,Male,Divorced,Human Resources,Manager,1,Life Sciences,1,11459,13,2,No,Travel_Rarely,1,2,1,3,3,3,8,38,16,35,0,No,0.21885478346158752,Low
2250,18,Male,Single,Research & Development,Research Scientist,3,Life Sciences,4,9168,22,1,No,Non-Travel,15,3,1,2,3,0,5,0,0,0,0,No,0.3878212906338531,Medium
2251,48,Male,Single,Research & Development,Healthcare Representative,4,Life Sciences,4,3082,23,0,No,Travel_Rarely,16,3,3,1,4,5,0,26,0,29,0,No,0.5671024697397585,Medium
2252,21,Male,Single,Research & Development,Manufacturing Director,3,Medical,4,18094,17,0,No,Non-Travel,12,2,2,2,3,4,2,26,25,5,0,No,0.4405800432828786,Medium
2253,22,Male,Married,Sales,Manager,2,Life Sciences,4,11120,15,0,No,Travel_Rarely,26,4,3,1,3,4,3,10,1,4,0,No,0.48202888821776146,Medium
2254,47,Male,Married,Sales,Sales Executive,4,Medical,3,7834,20,0,No,Travel_Rarely,24,3,1,3,3,2,8,4,1,31,0,No,0.47023490185393363,Medium
2255,41,Male,Single,Research & Development,Laboratory Technician,3,Life Sciences,4,11661,17,2,Yes,Travel_Rarely,6,4,1,3,3,3,5,6,6,26,1,Yes,0.5160294953629793,Medium
2256,20,Male,Married,Research & Development,Research Scientist,1,Life Sciences,4,13463,12,2,No,Non-Travel,6,3,3,2,3,5,3,18,18,5,0,No,0.2286589905473819,Low
2257,28,Female,Married,Sales,Manager,4,Medical,1,8977,24,0,No,Travel_Rarely,12,3,2,3,3,4,0,28,27,12,0,No,0.32636051654843795,Medium
2258,21,Male,Married,Research & Development,Manufacturing Director,3,Medical,3,13525,24,1,No,Travel_Rarely,25,2,2,3,3,4,7,14,0,2,0,No,0.4112940219562752,Medium
2259,43,Male,Divorced,Sales,Manager,4,Life Sciences,1,15299,14,1,Yes,Travel_Rarely,15,3,1,1,3,4,1,34,30,26,1,Yes,0.6326378131055276,High
2260,44,Male,Married,Research & Development,Laboratory Technician,4,Technical Degree,3,8785,11,0,No,Travel_Rarely,4,1,3,3,3,4,7,36,34,27,0,No,0.4408806237024533,Medium
2261,44,Male,Married,Sales,Manager,2,Life Sciences,2,9567,15,0,No,Travel_Frequently,24,1,3,1,3,0,5,11,0,27,0,No,0.5898755572402615,Medium
2262,59,Female,Married,Research & Development,Manufacturing Director,2,Life Sciences,3,9728,18,1,Yes,Travel_Frequently,4,2,1,1,3,1,7,29,7,38,0,No,0.6763604246468311,High
2263,23,Male,Divorced,Sales,Sales Executive,1,Medical,3,5895,11,0,No,Non-Travel,2,4,3,2,3,2,5,19,11,6,0,No,0.23249913705858938,Low
2264,32,Female,Single,Research & Development,Manufacturing Director,2,Technical Degree,1,5628,17,0,No,Non-Travel,27,4,1,1,3,0,4,36,18,13,1,Yes,0.5521037925963141,Medium
2265,47,Male,Divorced,Sales,Sales Executive,2,Medical,3,14965,17,2,No,Travel_Rarely,24,4,2,3,3,2,4,2,0,27,0,No,0.1795596294775114,Low
2266,59,Female,Single,Sales,Manager,2,Life Sciences,3,11354,17,2,No,Travel_Rarely,12,1,2,1,3,4,9,8,8,44,0,No,0.5356530011380302,Medium
2267,54,Male,Single,Research & Development,Research Scientist,3,Medical,1,7884,11,0,Yes,Travel_Rarely,7,4,3,1,3,2,9,38,31,36,1,Yes,0.7760250521317272,High
2268,54,Male,Single,Research & Development,Research Scientist,4,Life Sciences,2,11109,22,0,No,Travel_Rarely,20,4,2,2,3,3,7,25,11,37,0,No,0.5215091700477396,Medium
2269,59,Female,Divorced,Research & Development,Healthcare Representative,2,Marketing,2,8865,21,2,Yes,Non-Travel,9,2,2,3,4,3,6,1,0,38,0,No,0.423274046622642,Medium
2270,54,Male,Married,Sales,Sales Executive,3,Life Sciences,2,6410,13,0,No,Travel_Rarely,9,4,1,3,3,1,7,22,12,39,1,Yes,0.3412376267622238,Medium
2271,52,Female,Single,Research & Development,Research Scientist,4,Technical Degree,3,4031,21,2,No,Travel_Rarely,8,1,1,3,3,1,7,22,0,37,0,No,0.4225264422051368,Medium
2272,40,Male,Divorced,Research & Development,Laboratory Technician,2,Life Sciences,1,12684,12,2,No,Travel_Frequently,14,1,3,1,3,2,6,20,18,24,0,No,0.3894298385854087,Medium
2273,23,Female,Married,Research & Development,Manufacturing Director,2,Other,2,11921,15,1,Yes,Travel_Rarely,1,1,1,3,3,0,1,15,5,2,0,No,0.5164106814636397,Medium
2274,21,Female,Divorced,Sales,Sales Representative,4,Life Sciences,2,6747,12,2,No,Travel_Rarely,23,2,3,3,3,0,8,8,7,2,0,No,0.29418740402559107,Low
2275,35,Female,Single,Research & Development,Manufacturing Director,3,Technical Degree,2,16135,23,1,No,Travel_Rarely,21,2,3,1,3,4,6,12,3,15,0,No,0.5460570769955452,Medium
2276,26,Male,Single,Sales,Sales Executive,3,Life Sciences,2,2779,24,1,No,Travel_Rarely,23,3,1,2,3,0,5,27,4,9,1,Yes,0.49214943407728834,Medium
2277,46,Male,Married,Sales,Manager,1,Life Sciences,1,13314,15,2,No,Non-Travel,12,4,2,2,4,1,8,26,24,29,0,No,0.22135141338795566,Low
2278,30,Female,Married,Human Resources,Human Resources,4,Life Sciences,2,10978,15,0,No,Travel_Rarely,25,2,2,1,3,0,0,16,6,9,0,No,0.5719326098927183,Medium
2279,34,Female,Married,Sales,Manager,1,Technical Degree,3,13413,14,2,No,Non-Travel,2,1,2,2,3,4,1,37,22,15,0,No,0.22277765016009363,Low
2280,49,Male,Married,Research & Development,Research Scientist,3,Life Sciences,3,9998,21,1,No,Non-Travel,13,1,2,2,4,3,0,35,3,28,0,No,0.35094585218317753,Medium
2281,39,Male,Married,Research & Development,Manufacturing Director,2,Life Sciences,1,4224,17,2,Yes,Non-Travel,27,2,3,2,4,0,9,0,0,18,1,Yes,0.6756601491402485,High
2282,21,Male,Single,Research & Development,Manufacturing Director,1,Life Sciences,4,12989,20,2,Yes,Non-Travel,4,2,2,3,3,0,2,17,3,1,0,No,0.42974819112654394,Medium
2283,22,Female,Married,Research & Development,Manufacturing Director,3,Other,2,7703,16,1,No,Travel_Rarely,20,2,3,2,3,1,4,8,4,3,0,No,0.4318920983810077,Medium
2284,54,Male,Married,Sales,Sales Executive,3,Life Sciences,2,18145,12,2,No,Travel_Frequently,18,3,1,3,3,2,0,12,4,34,0,No,0.18588884477925322,Low
2285,58,Male,Single,Sales,Manager,2,Life Sciences,3,11670,14,2,No,Travel_Rarely,19,1,1,2,3,3,3,39,1,39,0,No,0.4317179453266461,Medium
2286,30,Female,Single,Research & Development,Research Scientist,4,Other,1,2401,23,1,No,Travel_Rarely,16,3,3,3,3,2,7,14,10,13,0,No,0.4261437641367452,Medium
2287,51,Female,Divorced,Sales,Sales Representative,3,Human Resources,4,7798,24,0,Yes,Non-Travel,27,3,2,1,3,4,5,3,2,33,1,Yes,0.7423699332355451,High
2288,39,Female,Divorced,Research & Development,Manufacturing Director,1,Life Sciences,3,15394,21,1,No,Travel_Rarely,14,4,3,1,3,4,0,32,15,23,0,No,0.2902608055235298,Low
2289,40,Male,Single,Sales,Sales Executive,2,Technical Degree,4,18070,17,1,Yes,Non-Travel,29,1,2,2,3,2,0,23,16,22,0,No,0.7159455313808052,High
2290,20,Male,Single,Sales,Sales Executive,4,Life Sciences,1,1114,19,2,Yes,Travel_Rarely,8,1,2,3,3,1,2,35,19,5,1,Yes,0.6371686567377381,High
2291,59,Female,Single,Research & Development,Research Scientist,4,Life Sciences,1,12488,19,1,No,Non-Travel,12,2,3,1,3,5,9,9,9,40,1,Yes,0.5172804229306368,Medium
2292,51,Female,Divorced,Sales,Sales Representative,4,Technical Degree,1,2955,22,2,Yes,Travel_Rarely,9,2,3,1,3,1,7,35,22,33,0,No,0.639450112602561,High
2293,49,Female,Married,Research & Development,Research Scientist,3,Marketing,3,6553,13,2,No,Non-Travel,6,4,2,1,3,5,7,19,1,28,0,No,0.2885990705603465,Low
2294,38,Female,Divorced,Research & Development,Healthcare Representative,4,Life Sciences,1,18488,11,2,Yes,Travel_Frequently,26,3,3,1,3,5,2,10,10,21,1,Yes,0.6209788459744536,High
2295,38,Male,Divorced,Research & Development,Laboratory Technician,3,Life Sciences,3,14284,19,1,No,Travel_Rarely,18,2,2,2,3,1,6,11,1,22,0,No,0.38679300051362414,Medium
2296,28,Female,Married,Sales,Sales Representative,2,Life Sciences,3,7994,18,1,No,Travel_Rarely,2,2,3,3,3,5,2,17,0,12,0,No,0.2603584963631199,Low
2297,56,Male,Single,Sales,Sales Executive,2,Marketing,2,2791,17,2,Yes,Travel_Frequently,23,1,1,1,3,5,3,29,25,41,1,Yes,0.8130186583862685,High
2298,21,Male,Married,Sales,Manager,4,Other,3,7222,16,0,No,Travel_Rarely,8,1,2,2,3,5,8,36,1,5,0,No,0.5406828119242802,Medium
2299,18,Female,Single,Research & Development,Healthcare Representative,2,Life Sciences,3,15494,24,0,No,Travel_Frequently,24,2,1,1,3,3,3,19,8,1,1,Yes,0.6063842160966717,High
2300,45,Male,Single,Research & Development,Healthcare Representative,1,Technical Degree,2,16614,20,1,No,Non-Travel,14,1,3,1,3,4,2,24,21,27,0,No,0.4658116249667555,Medium
2301,41,Male,Single,Sales,Sales Representative,1,Life Sciences,4,5878,17,2,Yes,Travel_Rarely,6,4,1,1,3,5,4,11,9,25,0,No,0.629782465263873,High
2302,52,Male,Married,Human Resources,Human Resources,3,Medical,2,18954,21,2,No,Travel_Rarely,10,2,3,1,3,4,6,20,1,36,0,No,0.40954792262543704,Medium
2303,30,Male,Married,Sales,Sales Representative,4,Life Sciences,2,10876,19,1,No,Travel_Rarely,8,1,2,2,3,4,4,24,14,11,0,No,0.39425417879487507,Medium
2304,51,Female,Single,Research & Development,Healthcare Representative,3,Medical,1,4990,16,0,No,Travel_Rarely,17,4,3,3,3,3,3,10,9,30,0,No,0.37993605370803313,Medium
2305,28,Female,Married,Research & Development,Research Scientist,2,Life Sciences,1,10502,24,1,No,Travel_Frequently,25,1,3,2,3,4,7,8,8,9,0,No,0.49742840040036285,Medium
2306,53,Male,Single,Research & Development,Healthcare Representative,4,Human Resources,2,6691,24,1,No,Travel_Frequently,29,1,2,2,3,2,3,24,22,35,0,No,0.5858255979848171,Medium
2307,34,Male,Married,Research & Development,Research Scientist,3,Life Sciences,1,6791,20,2,No,Non-Travel,12,1,3,2,3,0,1,34,16,17,0,No,0.3151693524237043,Medium
2308,52,Male,Married,Research & Development,Laboratory Technician,4,Life Sciences,2,18336,13,1,No,Travel_Rarely,17,2,2,1,3,3,9,31,27,35,1,Yes,0.5316268168669025,Medium
2309,35,Male,Single,Sales,Sales Executive,4,Technical Degree,1,10146,23,0,No,Travel_Rarely,13,3,3,3,3,0,5,13,8,16,1,Yes,0.37066717214357886,Medium
2310,57,Female,Married,Research & Development,Laboratory Technician,3,Medical,3,17993,24,1,No,Travel_Rarely,19,1,2,1,3,2,1,0,0,37,0,No,0.46717168761623074,Medium
2311,39,Male,Married,Sales,Sales Executive,4,Life Sciences,1,14021,13,2,No,Non-Travel,12,4,1,2,3,1,2,16,3,20,0,No,0.1961526868924673,Low
2312,41,Female,Single,Research & Development,Manufacturing Director,2,Medical,1,2533,14,0,No,Travel_Rarely,16,2,3,1,3,1,0,24,8,21,0,No,0.5722320902440632,Medium
2313,36,Male,Single,Research & Development,Manufacturing Director,1,Technical Degree,3,17643,20,2,No,Travel_Rarely,25,2,3,3,4,5,4,7,7,21,1,Yes,0.36991997817224265,Medium
2314,54,Male,Divorced,Research & Development,Laboratory Technician,1,Medical,2,1087,23,1,Yes,Travel_Rarely,27,4,3,3,4,1,8,4,3,35,0,No,0.5954739273583766,Medium
2315,56,Male,Single,Research & Development,Laboratory Technician,4,Life Sciences,1,4132,24,1,No,Travel_Rarely,5,1,2,1,3,3,1,4,2,36,1,Yes,0.5129838254433372,Medium
2316,38,Male,Married,Research & Development,Laboratory Technician,1,Life Sciences,1,8073,24,1,No,Travel_Rarely,25,3,3,2,3,1,6,34,32,18,0,No,0.4110677139788907,Medium
2317,25,Female,Divorced,Research & Development,Laboratory Technician,4,Other,3,14077,20,2,No,Travel_Rarely,16,1,2,1,3,3,4,18,5,9,0,No,0.4218937173485752,Medium
2318,45,Male,Single,Research & Development,Healthcare Representative,3,Life Sciences,3,9426,18,1,No,Travel_Frequently,25,4,3,2,4,3,1,22,9,30,1,Yes,0.4189338168183713,Medium
2319,22,Male,Single,Sales,Manager,2,Life Sciences,3,14371,20,0,No,Travel_Rarely,6,2,1,3,3,0,7,8,3,6,0,No,0.39044856114114684,Medium
2320,34,Female,Divorced,Sales,Sales Representative,1,Medical,4,2218,19,0,No,Travel_Rarely,11,3,3,1,3,1,5,29,21,14,0,No,0.40028679901159264,Medium
2321,54,Female,Single,Sales,Sales Executive,3,Life Sciences,3,6162,24,2,Yes,Travel_Rarely,17,2,1,3,3,4,3,15,5,34,0,No,0.6105592311888436,High
2322,53,Male,Married,Sales,Sales Executive,2,Life Sciences,2,5907,18,2,No,Non-Travel,26,4,2,2,3,1,3,32,12,32,0,No,0.2588561522913126,Low
2323,36,Female,Married,Research & Development,Healthcare Representative,1,Other,1,19571,21,2,No,Travel_Frequently,23,1,1,2,3,1,1,1,1,16,0,No,0.32142788205954326,Medium
2324,44,Male,Divorced,Sales,Sales Representative,1,Life Sciences,1,11880,20,1,No,Travel_Rarely,14,3,3,1,3,1,2,13,3,28,0,No,0.31926270475413476,Medium
2325,51,Female,Divorced,Human Resources,Human Resources,2,Marketing,4,8619,12,0,No,Travel_Frequently,6,2,3,1,3,5,6,0,0,31,1,Yes,0.4524387465482484,Medium
2326,28,Male,Divorced,Sales,Sales Representative,3,Technical Degree,1,12086,14,0,No,Travel_Rarely,25,2,2,1,3,4,2,25,5,11,0,No,0.5213578311989615,Medium
2327,29,Female,Married,Sales,Sales Executive,3,Life Sciences,1,16800,14,0,No,Travel_Rarely,23,2,3,3,4,4,4,24,10,8,0,No,0.3818253908167674,Medium
2328,38,Male,Divorced,Research & Development,Healthcare Representative,1,Life Sciences,2,3553,22,2,Yes,Travel_Rarely,28,1,3,2,3,3,9,15,7,18,0,No,0.720006939942467,High
2329,28,Male,Divorced,Research & Development,Research Scientist,2,Human Resources,1,6531,12,2,Yes,Travel_Rarely,11,3,2,2,3,4,5,14,12,12,0,No,0.556581266975886,Medium
2330,56,Female,Divorced,Research & Development,Laboratory Technician,3,Marketing,2,3379,23,1,Yes,Travel_Rarely,12,1,2,3,3,3,5,25,2,40,0,No,0.6518178348661612,High
2331,45,Female,Married,Research & Development,Laboratory Technician,2,Life Sciences,4,5719,18,2,No,Travel_Rarely,13,1,1,1,3,0,3,15,3,27,0,No,0.4501742192628145,Medium
2332,22,Female,Single,Research & Development,Healthcare Representative,2,Life Sciences,2,1337,13,0,No,Travel_Rarely,4,1,2,1,3,3,5,13,9,6,0,No,0.6352596771145388,High
2333,34,Female,Married,Sales,Manager,1,Medical,3,14692,12,1,No,Travel_Rarely,7,4,3,3,3,1,2,28,28,13,0,No,0.16465324961234307,Low
2334,37,Male,Single,Human Resources,Manager,2,Medical,3,6588,17,2,No,Travel_Rarely,2,4,2,2,3,2,6,23,0,21,0,No,0.31558903680477474,Medium
2335,58,Male,Single,Human Resources,Human Resources,2,Medical,4,14131,11,2,No,Travel_Rarely,6,4,3,2,3,2,6,14,3,41,0,No,0.297778970892277,Low
2336,29,Female,Single,Research & Development,Laboratory Technician,4,Other,1,7803,16,0,No,Travel_Rarely,6,3,1,2,3,5,3,18,10,10,0,No,0.4605943860808093,Medium
2337,23,Female,Divorced,Sales,Sales Executive,2,Medical,2,1129,23,1,No,Travel_Rarely,18,1,2,2,4,1,1,7,1,6,0,No,0.39526774842155904,Medium
2338,34,Male,Married,Research & Development,Manufacturing Director,3,Technical Degree,3,7758,23,2,No,Non-Travel,20,1,3,3,3,3,6,33,11,19,1,Yes,0.3569005188122539,Medium
2339,36,Male,Married,Sales,Sales Executive,1,Medical,2,14772,13,2,No,Non-Travel,8,4,2,2,3,1,2,1,1,19,0,No,0.1663943625341787,Low
2340,43,Male,Married,Sales,Sales Representative,1,Life Sciences,3,18357,23,1,No,Travel_Rarely,8,1,2,3,3,5,0,26,24,22,0,No,0.241041938682702,Low
2341,49,Female,Single,Sales,Sales Representative,2,Marketing,2,16459,13,1,Yes,Travel_Rarely,29,1,2,1,3,4,1,9,7,28,1,Yes,0.8023431512069414,High
2342,23,Male,Married,Research & Development,Laboratory Technician,2,Medical,1,4684,15,2,No,Travel_Rarely,8,2,2,3,3,3,9,34,3,5,0,No,0.3127075831301452,Medium
2343,53,Male,Married,Research & Development,Laboratory Technician,3,Life Sciences,4,19469,24,2,Yes,Travel_Rarely,8,1,1,2,3,1,8,22,6,37,0,No,0.6405464794490218,High
2344,55,Male,Divorced,Research & Development,Manufacturing Director,4,Life Sciences,1,6652,13,0,No,Travel_Rarely,1,2,3,1,3,4,7,7,1,37,0,No,0.4645637165747249,Medium
2345,28,Female,Single,Research & Development,Healthcare Representative,1,Medical,2,12569,22,1,No,Travel_Frequently,2,1,2,3,3,5,5,27,18,7,0,No,0.31529040033134215,Medium
2346,50,Female,Single,Research & Development,Manufacturing Director,4,Medical,3,18709,14,2,No,Travel_Frequently,12,3,3,3,3,4,5,22,3,34,0,No,0.2683854978530227,Low
2347,41,Female,Married,Sales,Sales Representative,3,Other,3,18589,23,2,Yes,Non-Travel,15,4,1,3,3,3,0,3,1,20,0,No,0.3264524353786727,Medium
2348,40,Female,Single,Research & Development,Research Scientist,1,Technical Degree,4,16392,23,2,No,Travel_Rarely,4,2,3,1,4,5,1,13,9,19,0,No,0.31958127454372415,Medium
2349,32,Male,Single,Human Resources,Human Resources,3,Life Sciences,1,4179,13,2,Yes,Travel_Rarely,28,4,3,3,3,5,3,28,20,13,0,No,0.653961586174031,High
2350,44,Male,Single,Sales,Sales Executive,2,Marketing,1,1364,17,0,No,Travel_Rarely,25,2,1,2,3,5,2,0,0,27,0,No,0.6070889430164318,High
2351,28,Female,Married,Research & Development,Laboratory Technician,3,Life Sciences,1,10727,13,1,Yes,Travel_Rarely,3,2,2,1,3,0,0,3,1,10,1,Yes,0.6435271014055464,High
2352,34,Male,Single,Research & Development,Manufacturing Director,2,Life Sciences,3,1037,24,2,No,Travel_Rarely,14,2,3,1,3,5,7,31,13,16,1,Yes,0.5293341460433044,Medium
2353,31,Male,Married,Research & Development,Manufacturing Director,4,Life Sciences,4,15840,20,1,No,Travel_Frequently,22,3,3,3,3,0,6,32,15,11,0,No,0.29970466609823176,Low
2354,44,Female,Divorced,Research & Development,Manufacturing Director,1,Medical,3,18406,14,1,No,Travel_Rarely,23,1,2,2,4,4,3,25,21,29,1,Yes,0.4227518678036366,Medium
2355,35,Female,Divorced,Research & Development,Research Scientist,1,Life Sciences,1,11903,12,2,Yes,Non-Travel,8,2,2,1,3,0,8,16,10,16,0,No,0.5596949227158085,Medium
2356,45,Female,Married,Research & Development,Laboratory Technician,4,Life Sciences,2,10028,12,2,Yes,Travel_Rarely,13,3,3,3,3,4,3,38,16,24,0,No,0.49462458437578277,Medium
2357,21,Female,Married,Human Resources,Manager,2,Life Sciences,3,13647,19,2,No,Non-Travel,23,2,1,2,3,0,0,22,13,0,0,No,0.30336777801316256,Medium
2358,24,Male,Single,Research & Development,Healthcare Representative,1,Life Sciences,4,15898,21,0,No,Travel_Rarely,19,1,2,3,3,4,9,31,21,5,0,No,0.5291295033336947,Medium
2359,52,Female,Single,Sales,Sales Representative,3,Other,1,3033,11,2,No,Travel_Rarely,22,2,2,3,3,4,0,14,3,36,0,No,0.377617473972866,Medium
2360,26,Male,Single,Research & Development,Manufacturing Director,2,Other,2,6848,11,1,Yes,Travel_Rarely,5,3,1,1,3,5,0,12,2,8,1,Yes,0.7032248815538514,High
2361,25,Female,Married,Human Resources,Manager,1,Marketing,3,14512,20,1,No,Non-Travel,13,1,3,1,3,5,0,1,1,4,0,No,0.4008148761472344,Medium
2362,34,Male,Married,Sales,Manager,3,Medical,2,11312,11,0,Yes,Travel_Rarely,28,3,2,3,4,4,3,18,6,19,0,No,0.7119365409641452,High
2363,34,Male,Divorced,Research & Development,Laboratory Technician,3,Marketing,2,18147,24,2,Yes,Travel_Rarely,26,1,3,1,3,5,0,23,8,14,0,No,0.667039941876553,High
2364,50,Female,Divorced,Research & Development,Research Scientist,1,Marketing,4,18631,13,2,No,Travel_Rarely,20,1,3,1,3,4,1,23,18,32,0,No,0.3635220511505461,Medium
2365,49,Male,Single,Research & Development,Manufacturing Director,4,Marketing,3,2915,12,0,No,Travel_Rarely,1,4,3,2,3,5,3,10,5,32,0,No,0.41267212678049703,Medium
2366,25,Female,Married,Sales,Sales Executive,4,Life Sciences,4,8408,13,0,Yes,Travel_Frequently,16,4,1,2,3,2,6,21,15,10,1,Yes,0.6946514998578404,High
2367,36,Male,Single,Research & Development,Research Scientist,1,Life Sciences,1,8970,24,2,Yes,Travel_Rarely,29,4,3,3,3,0,1,14,1,17,1,Yes,0.5478273768736377,Medium
2368,55,Male,Married,Human Resources,Manager,3,Life Sciences,2,13040,15,2,Yes,Travel_Rarely,23,1,3,3,3,4,7,9,6,37,0,No,0.6886716305005376,High
2369,20,Male,Single,Sales,Sales Representative,4,Life Sciences,4,16137,19,1,No,Travel_Rarely,24,2,2,3,3,1,6,26,20,3,1,Yes,0.42689535474762474,Medium
2370,22,Female,Divorced,Sales,Sales Executive,4,Life Sciences,4,16672,12,2,No,Non-Travel,2,3,2,3,3,5,8,8,4,2,0,No,0.14022871622016,Low
2371,30,Male,Divorced,Human Resources,Human Resources,4,Technical Degree,1,2469,22,2,Yes,Travel_Rarely,7,3,1,2,3,5,5,27,10,14,0,No,0.6019688832989035,High
2372,48,Male,Single,Sales,Sales Representative,2,Marketing,3,16691,21,1,Yes,Travel_Rarely,6,3,1,1,3,3,3,0,0,29,1,Yes,0.6495892642604106,High
2373,33,Female,Divorced,Research & Development,Manufacturing Director,4,Life Sciences,4,16202,24,1,No,Travel_Frequently,5,4,2,2,3,1,5,16,6,17,0,No,0.22206796771929127,Low
2374,49,Male,Married,Research & Development,Research Scientist,1,Life Sciences,2,18809,11,1,No,Travel_Frequently,29,1,2,3,4,1,3,30,8,34,0,No,0.40869674269292616,Medium
2375,39,Male,Married,Sales,Manager,1,Medical,2,12054,21,1,No,Travel_Rarely,4,4,1,3,3,2,6,9,3,18,1,Yes,0.18998486587997335,Low
2376,46,Female,Married,Research & Development,Research Scientist,2,Life Sciences,2,8775,16,0,Yes,Travel_Frequently,2,2,3,2,3,0,8,36,24,30,0,No,0.6874074364731394,High
2377,39,Male,Married,Research & Development,Laboratory Technician,2,Life Sciences,2,18821,13,1,Yes,Travel_Frequently,10,1,1,2,3,2,2,28,12,18,0,No,0.6104578437265326,High
2378,20,Male,Divorced,Research & Development,Manufacturing Director,1,Technical Degree,4,5387,23,0,No,Travel_Rarely,22,3,3,3,3,0,2,17,3,5,0,No,0.3431273455961978,Medium
2379,27,Female,Married,Research & Development,Laboratory Technician,2,Medical,2,8538,17,1,No,Travel_Rarely,5,4,2,1,3,4,1,37,33,10,0,No,0.33451315774388035,Medium
2380,59,Female,Married,Research & Development,Research Scientist,4,Technical Degree,4,4080,16,1,Yes,Travel_Rarely,18,4,2,3,3,2,0,38,8,41,0,No,0.5676343211090267,Medium
2381,38,Female,Divorced,Sales,Sales Representative,3,Technical Degree,3,17948,21,1,No,Travel_Rarely,10,2,2,2,4,3,0,5,3,18,0,No,0.2424855774166249,Low
2382,33,Female,Divorced,Research & Development,Manufacturing Director,3,Human Resources,2,18956,17,2,Yes,Travel_Rarely,23,2,3,3,4,0,2,39,1,16,0,No,0.492245797719087,Medium
2383,29,Male,Single,Human Resources,Manager,3,Life Sciences,3,12701,23,0,No,Non-Travel,22,4,1,3,3,2,6,11,5,9,0,No,0.39729244002036374,Medium
2384,19,Female,Single,Sales,Sales Representative,1,Life Sciences,4,2049,23,1,No,Travel_Rarely,28,2,3,1,3,3,8,13,4,3,1,Yes,0.646827091333387,High
2385,58,Female,Married,Research & Development,Manufacturing Director,2,Life Sciences,1,3695,15,2,Yes,Travel_Frequently,15,3,1,3,3,1,1,9,4,38,1,Yes,0.48338646294284754,Medium
2386,41,Female,Divorced,Sales,Sales Representative,3,Life Sciences,3,13675,11,0,No,Travel_Rarely,27,2,1,3,3,5,6,19,19,25,0,No,0.4453066175010064,Medium
2387,52,Male,Single,Research & Development,Laboratory Technician,4,Medical,2,3562,24,0,No,Travel_Rarely,9,2,1,3,3,4,0,14,5,32,0,No,0.42690666787876613,Medium
2388,47,Female,Married,Sales,Manager,4,Technical Degree,1,2788,13,2,No,Travel_Rarely,11,4,2,2,3,4,1,30,4,28,0,No,0.257774233519062,Low
2389,47,Male,Single,Human Resources,Human Resources,4,Other,3,14195,13,0,No,Travel_Rarely,26,4,1,2,3,1,5,6,2,30,0,No,0.5541368668735467,Medium
2390,52,Female,Married,Research & Development,Manufacturing Director,2,Technical Degree,4,17468,17,2,Yes,Travel_Rarely,21,1,2,1,3,2,4,9,3,33,0,No,0.7187257697919227,High
2391,36,Male,Divorced,Sales,Sales Executive,3,Medical,4,6066,24,1,No,Non-Travel,25,1,1,3,3,5,7,9,8,18,0,No,0.385939215943484,Medium
2392,25,Female,Married,Sales,Sales Representative,4,Medical,4,19742,23,2,Yes,Travel_Rarely,25,4,1,2,3,1,1,38,28,7,0,No,0.5239544188247066,Medium
2393,43,Female,Married,Sales,Manager,2,Life Sciences,3,3271,13,0,No,Travel_Rarely,29,2,2,1,3,3,0,27,21,22,0,No,0.5793046082459005,Medium
2394,57,Male,Divorced,Research & Development,Healthcare Representative,4,Life Sciences,4,11317,21,0,No,Travel_Rarely,17,2,2,3,3,5,6,29,26,36,0,No,0.3811016537360706,Medium
2395,24,Female,Single,Sales,Sales Executive,3,Technical Degree,3,17785,15,1,No,Travel_Rarely,21,1,3,1,3,0,5,36,9,3,1,Yes,0.5263920208476375,Medium
2396,47,Male,Divorced,Research & Development,Research Scientist,3,Life Sciences,2,18501,14,2,Yes,Travel_Rarely,9,1,1,1,3,2,7,2,1,32,0,No,0.671074896814981,High
2397,24,Female,Married,Research & Development,Healthcare Representative,3,Medical,2,6197,14,1,No,Travel_Rarely,23,1,2,1,3,5,7,14,12,6,0,No,0.6315495098364802,High
2398,20,Male,Married,Sales,Manager,3,Technical Degree,3,9811,23,2,No,Travel_Frequently,16,3,3,1,3,0,1,20,9,0,0,No,0.2847403519233016,Low
2399,18,Female,Married,Research & Development,Healthcare Representative,3,Life Sciences,3,6066,17,2,No,Travel_Rarely,6,3,3,1,3,1,7,36,9,2,0,No,0.3728061371599211,Medium
2400,53,Male,Married,Research & Development,Manufacturing Director,4,Other,1,5007,11,2,Yes,Travel_Rarely,22,1,2,1,3,4,5,11,5,38,0,No,0.8140564663935843,High
2401,42,Male,Divorced,Sales,Manager,3,Life Sciences,4,9873,17,1,Yes,Non-Travel,11,2,1,1,3,5,8,3,1,22,1,Yes,0.6584943666293785,High
2402,54,Male,Divorced,Sales,Sales Executive,4,Technical Degree,2,4686,18,1,No,Travel_Rarely,23,1,3,3,3,5,6,8,0,37,1,Yes,0.41885787742597913,Medium
2403,18,Female,Divorced,Sales,Sales Executive,3,Life Sciences,2,6805,13,0,No,Travel_Rarely,17,3,1,3,3,0,1,38,4,0,0,No,0.29888267054911144,Low
2404,32,Female,Single,Research & Development,Laboratory Technician,4,Life Sciences,1,15459,13,1,Yes,Travel_Rarely,4,2,1,1,4,0,7,27,25,16,0,No,0.7589401654682421,High
2405,54,Male,Married,Research & Development,Research Scientist,3,Life Sciences,3,7372,14,2,No,Travel_Rarely,29,3,3,3,3,4,8,22,5,38,0,No,0.39249314784423045,Medium
2406,30,Male,Married,Research & Development,Manufacturing Director,4,Marketing,3,9132,23,2,No,Travel_Rarely,15,2,2,1,4,0,6,39,24,14,0,No,0.45467541223749,Medium
2407,57,Male,Divorced,Research & Development,Healthcare Representative,3,Technical Degree,1,9231,16,2,No,Travel_Rarely,1,3,1,3,4,0,3,21,18,36,0,No,0.15169600395655294,Low
2408,25,Female,Married,Research & Development,Laboratory Technician,2,Medical,4,14663,24,1,Yes,Travel_Rarely,22,2,2,2,3,5,8,23,17,9,1,Yes,0.7488152587187139,High
2409,22,Female,Divorced,Research & Development,Laboratory Technician,4,Human Resources,3,18793,17,0,Yes,Travel_Frequently,29,2,3,1,3,4,3,25,3,6,0,No,0.782535887931043,High
2410,26,Male,Divorced,Research & Development,Laboratory Technician,2,Technical Degree,3,5080,11,1,No,Travel_Frequently,20,2,1,2,3,4,3,29,7,8,0,No,0.39662623858208196,Medium
2411,18,Male,Married,Sales,Sales Representative,4,Life Sciences,4,9817,23,0,Yes,Travel_Rarely,1,2,2,1,3,5,8,32,31,0,0,No,0.753433291432683,High
2412,53,Male,Divorced,Sales,Manager,4,Medical,4,3795,14,1,No,Travel_Rarely,9,4,2,1,3,1,7,15,7,38,0,No,0.37120579442858764,Medium
2413,52,Female,Divorced,Sales,Sales Representative,4,Life Sciences,1,1879,22,2,No,Travel_Rarely,12,3,1,2,3,1,3,21,18,37,0,No,0.2848870576985515,Low
2414,19,Male,Divorced,Sales,Manager,1,Medical,1,5205,17,0,No,Non-Travel,4,3,2,2,3,5,7,17,2,0,0,No,0.2931574732200457,Low
2415,57,Female,Married,Research & Development,Research Scientist,3,Life Sciences,1,12805,21,1,No,Travel_Rarely,28,4,2,2,3,0,7,6,1,38,0,No,0.4045121103174241,Medium
2416,40,Male,Divorced,Human Resources,Human Resources,2,Life Sciences,3,3748,12,2,No,Travel_Rarely,22,2,3,1,3,2,6,25,1,21,0,No,0.46053679007096826,Medium
2417,26,Male,Single,Sales,Sales Representative,2,Medical,1,1949,11,0,Yes,Non-Travel,13,2,3,2,4,1,9,7,3,9,1,Yes,0.7720509274553298,High
2418,51,Male,Married,Sales,Sales Executive,4,Life Sciences,3,1349,11,0,No,Travel_Rarely,7,3,2,2,3,1,5,5,5,33,0,No,0.41786935990165924,Medium
2419,31,Female,Single,Research & Development,Research Scientist,2,Medical,2,5142,20,2,No,Travel_Frequently,8,4,2,3,3,5,7,29,10,12,0,No,0.252977169491082,Low
2420,21,Female,Single,Human Resources,Human Resources,2,Human Resources,4,18052,24,2,No,Travel_Frequently,28,2,1,3,3,5,6,38,15,2,0,No,0.40225658207170034,Medium
2421,47,Male,Divorced,Sales,Sales Representative,2,Life Sciences,4,11234,24,1,Yes,Travel_Rarely,13,2,3,2,3,2,4,22,20,29,0,No,0.5796693859883685,Medium
2422,48,Male,Married,Research & Development,Manufacturing Director,2,Technical Degree,2,10761,16,1,Yes,Travel_Rarely,11,2,1,2,3,2,3,31,18,28,0,No,0.6461873839472067,High
2423,55,Male,Single,Sales,Manager,1,Medical,1,4466,22,2,Yes,Non-Travel,9,1,2,2,4,4,1,21,1,38,1,Yes,0.6188199041268581,High
2424,28,Female,Married,Sales,Sales Representative,4,Life Sciences,3,10857,15,1,No,Travel_Rarely,25,4,1,2,3,5,7,8,8,11,1,Yes,0.42655500345677433,Medium
2425,52,Female,Divorced,Human Resources,Manager,2,Technical Degree,3,10250,11,2,No,Travel_Frequently,24,2,2,3,4,1,8,30,30,35,0,No,0.3273398274324331,Medium
2426,25,Male,Divorced,Human Resources,Human Resources,1,Life Sciences,3,1462,20,2,No,Travel_Rarely,16,1,3,1,3,3,3,6,0,6,0,No,0.43585372387542887,Medium
2427,20,Male,Single,Sales,Manager,1,Life Sciences,4,10905,13,1,Yes,Travel_Rarely,10,4,3,2,3,3,3,8,8,0,0,No,0.5616683568714727,Medium
2428,31,Female,Divorced,Human Resources,Manager,4,Life Sciences,1,11985,21,1,Yes,Non-Travel,11,2,2,2,3,0,4,12,0,14,0,No,0.5959225866697906,Medium
2429,30,Female,Married,Research & Development,Laboratory Technician,3,Medical,3,16881,17,0,No,Travel_Rarely,12,3,3,3,3,1,1,2,2,12,0,No,0.2869797026867436,Low
2430,49,Male,Married,Research & Development,Healthcare Representative,3,Medical,3,1827,22,0,No,Travel_Rarely,28,1,2,2,4,3,6,34,29,32,1,Yes,0.6618236919740117,High
2431,51,Female,Married,Research & Development,Manufacturing Director,3,Life Sciences,3,5877,19,1,Yes,Travel_Rarely,14,1,1,2,3,1,4,32,30,36,1,Yes,0.7565923394008769,High
2432,36,Female,Divorced,Research & Development,Research Scientist,2,Life Sciences,2,17405,23,1,No,Non-Travel,19,2,2,3,3,5,5,20,18,15,0,No,0.24837868830774693,Low
2433,55,Male,Divorced,Research & Development,Research Scientist,4,Technical Degree,3,13180,19,1,Yes,Travel_Rarely,12,2,1,2,3,1,3,30,29,35,0,No,0.6014799639699656,High
2434,33,Male,Single,Research & Development,Research Scientist,3,Technical Degree,2,1929,16,0,No,Non-Travel,18,1,2,2,3,3,7,33,28,12,0,No,0.5961473004182551,Medium
2435,19,Male,Married,Sales,Manager,2,Medical,3,19811,13,1,No,Travel_Rarely,21,3,3,3,3,1,7,31,26,0,1,Yes,0.2821268641806631,Low
2436,57,Female,Married,Sales,Sales Representative,4,Life Sciences,3,10515,11,0,No,Travel_Rarely,17,3,2,1,3,2,4,34,0,41,0,No,0.5230491252119753,Medium
2437,34,Female,Married,Sales,Sales Representative,2,Life Sciences,3,7484,13,0,Yes,Travel_Rarely,3,4,2,2,3,0,5,14,3,16,0,No,0.583023479546863,Medium
2438,51,Female,Married,Research & Development,Healthcare Representative,3,Technical Degree,2,3026,20,0,No,Travel_Rarely,1,2,2,2,3,4,2,31,27,35,0,No,0.43293867744353337,Medium
2439,59,Male,Married,Sales,Sales Representative,3,Life Sciences,3,8966,12,0,Yes,Travel_Rarely,29,3,3,1,3,3,0,5,1,40,0,No,0.777558509525331,High
2440,33,Female,Married,Research & Development,Laboratory Technician,1,Life Sciences,1,17239,21,2,No,Non-Travel,19,4,2,3,3,5,8,20,7,14,0,No,0.20668547887319016,Low
2441,55,Male,Single,Human Resources,Human Resources,1,Medical,3,10429,15,1,No,Travel_Rarely,29,3,3,1,3,4,8,32,18,39,0,No,0.6423083219966097,High
2442,19,Male,Married,Sales,Sales Executive,4,Marketing,2,5801,18,1,No,Travel_Frequently,4,2,2,2,4,0,2,31,22,0,0,No,0.30159593169840815,Medium
2443,19,Female,Married,Research & Development,Research Scientist,2,Medical,2,14246,15,2,No,Travel_Rarely,23,4,1,1,3,2,3,18,5,2,0,No,0.3659874808967976,Medium
2444,43,Female,Married,Research & Development,Research Scientist,2,Life Sciences,1,19827,11,1,No,Non-Travel,28,4,2,3,3,2,6,32,0,22,0,No,0.26289061904227257,Low
2445,30,Male,Divorced,Research & Development,Research Scientist,3,Marketing,4,17260,13,0,Yes,Travel_Rarely,16,4,1,2,4,2,1,27,7,12,0,No,0.5824389459859024,Medium
2446,48,Female,Single,Sales,Sales Representative,3,Medical,1,11716,22,2,No,Travel_Rarely,12,3,3,3,3,2,2,30,0,31,0,No,0.24490128633067515,Low
2447,51,Male,Married,Research & Development,Laboratory Technician,4,Marketing,1,2447,15,0,No,Travel_Rarely,21,2,3,3,3,3,5,20,18,32,0,No,0.4883526458500141,Medium
2448,56,Male,Married,Research & Development,Manufacturing Director,1,Life Sciences,2,4552,17,2,No,Travel_Rarely,21,4,2,1,3,3,7,33,20,39,0,No,0.4229016701020163,Medium
2449,20,Male,Single,Human Resources,Human Resources,3,Technical Degree,3,12376,15,0,Yes,Travel_Frequently,13,1,3,1,3,1,0,14,7,4,1,Yes,0.8193555147189223,High
2450,25,Female,Single,Research & Development,Laboratory Technician,2,Medical,3,19174,24,1,Yes,Travel_Rarely,17,2,2,3,3,5,3,13,8,9,1,Yes,0.6540527344859489,High
2451,40,Male,Divorced,Research & Development,Laboratory Technician,3,Medical,4,16529,20,1,No,Non-Travel,8,1,3,3,3,1,0,18,14,25,0,No,0.22208575722536458,Low
2452,31,Male,Married,Research & Development,Laboratory Technician,1,Medical,4,7352,15,1,Yes,Travel_Rarely,13,1,1,2,3,5,1,14,6,16,1,Yes,0.7256875202594217,High
2453,44,Male,Married,Research & Development,Research Scientist,2,Life Sciences,4,3272,17,2,No,Travel_Rarely,20,4,3,3,3,0,7,5,0,23,1,Yes,0.2540783639242424,Low
2454,46,Female,Married,Research & Development,Laboratory Technician,1,Life Sciences,4,11170,23,1,No,Travel_Rarely,26,4,1,3,3,1,5,8,2,27,1,Yes,0.31264415138404217,Medium
2455,56,Male,Divorced,Sales,Sales Executive,4,Life Sciences,1,1220,18,2,No,Travel_Rarely,5,3,2,1,3,0,8,36,28,36,0,No,0.3093619957401585,Medium
2456,56,Male,Married,Human Resources,Human Resources,4,Life Sciences,1,14818,24,0,No,Travel_Rarely,18,3,2,3,3,0,1,19,9,38,0,No,0.3613854351622463,Medium
2457,18,Female,Divorced,Research & Development,Healthcare Representative,1,Medical,3,8036,18,1,No,Travel_Rarely,15,3,2,3,3,0,2,33,11,2,0,No,0.24940844752702993,Low
2458,34,Female,Single,Research & Development,Manufacturing Director,2,Marketing,1,1340,17,0,No,Travel_Rarely,12,2,1,1,3,2,8,37,32,16,1,Yes,0.65698856562295,High
2459,58,Male,Married,Sales,Manager,1,Life Sciences,3,9178,23,1,No,Travel_Rarely,29,3,2,2,3,4,8,25,23,39,0,No,0.4537484313708399,Medium
2460,47,Male,Single,Research & Development,Research Scientist,3,Human Resources,3,10142,24,0,No,Non-Travel,17,1,2,1,3,4,5,17,6,27,0,No,0.6108668448967752,High
2461,30,Female,Divorced,Research & Development,Research Scientist,3,Life Sciences,3,15600,13,2,No,Travel_Rarely,25,3,1,1,4,3,2,27,16,15,1,Yes,0.38277811325993416,Medium
2462,38,Male,Married,Research & Development,Research Scientist,1,Life Sciences,3,17134,21,1,No,Non-Travel,15,4,3,3,4,0,4,8,5,22,0,No,0.20264940952235708,Low
2463,36,Female,Married,Sales,Sales Representative,3,Life Sciences,2,1736,12,2,No,Non-Travel,2,3,2,3,3,2,1,31,16,15,0,No,0.1565083124272477,Low
2464,36,Male,Single,Research & Development,Healthcare Representative,1,Medical,3,12063,11,2,No,Travel_Rarely,6,2,3,2,3,1,6,5,1,18,0,No,0.3347505381111809,Medium
2465,42,Male,Married,Human Resources,Manager,3,Marketing,1,4252,16,0,No,Travel_Rarely,17,2,3,3,3,1,9,13,4,23,0,No,0.4970680819517627,Medium
2466,39,Male,Single,Sales,Sales Representative,1,Human Resources,1,18041,23,1,No,Travel_Rarely,16,1,2,2,4,3,7,27,17,21,0,No,0.4652502130053313,Medium
2467,48,Female,Married,Human Resources,Human Resources,3,Life Sciences,1,6104,19,2,Yes,Travel_Rarely,17,2,2,2,3,3,5,23,16,33,0,No,0.7140192441821733,High
2468,34,Female,Divorced,Research & Development,Healthcare Representative,2,Life Sciences,1,14818,13,0,No,Non-Travel,25,3,1,2,3,0,7,12,5,19,0,No,0.41975826304308295,Medium
2469,40,Female,Married,Research & Development,Healthcare Representative,2,Marketing,2,11938,15,0,No,Non-Travel,20,4,1,2,3,0,1,11,7,20,0,No,0.3272374521310806,Medium
2470,49,Male,Single,Research & Development,Research Scientist,3,Marketing,4,15851,19,0,No,Non-Travel,9,2,2,3,3,1,2,18,12,28,0,No,0.3176815295044317,Medium
