EmployeeID,Age,Gender,MaritalStatus,Department,JobRole,JobLevel,EducationField,Education,MonthlyIncome,PercentSalaryHike,StockOptionLevel,OverTime,BusinessTravel,DistanceFromHome,JobSatisfaction,EnvironmentSatisfaction,WorkLifeBalance,PerformanceRating,TrainingTimesLastYear,NumCompaniesWorked,YearsAtCompany,YearsWithCurrManager,TotalWorkingYears,Attrition,AttritionLabel
1001,30,Female,Single,Research & Development,Healthcare Representative,4,Technical Degree,3,7577,12,1,No,Travel_Frequently,29,3,1,3,3,4,4,31,20,14,0,No
1002,48,Female,Single,Human Resources,Manager,3,Medical,1,3610,16,1,No,Travel_Rarely,24,1,1,2,3,0,6,14,10,32,1,Yes
1003,58,Male,Divorced,Research & Development,Laboratory Technician,3,Marketing,1,7089,23,1,No,Travel_Rarely,16,4,3,1,4,0,0,35,18,37,0,No
1004,28,Male,Married,Research & Development,Research Scientist,1,Life Sciences,2,14863,12,0,Yes,Non-Travel,11,3,3,3,3,5,5,4,1,10,0,No
1005,21,Female,Married,Sales,Manager,1,Marketing,2,3168,20,0,No,Travel_Rarely,6,2,2,2,3,3,7,21,12,1,0,No
1006,51,Female,Married,Sales,Sales Executive,4,Human Resources,4,9322,14,0,Yes,Non-Travel,27,3,3,3,3,5,0,15,11,30,0,No
1007,55,Male,Married,Sales,Sales Executive,4,Life Sciences,2,5377,20,1,No,Travel_Rarely,3,2,1,3,3,3,8,9,7,39,0,No
1008,21,Female,Divorced,Research & Development,Laboratory Technician,1,Life Sciences,2,2326,13,2,No,Travel_Rarely,1,4,3,3,3,5,2,23,17,5,0,No
1009,55,Male,Single,Research & Development,Laboratory Technician,3,Life Sciences,1,14281,16,1,No,Non-Travel,18,3,3,3,3,1,0,17,11,37,0,No
1010,36,Female,Married,Research & Development,Healthcare Representative,2,Life Sciences,1,2239,22,1,No,Travel_Rarely,5,1,2,3,3,3,0,17,3,15,0,No
1011,23,Male,Married,Sales,Sales Representative,2,Medical,1,18526,22,2,No,Travel_Rarely,13,1,2,1,3,3,5,6,1,5,0,No
1012,51,Female,Married,Human Resources,Manager,4,Technical Degree,3,2310,23,2,Yes,Travel_Rarely,10,3,2,1,3,5,5,3,0,30,1,Yes
1013,35,Male,Married,Research & Development,Manufacturing Director,4,Life Sciences,1,16936,24,1,No,Non-Travel,5,4,2,1,3,2,0,25,16,15,0,No
1014,30,Male,Divorced,Sales,Sales Representative,4,Medical,1,2919,18,2,Yes,Travel_Rarely,26,4,1,2,4,1,2,4,3,13,0,No
1015,58,Male,Married,Sales,Manager,2,Medical,2,15913,21,2,No,Travel_Rarely,14,1,3,1,3,1,6,15,11,37,0,No
1016,40,Male,Single,Sales,Sales Executive,2,Life Sciences,4,9116,16,2,No,Travel_Rarely,17,3,3,1,3,2,9,34,28,23,0,No
1017,36,Female,Married,Sales,Manager,1,Medical,1,19309,12,1,Yes,Travel_Rarely,1,4,2,2,3,5,2,25,3,15,0,No
1018,28,Male,Divorced,Research & Development,Laboratory Technician,3,Life Sciences,4,3766,15,1,No,Travel_Frequently,25,1,1,1,3,5,2,17,9,8,0,No
1019,18,Male,Married,Research & Development,Manufacturing Director,4,Medical,1,7473,21,2,Yes,Non-Travel,2,2,1,3,3,1,2,28,24,3,0,No
1020,41,Male,Married,Sales,Manager,1,Life Sciences,1,17571,23,0,No,Travel_Rarely,7,3,3,1,4,5,6,22,2,25,0,No
1021,24,Female,Married,Research & Development,Healthcare Representative,2,Marketing,4,10097,16,2,No,Travel_Rarely,10,2,2,1,4,4,3,13,1,7,0,No
1022,42,Male,Single,Sales,Sales Representative,1,Life Sciences,2,16133,19,2,Yes,Travel_Frequently,20,2,3,1,3,4,3,14,8,24,0,No
1023,38,Male,Single,Sales,Sales Representative,2,Other,1,15269,16,1,No,Travel_Rarely,7,4,3,3,3,2,2,32,24,17,0,No
1024,32,Female,Divorced,Research & Development,Research Scientist,3,Technical Degree,4,10752,20,0,Yes,Travel_Rarely,24,4,1,3,3,3,9,24,16,16,1,Yes
1025,18,Male,Married,Research & Development,Manufacturing Director,2,Life Sciences,1,9692,15,2,Yes,Non-Travel,16,4,1,3,3,4,8,20,5,0,0,No
1026,29,Female,Single,Research & Development,Research Scientist,1,Medical,3,1069,11,0,No,Travel_Frequently,5,3,3,3,3,5,1,16,7,11,1,Yes
1027,24,Male,Divorced,Sales,Sales Executive,3,Life Sciences,3,10278,20,1,Yes,Travel_Rarely,29,2,2,2,4,2,3,22,2,4,1,Yes
1028,32,Female,Married,Research & Development,Manufacturing Director,2,Marketing,3,3904,15,0,No,Travel_Rarely,28,3,2,3,3,4,7,16,0,13,0,No
1029,38,Male,Married,Research & Development,Healthcare Representative,4,Life Sciences,3,16332,15,1,Yes,Non-Travel,12,4,3,3,3,0,5,13,12,17,0,No
1030,36,Female,Single,Sales,Sales Executive,2,Marketing,2,13361,16,2,Yes,Travel_Frequently,17,2,3,3,3,2,6,28,15,21,1,Yes
1031,46,Male,Divorced,Research & Development,Manufacturing Director,3,Life Sciences,3,12884,17,1,No,Travel_Rarely,16,3,2,3,3,1,6,19,6,28,0,No
1032,42,Male,Married,Sales,Sales Executive,1,Life Sciences,4,17978,23,0,No,Non-Travel,20,3,2,2,3,4,1,29,2,23,0,No
1033,50,Male,Married,Sales,Sales Executive,3,Life Sciences,1,6832,23,0,Yes,Non-Travel,26,1,2,1,3,1,3,18,3,29,0,No
1034,49,Female,Single,Human Resources,Human Resources,1,Life Sciences,4,12971,14,0,No,Travel_Rarely,16,3,3,1,3,2,9,38,36,32,1,Yes
1035,52,Female,Single,Human Resources,Manager,2,Medical,3,1543,17,2,Yes,Travel_Rarely,19,4,1,3,3,4,9,12,2,36,0,No
1036,55,Male,Single,Research & Development,Laboratory Technician,2,Life Sciences,2,5020,15,0,No,Travel_Rarely,26,3,2,3,3,1,5,17,14,39,0,No
1037,43,Male,Divorced,Sales,Manager,3,Technical Degree,3,3164,16,0,No,Travel_Frequently,15,2,2,3,3,3,2,22,7,25,0,No
1038,28,Female,Single,Sales,Sales Representative,4,Marketing,3,7966,14,0,No,Travel_Rarely,12,3,2,1,3,3,8,32,18,11,0,No
1039,52,Female,Married,Research & Development,Manufacturing Director,2,Life Sciences,2,10205,22,1,No,Travel_Frequently,21,1,3,1,3,0,3,38,25,32,0,No
1040,25,Female,Single,Research & Development,Manufacturing Director,4,Medical,2,11700,18,0,No,Travel_Rarely,10,2,1,3,3,5,9,39,38,6,1,Yes
1041,31,Female,Single,Sales,Sales Representative,4,Medical,2,14336,19,1,No,Travel_Rarely,29,2,1,1,3,2,1,17,9,13,0,No
1042,27,Male,Married,Research & Development,Laboratory Technician,3,Marketing,2,3715,12,0,No,Travel_Rarely,26,1,2,2,3,5,5,8,5,12,0,No
1043,19,Male,Divorced,Sales,Manager,2,Life Sciences,2,1010,22,1,No,Travel_Rarely,29,4,3,3,3,5,0,32,13,0,1,Yes
1044,26,Male,Divorced,Human Resources,Human Resources,4,Life Sciences,2,10234,21,1,Yes,Travel_Rarely,22,2,1,3,3,1,5,31,16,10,1,Yes
1045,20,Female,Divorced,Sales,Manager,2,Life Sciences,1,18497,14,2,No,Travel_Rarely,2,4,3,2,3,0,9,16,8,0,0,No
1046,38,Male,Divorced,Research & Development,Healthcare Representative,1,Medical,3,15829,21,2,No,Travel_Frequently,7,2,1,2,3,2,0,18,18,19,0,No
1047,43,Male,Single,Sales,Sales Representative,4,Other,3,11900,18,1,No,Travel_Rarely,13,2,2,1,4,3,7,26,4,26,1,Yes
1048,25,Male,Divorced,Research & Development,Manufacturing Director,3,Technical Degree,2,2870,18,1,No,Travel_Rarely,3,4,3,2,3,5,4,5,2,8,0,No
1049,19,Male,Married,Research & Development,Laboratory Technician,3,Life Sciences,4,6278,19,2,No,Travel_Rarely,15,2,2,3,3,1,5,34,30,1,0,No
1050,23,Male,Divorced,Sales,Sales Executive,4,Marketing,2,12121,13,1,Yes,Travel_Rarely,1,4,1,1,3,5,1,36,23,5,0,No
1051,45,Male,Single,Human Resources,Manager,2,Human Resources,1,16708,11,2,Yes,Travel_Rarely,26,1,1,2,3,4,1,33,33,28,0,No
1052,46,Female,Divorced,Research & Development,Healthcare Representative,1,Life Sciences,4,9329,19,2,No,Travel_Rarely,3,4,2,1,3,3,8,19,15,28,0,No
1053,43,Male,Single,Human Resources,Human Resources,1,Marketing,1,17830,11,0,No,Non-Travel,25,1,1,1,3,5,2,24,12,26,0,No
1054,42,Male,Married,Research & Development,Manufacturing Director,3,Medical,4,11749,13,0,No,Travel_Rarely,10,2,2,1,3,4,5,3,3,23,0,No
1055,29,Female,Single,Research & Development,Manufacturing Director,3,Marketing,4,4138,13,2,No,Travel_Frequently,27,4,2,1,3,4,9,9,5,11,0,No
1056,22,Female,Single,Human Resources,Manager,2,Medical,2,18294,19,2,No,Travel_Rarely,27,2,2,2,3,1,4,9,5,5,0,No
1057,51,Female,Married,Sales,Sales Executive,3,Other,1,15389,11,1,No,Travel_Frequently,15,4,1,3,4,1,3,23,8,33,0,No
1058,54,Male,Divorced,Sales,Manager,2,Life Sciences,4,12369,17,2,No,Travel_Rarely,22,1,3,3,3,4,9,20,3,33,0,No
1059,32,Female,Married,Sales,Manager,4,Technical Degree,1,6407,12,2,Yes,Travel_Rarely,27,1,2,2,3,0,1,10,10,16,0,No
1060,53,Male,Single,Sales,Sales Executive,1,Life Sciences,2,6538,17,0,No,Travel_Rarely,6,4,3,3,4,5,7,26,10,32,0,No
1061,32,Male,Single,Research & Development,Healthcare Representative,4,Medical,2,4927,11,2,No,Non-Travel,20,1,1,1,4,4,9,15,4,12,0,No
1062,40,Female,Married,Sales,Manager,3,Other,2,18460,23,1,Yes,Non-Travel,15,2,1,1,3,4,6,25,24,23,0,No
1063,23,Female,Divorced,Research & Development,Manufacturing Director,1,Marketing,2,17419,20,2,No,Travel_Rarely,24,2,3,1,3,1,1,29,16,3,0,No
1064,38,Male,Single,Research & Development,Laboratory Technician,1,Life Sciences,3,7946,20,0,No,Non-Travel,21,3,2,2,3,5,5,15,3,21,0,No
1065,40,Female,Married,Sales,Manager,4,Medical,4,8127,18,0,No,Non-Travel,7,1,1,1,3,2,7,6,6,24,1,Yes
1066,33,Female,Single,Research & Development,Research Scientist,2,Life Sciences,3,17940,20,0,No,Non-Travel,25,2,2,1,4,3,6,15,10,15,0,No
1067,32,Female,Married,Sales,Manager,1,Life Sciences,2,11869,23,0,No,Non-Travel,29,4,2,2,3,1,0,34,14,15,0,No
1068,42,Male,Single,Research & Development,Healthcare Representative,2,Marketing,4,6347,20,2,Yes,Non-Travel,29,1,3,1,3,5,4,15,13,21,0,No
1069,53,Male,Single,Sales,Sales Representative,4,Medical,4,13481,12,1,No,Travel_Rarely,21,2,1,1,4,5,1,39,12,35,0,No
1070,28,Male,Single,Human Resources,Human Resources,4,Medical,1,4149,13,1,No,Travel_Rarely,27,1,3,3,3,0,5,11,10,12,0,No
1071,32,Male,Single,Research & Development,Research Scientist,2,Marketing,2,9005,24,1,Yes,Travel_Rarely,5,4,1,2,3,3,6,34,25,11,0,No
1072,21,Male,Single,Sales,Manager,4,Life Sciences,3,16498,18,2,No,Non-Travel,4,2,3,1,4,1,6,20,8,3,0,No
1073,38,Female,Married,Sales,Sales Executive,1,Life Sciences,1,18983,13,2,No,Travel_Rarely,22,3,1,1,4,1,2,35,3,21,0,No
1074,30,Female,Single,Research & Development,Healthcare Representative,4,Medical,4,15210,11,2,No,Non-Travel,18,3,1,1,4,2,6,16,16,13,0,No
1075,39,Male,Single,Research & Development,Laboratory Technician,4,Human Resources,3,8785,19,1,No,Travel_Rarely,3,1,1,1,3,0,4,31,13,18,0,No
1076,36,Male,Single,Research & Development,Healthcare Representative,1,Technical Degree,2,5952,18,2,Yes,Non-Travel,17,4,2,3,3,0,7,5,1,17,0,No
1077,51,Male,Divorced,Research & Development,Manufacturing Director,2,Life Sciences,3,13895,14,2,No,Travel_Rarely,18,2,2,3,3,5,7,23,10,34,0,No
1078,31,Female,Married,Sales,Manager,4,Life Sciences,3,10006,18,0,No,Non-Travel,18,4,3,3,3,5,6,26,15,12,0,No
1079,21,Male,Married,Research & Development,Laboratory Technician,2,Medical,3,8807,24,0,No,Travel_Rarely,24,2,3,3,4,1,5,19,0,3,0,No
1080,44,Female,Married,Sales,Sales Executive,1,Marketing,1,18750,15,1,Yes,Travel_Rarely,24,1,1,2,3,2,1,24,6,25,0,No
1081,46,Female,Single,Research & Development,Healthcare Representative,2,Life Sciences,4,9101,13,0,No,Non-Travel,2,2,1,1,3,1,5,1,1,25,0,No
1082,45,Male,Single,Research & Development,Research Scientist,2,Medical,3,4234,11,0,No,Travel_Frequently,13,4,2,3,3,4,8,8,8,25,0,No
1083,52,Male,Married,Sales,Manager,3,Other,4,12819,23,0,No,Travel_Rarely,22,4,2,1,3,5,1,27,26,32,1,Yes
1084,25,Male,Married,Sales,Sales Executive,3,Medical,1,15923,20,2,Yes,Travel_Frequently,15,1,2,2,3,4,0,37,30,4,0,No
1085,33,Female,Divorced,Sales,Sales Executive,4,Life Sciences,2,3469,15,0,No,Travel_Rarely,5,4,3,1,3,2,4,2,0,18,0,No
1086,59,Female,Divorced,Sales,Manager,3,Medical,2,9746,21,0,No,Non-Travel,3,2,2,1,3,1,5,19,2,39,0,No
1087,53,Female,Married,Research & Development,Healthcare Representative,3,Life Sciences,3,14929,16,0,No,Travel_Rarely,5,1,3,3,3,5,2,5,5,32,0,No
1088,47,Female,Married,Research & Development,Research Scientist,3,Life Sciences,1,11763,14,2,No,Non-Travel,5,2,2,3,4,2,7,38,13,30,0,No
1089,35,Male,Single,Research & Development,Research Scientist,2,Human Resources,2,11842,17,1,No,Travel_Rarely,5,4,2,2,3,1,6,32,24,16,0,No
1090,19,Male,Single,Research & Development,Healthcare Representative,2,Life Sciences,1,4123,13,2,No,Travel_Rarely,3,1,1,1,3,1,1,0,0,0,0,No
1091,30,Female,Divorced,Sales,Manager,3,Life Sciences,1,18009,17,2,Yes,Travel_Rarely,3,2,3,3,3,4,6,36,14,13,0,No
1092,21,Female,Single,Research & Development,Healthcare Representative,1,Medical,3,16369,24,0,No,Non-Travel,20,4,2,3,4,3,0,5,1,1,0,No
1093,43,Female,Divorced,Research & Development,Manufacturing Director,3,Human Resources,3,18596,11,1,No,Travel_Rarely,23,4,1,3,3,0,8,33,23,25,0,No
1094,42,Female,Married,Research & Development,Research Scientist,1,Technical Degree,1,10960,17,0,No,Travel_Rarely,28,3,3,2,3,5,6,14,13,21,0,No
1095,47,Male,Married,Research & Development,Healthcare Representative,2,Life Sciences,1,3574,11,0,Yes,Travel_Rarely,28,4,3,1,3,0,5,25,15,26,0,No
1096,28,Male,Single,Research & Development,Manufacturing Director,1,Marketing,3,4183,23,1,Yes,Travel_Rarely,28,2,2,3,3,2,1,13,6,11,0,No
1097,24,Female,Married,Research & Development,Healthcare Representative,2,Medical,1,3639,21,1,No,Travel_Frequently,18,1,3,1,3,0,2,6,3,9,0,No
1098,48,Female,Married,Research & Development,Research Scientist,1,Medical,3,4170,11,2,Yes,Travel_Frequently,26,3,1,2,3,4,0,30,17,30,0,No
1099,27,Male,Married,Sales,Sales Executive,2,Marketing,4,5330,12,1,No,Travel_Rarely,20,4,1,1,3,3,9,23,23,8,0,No
1100,56,Male,Single,Sales,Sales Executive,2,Life Sciences,1,14213,12,2,Yes,Travel_Rarely,4,4,3,3,4,5,4,30,26,38,0,No
1101,30,Male,Single,Sales,Sales Executive,3,Other,3,8108,14,2,No,Travel_Rarely,1,4,1,1,3,1,8,28,4,15,0,No
1102,48,Male,Married,Research & Development,Manufacturing Director,4,Medical,1,12369,23,0,No,Non-Travel,26,2,3,1,3,1,5,31,5,30,0,No
1103,24,Male,Single,Sales,Manager,4,Life Sciences,3,11322,11,0,Yes,Travel_Frequently,16,3,1,2,3,4,4,16,6,8,0,No
1104,59,Female,Married,Research & Development,Laboratory Technician,2,Medical,1,14511,14,0,Yes,Travel_Frequently,8,2,3,2,3,5,2,13,9,40,0,No
1105,59,Female,Married,Human Resources,Human Resources,3,Life Sciences,2,6810,12,1,No,Non-Travel,17,3,3,1,3,0,4,39,0,40,0,No
1106,53,Female,Married,Sales,Sales Representative,4,Medical,2,15139,14,1,No,Travel_Rarely,8,1,3,1,3,1,7,35,3,35,1,Yes
1107,37,Female,Married,Research & Development,Healthcare Representative,4,Life Sciences,1,15280,14,2,No,Travel_Rarely,7,2,1,1,3,0,1,23,0,17,0,No
1108,21,Male,Single,Research & Development,Research Scientist,3,Life Sciences,2,17084,19,2,No,Non-Travel,25,2,3,2,3,4,4,26,10,5,0,No
1109,24,Female,Married,Sales,Manager,3,Marketing,1,5160,19,2,No,Travel_Rarely,8,1,3,2,3,1,5,24,17,4,1,Yes
1110,18,Male,Single,Sales,Sales Executive,4,Technical Degree,1,9920,11,1,Yes,Travel_Frequently,21,3,2,1,3,2,9,31,13,0,0,No
1111,59,Female,Single,Sales,Sales Representative,4,Life Sciences,4,19993,15,2,No,Travel_Rarely,24,4,2,2,3,3,7,17,10,39,1,Yes
1112,30,Female,Single,Sales,Manager,1,Medical,4,13870,17,2,No,Travel_Frequently,27,1,3,3,3,0,7,17,9,11,0,No
1113,39,Male,Married,Human Resources,Human Resources,1,Medical,2,1675,14,1,No,Non-Travel,26,4,2,2,3,5,4,36,16,20,1,Yes
1114,38,Male,Single,Research & Development,Manufacturing Director,2,Medical,4,17676,22,0,No,Travel_Rarely,12,4,3,2,3,0,8,25,3,18,0,No
1115,39,Male,Single,Research & Development,Manufacturing Director,4,Life Sciences,4,6849,15,1,No,Travel_Rarely,16,1,2,2,3,0,3,8,7,20,0,No
1116,45,Male,Married,Research & Development,Research Scientist,3,Marketing,1,4574,12,2,No,Travel_Rarely,12,3,1,3,4,0,8,34,25,24,0,No
1117,26,Male,Single,Research & Development,Manufacturing Director,3,Life Sciences,3,11435,13,0,No,Travel_Rarely,19,4,1,3,4,4,6,7,7,7,0,No
1118,43,Female,Married,Sales,Sales Representative,4,Human Resources,1,18858,17,1,No,Travel_Rarely,10,1,3,3,4,4,5,19,12,25,0,No
1119,26,Female,Married,Research & Development,Manufacturing Director,2,Medical,4,8375,20,0,No,Travel_Frequently,7,2,3,1,3,5,3,21,8,9,0,No
1120,32,Male,Divorced,Research & Development,Laboratory Technician,3,Technical Degree,1,16639,23,0,Yes,Travel_Rarely,12,2,1,1,3,4,1,18,10,12,1,Yes
1121,27,Male,Single,Research & Development,Laboratory Technician,4,Life Sciences,2,8391,17,2,Yes,Non-Travel,20,2,1,3,3,5,7,29,10,11,0,No
1122,41,Female,Single,Research & Development,Research Scientist,4,Technical Degree,3,17158,14,1,No,Non-Travel,5,1,2,1,3,5,5,27,5,26,0,No
1123,59,Male,Married,Sales,Manager,2,Life Sciences,4,16880,22,2,No,Travel_Rarely,16,2,3,1,3,4,2,34,0,39,0,No
1124,25,Male,Married,Sales,Sales Representative,4,Marketing,4,14282,11,1,Yes,Non-Travel,9,4,1,1,4,1,6,10,5,10,1,Yes
1125,41,Female,Single,Sales,Manager,3,Life Sciences,1,2001,11,1,Yes,Travel_Rarely,7,2,1,3,3,4,9,30,5,26,1,Yes
1126,33,Male,Married,Research & Development,Research Scientist,1,Medical,1,7867,14,1,Yes,Travel_Rarely,20,2,3,2,3,1,6,38,12,14,0,No
1127,43,Male,Divorced,Research & Development,Research Scientist,2,Life Sciences,1,3130,14,0,No,Travel_Rarely,22,4,2,3,3,2,5,35,21,24,0,No
1128,44,Male,Single,Research & Development,Manufacturing Director,4,Life Sciences,1,13397,16,0,No,Travel_Rarely,26,2,2,3,4,4,1,29,23,27,1,Yes
1129,54,Male,Married,Sales,Sales Representative,2,Medical,4,19616,17,2,No,Travel_Rarely,14,4,2,1,3,2,7,22,21,37,0,No
1130,21,Male,Single,Research & Development,Healthcare Representative,4,Medical,1,5145,19,1,No,Travel_Rarely,11,2,2,1,3,4,0,18,4,5,0,No
1131,41,Male,Divorced,Research & Development,Healthcare Representative,1,Medical,4,17736,19,1,No,Travel_Rarely,7,4,1,2,4,2,0,11,10,23,0,No
1132,36,Male,Married,Sales,Sales Executive,2,Life Sciences,1,13662,20,0,Yes,Travel_Frequently,29,2,3,2,3,3,5,14,1,15,0,No
1133,53,Female,Single,Sales,Sales Representative,4,Life Sciences,3,16488,22,1,No,Travel_Rarely,10,4,3,2,3,2,4,30,19,35,0,No
1134,56,Female,Married,Sales,Sales Representative,1,Technical Degree,3,5832,22,2,No,Travel_Frequently,29,1,1,2,3,1,8,36,13,40,0,No
1135,27,Female,Divorced,Human Resources,Human Resources,3,Marketing,1,5929,15,1,No,Travel_Rarely,9,4,1,3,3,0,6,36,4,7,0,No
1136,42,Male,Married,Sales,Sales Executive,4,Life Sciences,1,6480,20,1,No,Travel_Rarely,4,2,1,2,3,5,1,14,9,23,0,No
1137,35,Male,Single,Research & Development,Manufacturing Director,1,Medical,2,18281,21,0,Yes,Travel_Rarely,16,2,3,3,3,2,6,28,3,17,0,No
1138,36,Male,Married,Research & Development,Manufacturing Director,1,Technical Degree,3,10542,13,1,No,Travel_Frequently,10,3,3,1,4,0,2,25,1,21,0,No
1139,53,Female,Married,Research & Development,Manufacturing Director,2,Technical Degree,4,8136,13,2,No,Travel_Rarely,19,4,3,2,3,3,0,1,1,34,0,No
1140,27,Male,Single,Human Resources,Manager,4,Life Sciences,3,4729,16,2,No,Non-Travel,24,1,2,1,3,3,7,19,6,8,0,No
1141,50,Male,Single,Human Resources,Manager,3,Technical Degree,4,16705,11,2,No,Travel_Rarely,17,4,1,1,3,1,2,14,9,32,0,No
1142,22,Male,Married,Sales,Manager,4,Life Sciences,1,19808,17,2,No,Travel_Rarely,9,4,1,3,3,1,7,3,3,4,0,No
1143,52,Female,Married,Research & Development,Research Scientist,1,Marketing,3,19131,13,0,No,Travel_Rarely,13,1,1,2,3,2,6,21,9,37,0,No
1144,51,Female,Single,Sales,Sales Representative,3,Life Sciences,3,2373,15,1,Yes,Travel_Frequently,1,4,3,3,3,4,1,37,16,36,1,Yes
1145,50,Male,Married,Sales,Manager,1,Medical,2,3717,17,0,Yes,Travel_Frequently,2,1,1,1,3,3,0,22,20,33,0,No
1146,38,Female,Married,Sales,Sales Executive,2,Medical,2,13991,17,2,Yes,Travel_Rarely,13,1,1,2,3,0,6,25,12,22,0,No
1147,34,Male,Single,Research & Development,Manufacturing Director,4,Life Sciences,3,18317,19,1,No,Non-Travel,24,4,2,1,3,4,0,10,0,18,1,Yes
1148,39,Male,Single,Research & Development,Healthcare Representative,1,Medical,3,1160,11,0,No,Travel_Rarely,9,4,3,1,3,3,5,27,0,24,0,No
1149,54,Male,Married,Sales,Manager,1,Marketing,3,18305,13,1,No,Travel_Rarely,7,2,1,2,3,2,9,1,0,33,1,Yes
1150,32,Male,Married,Sales,Manager,4,Medical,4,3330,19,2,Yes,Travel_Rarely,16,2,3,2,3,3,9,7,0,17,0,No
1151,52,Male,Married,Human Resources,Manager,3,Life Sciences,1,14874,18,2,No,Travel_Rarely,19,3,3,2,3,1,7,28,5,35,0,No
1152,45,Female,Single,Sales,Manager,1,Life Sciences,2,1504,12,1,No,Travel_Rarely,7,3,3,3,3,0,6,10,8,24,0,No
1153,24,Female,Married,Sales,Sales Executive,4,Medical,1,12996,18,1,No,Non-Travel,6,4,2,3,3,0,3,36,25,6,0,No
1154,49,Male,Divorced,Research & Development,Manufacturing Director,2,Technical Degree,2,3157,18,2,No,Travel_Rarely,18,1,3,1,3,1,0,17,12,33,0,No
1155,28,Male,Married,Human Resources,Human Resources,2,Technical Degree,2,1565,12,0,No,Non-Travel,19,3,3,2,4,4,0,13,10,12,0,No
1156,27,Male,Single,Sales,Sales Representative,4,Life Sciences,2,14402,18,2,No,Non-Travel,11,4,3,1,3,1,3,9,0,6,0,No
1157,26,Male,Married,Research & Development,Manufacturing Director,1,Medical,3,2561,13,1,Yes,Travel_Rarely,29,3,1,1,3,0,4,34,29,6,0,No
1158,31,Female,Single,Research & Development,Research Scientist,4,Life Sciences,2,19513,17,0,No,Travel_Rarely,12,1,2,1,3,2,6,8,8,14,0,No
1159,30,Male,Single,Sales,Sales Executive,4,Other,1,4094,23,2,Yes,Travel_Rarely,29,4,1,1,3,4,3,34,7,13,1,Yes
1160,42,Female,Single,Research & Development,Manufacturing Director,1,Life Sciences,2,1165,19,1,Yes,Travel_Rarely,26,1,2,1,3,5,9,10,0,25,1,Yes
1161,19,Male,Single,Research & Development,Research Scientist,3,Medical,1,9935,14,1,Yes,Non-Travel,10,4,2,2,3,3,0,11,7,3,0,No
1162,52,Male,Married,Research & Development,Research Scientist,3,Marketing,2,8171,21,1,No,Travel_Rarely,13,3,3,3,3,5,9,2,0,33,0,No
1163,24,Male,Single,Research & Development,Manufacturing Director,2,Technical Degree,2,9064,16,0,No,Travel_Rarely,12,2,3,2,3,2,6,38,11,8,0,No
1164,38,Female,Divorced,Research & Development,Research Scientist,3,Life Sciences,3,5663,19,0,No,Travel_Rarely,21,3,1,2,3,5,1,13,4,19,0,No
1165,35,Female,Married,Sales,Sales Executive,4,Life Sciences,1,12477,21,0,Yes,Travel_Rarely,10,3,2,2,3,4,1,27,23,19,0,No
1166,20,Male,Married,Research & Development,Manufacturing Director,1,Medical,2,1163,21,0,No,Travel_Rarely,20,2,3,3,4,0,7,10,5,2,0,No
1167,59,Female,Married,Sales,Sales Representative,2,Medical,2,8959,15,1,No,Travel_Rarely,18,2,3,3,4,0,9,38,24,43,0,No
1168,56,Female,Married,Sales,Sales Representative,3,Life Sciences,1,16332,22,1,No,Travel_Rarely,4,4,3,3,3,2,9,24,0,38,0,No
1169,58,Male,Married,Sales,Manager,4,Medical,2,18389,11,0,No,Travel_Rarely,28,4,3,2,3,5,9,20,0,39,0,No
1170,28,Male,Married,Research & Development,Healthcare Representative,2,Medical,4,5635,13,0,Yes,Travel_Rarely,24,1,1,3,3,4,4,9,9,11,0,No
1171,56,Male,Divorced,Research & Development,Laboratory Technician,1,Technical Degree,3,15268,21,1,No,Travel_Rarely,5,1,1,1,3,3,9,14,9,37,1,Yes
1172,41,Male,Married,Sales,Sales Representative,3,Life Sciences,1,15882,19,2,No,Travel_Rarely,5,3,3,3,4,5,1,18,2,20,0,No
1173,36,Female,Married,Research & Development,Laboratory Technician,4,Life Sciences,3,14025,13,2,No,Travel_Rarely,29,2,3,2,3,5,4,21,16,19,0,No
1174,21,Male,Divorced,Sales,Sales Representative,1,Technical Degree,4,10378,21,1,No,Travel_Rarely,28,1,3,2,3,3,7,20,18,5,0,No
1175,43,Male,Married,Research & Development,Manufacturing Director,4,Marketing,4,1162,21,0,No,Travel_Rarely,12,3,3,1,3,1,5,31,27,27,0,No
1176,55,Male,Single,Sales,Sales Representative,4,Technical Degree,4,8862,20,0,No,Travel_Rarely,26,2,3,3,3,2,2,22,10,39,1,Yes
1177,59,Male,Single,Research & Development,Laboratory Technician,4,Technical Degree,1,13388,12,1,Yes,Travel_Rarely,3,4,2,3,3,4,7,12,12,43,1,Yes
1178,49,Male,Divorced,Research & Development,Manufacturing Director,1,Life Sciences,4,16801,14,2,Yes,Non-Travel,29,3,2,1,3,2,8,4,1,33,1,Yes
1179,56,Female,Single,Human Resources,Manager,2,Life Sciences,1,6608,15,1,Yes,Travel_Rarely,8,4,2,2,3,3,4,3,1,37,0,No
1180,53,Male,Divorced,Sales,Manager,4,Life Sciences,1,19109,17,1,No,Non-Travel,22,1,2,2,3,4,1,27,8,38,0,No
1181,57,Male,Single,Sales,Sales Representative,2,Human Resources,2,15794,17,1,No,Non-Travel,2,1,3,3,3,0,1,13,7,39,0,No
1182,54,Male,Married,Sales,Sales Executive,2,Medical,1,12058,19,0,Yes,Travel_Rarely,18,2,2,3,3,0,6,7,0,39,0,No
1183,50,Female,Married,Human Resources,Human Resources,3,Life Sciences,4,1795,23,0,No,Travel_Rarely,9,3,2,3,3,4,0,8,3,31,0,No
1184,53,Male,Single,Research & Development,Manufacturing Director,3,Life Sciences,1,5377,18,0,No,Travel_Rarely,13,4,1,3,3,2,9,34,16,33,0,No
1185,20,Male,Married,Sales,Sales Representative,2,Technical Degree,1,15932,23,2,Yes,Travel_Rarely,7,2,2,3,3,2,1,36,11,5,0,No
1186,26,Male,Married,Research & Development,Research Scientist,3,Technical Degree,3,5281,12,1,No,Travel_Rarely,10,1,2,2,4,0,9,20,19,7,0,No
1187,25,Male,Married,Research & Development,Manufacturing Director,3,Human Resources,4,7003,22,1,No,Non-Travel,9,1,3,2,4,0,3,17,17,8,0,No
1188,50,Male,Married,Research & Development,Manufacturing Director,2,Life Sciences,1,8020,18,2,Yes,Travel_Rarely,22,3,2,2,4,3,0,32,2,34,0,No
1189,23,Female,Single,Research & Development,Manufacturing Director,1,Medical,2,15095,18,0,Yes,Travel_Rarely,15,4,2,2,3,4,3,7,2,4,1,Yes
1190,58,Female,Married,Sales,Sales Executive,3,Life Sciences,1,10270,15,1,No,Travel_Rarely,5,3,3,1,4,2,9,16,3,43,1,Yes
1191,56,Male,Single,Sales,Manager,3,Life Sciences,1,19742,23,2,No,Non-Travel,12,4,2,2,3,3,4,30,16,38,0,No
1192,21,Male,Single,Research & Development,Manufacturing Director,1,Life Sciences,3,8020,13,0,No,Travel_Rarely,1,4,3,1,4,2,8,33,14,6,0,No
1193,30,Female,Divorced,Human Resources,Human Resources,1,Life Sciences,4,2221,19,0,No,Travel_Rarely,12,3,2,2,3,0,0,5,0,14,1,Yes
1194,19,Male,Married,Research & Development,Manufacturing Director,1,Medical,4,15150,22,1,Yes,Non-Travel,22,2,1,3,4,4,4,21,15,4,0,No
1195,22,Male,Married,Sales,Sales Executive,2,Human Resources,2,10353,17,0,Yes,Non-Travel,6,3,1,3,3,1,1,13,10,1,0,No
1196,44,Male,Married,Sales,Sales Executive,1,Life Sciences,2,7713,11,2,No,Travel_Rarely,19,3,2,3,3,4,8,2,2,24,0,No
1197,49,Female,Single,Research & Development,Healthcare Representative,2,Human Resources,2,16905,18,0,Yes,Travel_Rarely,19,1,1,1,3,5,5,11,3,32,1,Yes
1198,38,Female,Married,Research & Development,Research Scientist,4,Life Sciences,1,19904,20,1,Yes,Travel_Rarely,16,1,3,2,3,1,1,35,23,20,1,Yes
1199,25,Male,Married,Research & Development,Laboratory Technician,4,Medical,1,1152,23,2,No,Non-Travel,19,3,2,2,3,3,2,11,5,5,0,No
1200,55,Male,Single,Research & Development,Manufacturing Director,1,Life Sciences,2,11690,15,0,No,Travel_Rarely,3,3,3,1,3,1,7,1,1,36,0,No
1201,25,Female,Divorced,Research & Development,Healthcare Representative,1,Life Sciences,4,8376,16,0,No,Travel_Rarely,23,1,1,1,3,1,0,1,1,5,1,Yes
1202,20,Male,Married,Sales,Manager,4,Life Sciences,4,4237,19,0,No,Travel_Rarely,10,4,3,1,3,3,2,14,1,4,0,No
1203,20,Female,Single,Sales,Manager,2,Marketing,2,5591,20,2,Yes,Travel_Rarely,27,3,1,1,3,4,9,22,0,4,1,Yes
1204,39,Male,Married,Research & Development,Research Scientist,2,Marketing,3,14156,24,0,No,Travel_Rarely,18,2,1,1,3,3,0,28,23,18,0,No
1205,23,Female,Married,Research & Development,Laboratory Technician,1,Technical Degree,4,12406,18,1,Yes,Travel_Rarely,26,2,1,3,3,5,7,16,8,3,0,No
1206,19,Female,Single,Sales,Sales Executive,1,Life Sciences,4,7040,24,2,No,Travel_Rarely,13,2,3,2,3,0,0,31,21,4,0,No
1207,40,Male,Married,Sales,Manager,1,Marketing,2,5252,21,2,No,Travel_Rarely,26,3,1,1,3,0,4,6,3,20,0,No
1208,19,Male,Divorced,Research & Development,Research Scientist,4,Medical,4,14656,24,0,No,Travel_Rarely,18,4,2,3,3,1,3,29,16,3,0,No
1209,55,Male,Married,Sales,Sales Representative,3,Other,1,12505,24,2,No,Travel_Rarely,3,4,1,1,3,3,6,27,24,36,1,Yes
1210,34,Male,Divorced,Sales,Manager,1,Medical,1,10558,13,1,No,Non-Travel,26,1,2,3,3,3,4,13,11,15,0,No
1211,52,Female,Divorced,Research & Development,Research Scientist,2,Other,4,16155,23,2,Yes,Travel_Rarely,28,3,2,1,3,3,7,29,28,35,0,No
1212,51,Male,Divorced,Research & Development,Healthcare Representative,3,Marketing,1,5194,15,1,No,Travel_Frequently,23,4,2,2,3,5,0,16,14,36,0,No
1213,40,Female,Single,Research & Development,Laboratory Technician,2,Marketing,3,13495,14,0,No,Travel_Rarely,3,3,2,1,3,5,4,31,29,25,0,No
1214,47,Male,Married,Sales,Sales Executive,3,Life Sciences,4,8337,24,2,Yes,Non-Travel,23,1,3,1,4,4,3,5,2,28,0,No
1215,25,Female,Single,Research & Development,Research Scientist,4,Medical,2,17693,11,1,No,Travel_Rarely,25,1,2,2,3,2,2,23,21,5,0,No
1216,39,Male,Married,Sales,Manager,3,Medical,1,18116,15,0,No,Non-Travel,27,1,1,2,3,2,4,5,1,18,1,Yes
1217,53,Female,Divorced,Sales,Sales Representative,2,Life Sciences,3,4019,20,1,Yes,Non-Travel,26,2,2,1,3,2,9,26,25,34,0,No
1218,22,Male,Single,Research & Development,Research Scientist,3,Life Sciences,3,6564,17,2,No,Travel_Rarely,12,3,1,2,3,4,2,17,11,7,1,Yes
1219,30,Male,Married,Research & Development,Laboratory Technician,4,Other,1,1076,11,2,No,Travel_Rarely,27,1,3,2,3,3,7,23,13,15,0,No
1220,46,Male,Married,Research & Development,Healthcare Representative,2,Medical,3,13194,14,1,No,Travel_Rarely,20,3,2,3,3,2,2,36,30,30,0,No
1221,48,Male,Single,Research & Development,Manufacturing Director,1,Life Sciences,4,19899,16,0,No,Non-Travel,7,2,1,2,3,3,0,23,8,32,0,No
1222,33,Male,Single,Research & Development,Manufacturing Director,3,Medical,3,2546,21,0,No,Travel_Rarely,25,2,3,2,3,1,8,37,34,16,0,No
1223,59,Male,Married,Sales,Manager,2,Life Sciences,1,17790,22,0,No,Travel_Rarely,24,1,3,1,3,2,8,33,20,42,0,No
1224,47,Female,Single,Research & Development,Laboratory Technician,3,Medical,3,12558,19,0,No,Travel_Rarely,8,1,1,1,3,1,5,39,9,27,0,No
1225,33,Male,Married,Sales,Sales Representative,4,Medical,1,6689,21,1,Yes,Non-Travel,9,4,2,3,4,4,9,14,6,14,0,No
1226,29,Female,Married,Sales,Sales Executive,2,Life Sciences,1,9756,18,2,No,Travel_Rarely,14,3,3,1,3,0,0,10,3,10,0,No
1227,34,Male,Married,Human Resources,Manager,1,Marketing,3,16125,12,1,No,Travel_Rarely,5,1,1,2,3,5,7,21,19,17,0,No
1228,33,Male,Single,Research & Development,Healthcare Representative,1,Life Sciences,1,3950,21,2,Yes,Travel_Rarely,21,4,2,2,4,4,1,23,22,14,1,Yes
1229,29,Female,Married,Research & Development,Healthcare Representative,3,Technical Degree,1,11858,13,2,No,Travel_Rarely,19,3,3,2,3,4,8,0,0,9,0,No
1230,25,Female,Single,Research & Development,Laboratory Technician,4,Other,2,8076,20,1,No,Travel_Rarely,21,1,1,1,3,4,7,17,10,4,1,Yes
1231,37,Male,Divorced,Research & Development,Manufacturing Director,4,Life Sciences,4,11160,23,1,Yes,Travel_Rarely,16,4,3,2,3,2,2,11,3,21,0,No
1232,20,Female,Married,Research & Development,Healthcare Representative,3,Technical Degree,1,18994,15,0,No,Non-Travel,24,4,3,2,3,1,4,27,3,0,0,No
1233,33,Male,Divorced,Research & Development,Research Scientist,2,Medical,4,18873,21,2,No,Travel_Rarely,12,3,1,3,3,5,8,39,16,14,0,No
1234,47,Female,Married,Research & Development,Laboratory Technician,2,Medical,2,16135,17,0,No,Non-Travel,21,4,3,3,3,2,0,6,4,27,0,No
1235,40,Male,Married,Sales,Manager,3,Life Sciences,2,16622,13,0,Yes,Travel_Rarely,4,3,1,3,3,0,8,22,10,24,0,No
1236,45,Male,Single,Research & Development,Healthcare Representative,2,Medical,2,7456,22,1,Yes,Travel_Rarely,8,3,2,1,3,5,3,20,2,27,1,Yes
1237,57,Male,Single,Sales,Manager,2,Other,2,6508,17,0,No,Travel_Rarely,7,3,1,2,3,4,3,33,21,42,0,No
1238,22,Male,Married,Sales,Sales Executive,2,Life Sciences,4,7282,15,0,No,Travel_Rarely,15,2,2,2,3,3,3,10,4,6,0,No
1239,37,Male,Single,Research & Development,Healthcare Representative,3,Life Sciences,3,2308,20,0,Yes,Travel_Frequently,6,4,3,2,3,0,9,21,10,22,1,Yes
1240,57,Male,Divorced,Sales,Manager,1,Life Sciences,3,7710,16,1,No,Non-Travel,5,3,1,3,3,1,8,34,26,41,0,No
1241,18,Female,Married,Human Resources,Manager,4,Medical,4,6003,16,0,Yes,Travel_Rarely,14,1,1,2,3,0,5,28,4,0,0,No
1242,47,Male,Divorced,Human Resources,Human Resources,1,Human Resources,1,16636,21,0,No,Travel_Rarely,21,2,1,2,3,2,7,27,13,28,0,No
1243,38,Male,Married,Human Resources,Human Resources,2,Medical,4,8498,21,1,No,Travel_Rarely,13,2,1,2,3,3,3,17,16,19,0,No
1244,37,Male,Single,Research & Development,Manufacturing Director,3,Life Sciences,1,9278,24,1,No,Travel_Rarely,10,4,2,2,4,2,2,13,2,16,0,No
1245,23,Female,Married,Sales,Manager,4,Medical,1,3840,22,1,Yes,Travel_Frequently,18,3,2,2,3,5,0,17,3,7,0,No
1246,39,Female,Single,Human Resources,Manager,2,Life Sciences,3,12611,14,2,No,Travel_Rarely,29,4,3,1,3,4,9,27,15,19,0,No
1247,35,Male,Single,Research & Development,Laboratory Technician,4,Life Sciences,2,12828,22,1,Yes,Non-Travel,4,2,3,2,4,4,6,23,15,14,0,No
1248,25,Male,Single,Human Resources,Manager,4,Medical,3,18925,18,2,No,Travel_Rarely,8,3,3,1,3,0,3,7,4,6,1,Yes
1249,56,Male,Divorced,Human Resources,Manager,1,Life Sciences,3,3005,19,1,No,Travel_Frequently,24,1,3,2,4,4,7,7,1,37,1,Yes
1250,49,Female,Married,Research & Development,Laboratory Technician,2,Technical Degree,4,12628,12,1,Yes,Travel_Rarely,11,3,1,1,3,4,2,3,0,32,0,No
1251,50,Female,Married,Sales,Manager,4,Medical,4,17670,19,1,No,Travel_Rarely,17,2,2,2,3,5,0,26,3,29,0,No
1252,33,Male,Single,Research & Development,Healthcare Representative,1,Technical Degree,1,4098,21,2,No,Travel_Frequently,18,1,2,2,3,1,4,35,18,14,0,No
1253,29,Female,Married,Research & Development,Healthcare Representative,3,Other,4,1532,22,0,No,Travel_Frequently,21,3,2,2,3,1,1,4,1,11,1,Yes
1254,55,Male,Married,Sales,Sales Representative,4,Other,1,13419,14,1,No,Travel_Frequently,25,1,2,2,3,2,2,32,16,40,0,No
1255,51,Male,Married,Sales,Manager,2,Life Sciences,1,16741,16,2,Yes,Travel_Rarely,26,1,3,3,4,2,5,33,25,34,1,Yes
1256,31,Female,Single,Research & Development,Laboratory Technician,3,Other,2,9176,24,1,No,Travel_Rarely,11,2,1,2,3,1,2,29,21,11,0,No
1257,53,Female,Married,Human Resources,Manager,4,Technical Degree,2,6199,17,0,No,Travel_Rarely,16,1,2,1,3,0,2,7,6,38,0,No
1258,50,Female,Married,Research & Development,Healthcare Representative,4,Marketing,3,5584,14,2,No,Non-Travel,12,4,1,3,3,1,5,38,27,33,0,No
1259,40,Male,Single,Research & Development,Healthcare Representative,2,Life Sciences,2,8736,18,1,No,Travel_Rarely,13,2,1,3,3,2,4,25,0,24,0,No
1260,19,Male,Divorced,Sales,Sales Representative,4,Life Sciences,1,16387,23,1,No,Travel_Rarely,27,4,1,2,3,3,9,36,35,3,1,Yes
1261,58,Female,Single,Research & Development,Manufacturing Director,2,Other,4,2806,24,1,No,Travel_Rarely,16,1,1,1,3,4,8,33,1,38,0,No
1262,38,Female,Married,Human Resources,Manager,2,Life Sciences,2,3140,20,0,No,Travel_Rarely,23,4,2,1,3,5,0,6,0,20,0,No
1263,19,Male,Single,Sales,Manager,2,Life Sciences,2,15909,18,2,No,Non-Travel,26,3,2,3,3,3,2,39,39,0,0,No
1264,44,Male,Single,Research & Development,Laboratory Technician,2,Life Sciences,2,18208,11,1,No,Travel_Rarely,21,1,2,1,3,3,2,27,5,23,0,No
1265,26,Female,Divorced,Research & Development,Laboratory Technician,4,Human Resources,2,12341,18,1,Yes,Travel_Rarely,1,3,3,2,4,4,5,38,20,11,0,No
1266,18,Female,Divorced,Research & Development,Research Scientist,3,Medical,1,7675,20,2,No,Travel_Rarely,16,4,2,2,3,1,7,38,8,0,1,Yes
1267,28,Female,Married,Research & Development,Laboratory Technician,3,Human Resources,1,17535,24,0,No,Non-Travel,15,3,3,2,3,0,2,27,12,8,0,No
1268,20,Female,Divorced,Research & Development,Manufacturing Director,1,Life Sciences,3,13488,22,0,No,Travel_Rarely,6,1,3,2,3,3,2,13,10,3,0,No
1269,40,Male,Divorced,Research & Development,Healthcare Representative,2,Life Sciences,4,2419,13,0,Yes,Travel_Rarely,12,3,3,2,3,0,5,37,15,22,0,No
1270,43,Female,Married,Sales,Sales Executive,4,Medical,3,13674,15,0,Yes,Travel_Frequently,8,4,2,3,3,5,7,3,3,23,1,Yes
1271,21,Female,Divorced,Research & Development,Manufacturing Director,4,Medical,3,1543,24,0,No,Travel_Rarely,7,4,2,2,4,5,5,17,1,0,0,No
1272,35,Male,Married,Research & Development,Manufacturing Director,1,Life Sciences,2,4373,20,1,Yes,Travel_Rarely,2,4,2,2,3,5,9,24,9,18,1,Yes
1273,23,Female,Married,Research & Development,Research Scientist,3,Life Sciences,4,18425,18,1,No,Travel_Frequently,12,1,3,3,3,2,2,6,3,5,0,No
1274,52,Female,Married,Human Resources,Manager,4,Life Sciences,2,4351,21,1,Yes,Travel_Rarely,21,4,3,3,3,3,3,37,7,34,1,Yes
1275,39,Male,Single,Research & Development,Research Scientist,1,Life Sciences,1,14474,16,2,Yes,Non-Travel,14,1,1,3,3,5,0,27,10,20,1,Yes
1276,32,Female,Divorced,Research & Development,Manufacturing Director,3,Medical,3,5509,14,0,Yes,Non-Travel,16,3,3,1,3,2,7,4,1,16,1,Yes
1277,39,Female,Single,Research & Development,Laboratory Technician,4,Life Sciences,4,2181,14,2,Yes,Travel_Rarely,11,4,3,1,4,5,3,2,0,24,0,No
1278,54,Male,Divorced,Research & Development,Healthcare Representative,2,Life Sciences,1,9016,22,0,No,Travel_Rarely,20,3,2,2,3,1,5,30,24,33,0,No
1279,59,Female,Single,Research & Development,Research Scientist,1,Life Sciences,3,2650,14,0,No,Travel_Rarely,9,2,1,2,3,3,2,19,16,43,0,No
1280,29,Male,Married,Research & Development,Manufacturing Director,4,Life Sciences,4,17864,16,2,No,Travel_Rarely,10,3,1,2,3,2,5,18,6,12,0,No
1281,59,Female,Single,Research & Development,Laboratory Technician,1,Human Resources,3,9747,17,1,No,Travel_Frequently,17,2,1,1,3,5,8,10,7,42,0,No
1282,55,Male,Divorced,Sales,Manager,1,Life Sciences,4,5735,23,2,No,Travel_Rarely,12,3,2,2,3,2,8,39,2,34,0,No
1283,35,Female,Single,Research & Development,Laboratory Technician,1,Life Sciences,3,12798,15,1,No,Travel_Rarely,6,1,1,2,3,5,9,2,1,17,0,No
1284,52,Male,Married,Sales,Sales Representative,2,Medical,2,12026,20,0,No,Non-Travel,19,3,1,1,3,1,2,22,19,32,0,No
1285,47,Male,Married,Research & Development,Research Scientist,3,Medical,3,1372,24,1,No,Travel_Rarely,11,1,2,3,4,0,2,6,4,26,1,Yes
1286,41,Male,Single,Sales,Sales Representative,3,Medical,3,11367,18,0,No,Non-Travel,9,1,1,1,3,5,3,22,18,24,0,No
1287,59,Male,Divorced,Research & Development,Manufacturing Director,4,Life Sciences,4,4318,17,0,No,Travel_Rarely,21,4,3,2,3,0,6,6,6,43,0,No
1288,47,Male,Single,Research & Development,Laboratory Technician,2,Marketing,4,17938,18,1,No,Travel_Rarely,29,1,3,1,3,3,2,33,8,32,1,Yes
1289,31,Male,Married,Sales,Manager,3,Medical,2,4249,14,0,No,Travel_Rarely,6,2,3,3,3,1,9,18,18,10,0,No
1290,23,Female,Married,Research & Development,Laboratory Technician,4,Life Sciences,4,7674,18,1,No,Travel_Rarely,27,4,3,3,4,3,7,8,5,5,0,No
1291,20,Female,Single,Sales,Sales Representative,4,Life Sciences,3,13930,23,2,No,Travel_Rarely,25,4,3,3,3,0,7,17,7,5,0,No
1292,33,Female,Single,Sales,Sales Executive,1,Medical,4,2945,16,0,No,Travel_Rarely,25,3,3,3,3,1,5,24,21,18,0,No
1293,24,Female,Married,Research & Development,Healthcare Representative,2,Medical,4,14977,13,0,No,Travel_Rarely,24,1,3,3,3,4,3,13,1,9,1,Yes
1294,31,Female,Divorced,Research & Development,Laboratory Technician,3,Other,4,12206,23,2,No,Travel_Frequently,25,1,3,3,3,1,4,24,22,12,0,No
1295,26,Male,Single,Sales,Sales Representative,2,Medical,2,13007,18,0,Yes,Travel_Rarely,16,2,3,2,3,1,1,18,1,11,0,No
1296,32,Female,Single,Research & Development,Manufacturing Director,2,Marketing,2,1891,23,2,No,Travel_Rarely,20,3,2,2,3,4,5,38,10,13,0,No
1297,38,Female,Divorced,Research & Development,Healthcare Representative,3,Life Sciences,1,7932,17,2,Yes,Travel_Rarely,16,3,2,1,3,2,2,14,14,18,0,No
1298,52,Male,Single,Sales,Manager,3,Technical Degree,2,14717,20,0,No,Travel_Rarely,6,4,3,2,4,2,5,15,0,32,0,No
1299,19,Female,Married,Research & Development,Healthcare Representative,2,Medical,2,6213,15,2,No,Travel_Rarely,5,4,2,3,3,2,4,26,13,4,0,No
1300,44,Male,Married,Sales,Manager,4,Medical,2,8297,21,2,Yes,Travel_Rarely,21,4,2,2,4,0,1,39,15,26,0,No
1301,19,Female,Single,Sales,Sales Representative,2,Life Sciences,3,4212,14,2,Yes,Travel_Rarely,4,2,3,1,3,1,4,9,0,3,0,No
1302,52,Female,Married,Research & Development,Manufacturing Director,3,Life Sciences,1,3253,11,0,Yes,Non-Travel,2,2,3,3,4,5,4,3,1,32,1,Yes
1303,35,Female,Divorced,Research & Development,Manufacturing Director,2,Marketing,3,1027,20,2,No,Travel_Frequently,28,4,2,2,3,4,8,18,6,16,0,No
1304,31,Male,Married,Research & Development,Laboratory Technician,3,Life Sciences,2,18034,13,1,No,Travel_Rarely,6,3,3,2,3,5,7,27,15,13,0,No
1305,37,Male,Married,Research & Development,Healthcare Representative,4,Life Sciences,2,4092,12,1,No,Travel_Rarely,9,2,3,1,4,0,6,20,13,22,0,No
1306,35,Female,Married,Human Resources,Human Resources,2,Life Sciences,1,9530,18,2,No,Travel_Rarely,28,3,3,3,3,4,2,13,13,17,0,No
1307,27,Male,Married,Research & Development,Research Scientist,4,Life Sciences,1,18258,24,1,No,Non-Travel,17,3,3,1,3,5,9,32,27,9,1,Yes
1308,42,Male,Single,Sales,Sales Executive,2,Medical,4,1782,18,0,No,Travel_Rarely,14,1,2,3,3,0,3,9,4,21,0,No
1309,19,Female,Married,Research & Development,Manufacturing Director,2,Medical,2,5741,22,2,No,Travel_Rarely,7,4,1,3,3,0,5,18,10,3,0,No
1310,42,Female,Married,Sales,Manager,3,Life Sciences,2,7804,15,0,No,Travel_Rarely,22,1,2,2,4,0,2,29,15,27,0,No
1311,50,Male,Single,Research & Development,Manufacturing Director,1,Medical,3,7993,24,1,No,Non-Travel,19,4,1,1,3,4,8,21,18,34,1,Yes
1312,53,Male,Divorced,Sales,Sales Representative,3,Technical Degree,4,3576,15,1,Yes,Travel_Rarely,1,4,1,1,3,5,7,2,0,33,1,Yes
1313,48,Male,Married,Sales,Sales Executive,2,Human Resources,2,17130,21,1,No,Travel_Rarely,29,3,1,1,3,5,5,36,25,32,0,No
1314,31,Male,Divorced,Human Resources,Human Resources,1,Medical,3,2683,14,1,No,Travel_Rarely,20,4,2,3,3,3,3,17,5,14,0,No
1315,18,Male,Single,Research & Development,Healthcare Representative,1,Medical,1,11884,11,0,No,Travel_Rarely,25,3,2,1,3,0,6,10,10,0,0,No
1316,33,Female,Divorced,Research & Development,Manufacturing Director,4,Life Sciences,3,12581,11,2,No,Travel_Rarely,15,3,2,3,3,2,2,1,0,13,0,No
1317,20,Female,Married,Research & Development,Manufacturing Director,2,Medical,2,1748,23,0,Yes,Travel_Rarely,18,4,2,1,3,1,9,11,8,5,0,No
1318,52,Female,Divorced,Sales,Sales Representative,3,Marketing,3,2554,16,2,Yes,Travel_Rarely,3,3,2,1,3,3,7,5,1,36,1,Yes
1319,58,Male,Divorced,Sales,Sales Representative,1,Medical,3,10336,14,1,No,Travel_Rarely,18,3,1,2,3,3,0,39,16,39,0,No
1320,23,Female,Divorced,Sales,Sales Executive,1,Life Sciences,4,6136,14,1,Yes,Travel_Rarely,2,3,2,1,3,4,2,28,11,8,0,No
1321,42,Female,Divorced,Research & Development,Laboratory Technician,3,Medical,4,10074,13,1,No,Travel_Rarely,10,2,1,2,3,3,4,29,22,27,1,Yes
1322,30,Female,Single,Research & Development,Research Scientist,3,Other,1,11501,24,1,No,Non-Travel,11,3,2,2,3,5,4,1,1,10,0,No
1323,51,Male,Married,Research & Development,Healthcare Representative,1,Technical Degree,4,14758,19,0,Yes,Travel_Rarely,27,2,2,3,4,4,9,8,5,34,1,Yes
1324,25,Female,Single,Sales,Manager,3,Marketing,3,10054,13,2,No,Travel_Frequently,24,2,3,1,3,4,1,1,1,6,0,No
1325,38,Male,Married,Human Resources,Human Resources,4,Life Sciences,4,19676,18,2,Yes,Non-Travel,3,3,1,1,4,2,9,28,4,21,0,No
1326,51,Female,Divorced,Research & Development,Research Scientist,1,Life Sciences,2,10530,12,1,No,Travel_Rarely,7,3,2,1,3,0,7,32,2,32,0,No
1327,21,Male,Single,Research & Development,Manufacturing Director,4,Technical Degree,3,9678,14,0,No,Non-Travel,8,2,2,2,3,3,4,9,9,0,0,No
1328,42,Female,Married,Research & Development,Healthcare Representative,2,Life Sciences,3,12292,11,1,Yes,Travel_Rarely,19,2,2,1,3,0,6,33,23,27,0,No
1329,32,Female,Married,Research & Development,Laboratory Technician,4,Medical,3,8007,21,2,Yes,Travel_Rarely,18,3,3,3,3,0,6,7,6,11,0,No
1330,21,Male,Single,Sales,Manager,3,Medical,2,14449,15,2,No,Non-Travel,13,3,1,3,3,0,4,36,16,2,0,No
1331,29,Male,Single,Research & Development,Healthcare Representative,1,Medical,3,13706,12,0,No,Non-Travel,13,4,2,1,4,4,7,32,25,10,0,No
1332,49,Male,Single,Research & Development,Manufacturing Director,4,Medical,4,14742,21,2,Yes,Travel_Rarely,24,2,2,2,3,0,8,5,3,32,0,No
1333,49,Male,Single,Sales,Sales Executive,3,Human Resources,2,2278,23,0,No,Travel_Rarely,19,2,2,3,3,3,3,39,11,34,0,No
1334,45,Male,Married,Sales,Sales Representative,3,Life Sciences,3,8877,11,1,No,Travel_Rarely,23,4,3,3,3,4,3,18,0,29,0,No
1335,30,Female,Married,Sales,Sales Representative,4,Technical Degree,4,13382,11,1,No,Travel_Frequently,12,2,2,2,3,3,7,31,20,15,0,No
1336,48,Male,Single,Sales,Manager,1,Technical Degree,4,19996,12,0,No,Travel_Rarely,17,1,1,3,3,4,0,26,18,30,1,Yes
1337,31,Male,Divorced,Research & Development,Manufacturing Director,4,Other,1,6970,15,1,No,Travel_Rarely,28,2,1,2,4,1,3,0,0,12,0,No
1338,37,Male,Married,Research & Development,Laboratory Technician,2,Medical,4,16743,22,0,No,Travel_Frequently,22,4,1,3,3,1,5,32,20,17,0,No
1339,35,Male,Married,Research & Development,Healthcare Representative,4,Medical,4,10670,19,1,No,Travel_Rarely,12,1,1,2,3,1,3,39,17,15,0,No
1340,46,Female,Single,Sales,Sales Representative,4,Other,1,9578,16,1,No,Travel_Rarely,28,3,2,3,3,1,5,31,10,26,0,No
1341,23,Female,Married,Research & Development,Research Scientist,1,Medical,1,8566,22,2,Yes,Travel_Rarely,13,4,3,1,4,4,4,4,3,2,0,No
1342,49,Female,Married,Research & Development,Manufacturing Director,4,Medical,2,19073,14,2,No,Travel_Rarely,25,4,3,3,4,0,8,16,2,33,0,No
1343,46,Male,Married,Sales,Manager,3,Life Sciences,4,9442,13,0,No,Travel_Rarely,12,3,3,3,3,2,9,7,4,29,0,No
1344,19,Male,Married,Research & Development,Laboratory Technician,1,Life Sciences,2,16662,18,1,No,Travel_Rarely,19,4,2,1,4,5,8,33,31,3,0,No
1345,40,Male,Single,Research & Development,Research Scientist,3,Medical,2,10120,13,1,No,Travel_Frequently,14,2,3,1,3,2,3,8,7,19,0,No
1346,36,Male,Divorced,Research & Development,Laboratory Technician,1,Medical,3,6691,11,1,No,Travel_Rarely,7,3,1,1,4,1,3,22,14,20,0,No
1347,48,Male,Married,Research & Development,Healthcare Representative,2,Marketing,2,16488,14,2,No,Travel_Frequently,13,4,2,1,3,0,7,34,4,32,1,Yes
1348,22,Female,Married,Sales,Manager,2,Life Sciences,2,16056,21,0,No,Travel_Rarely,6,3,3,2,3,3,9,6,3,7,0,No
1349,36,Male,Divorced,Research & Development,Manufacturing Director,2,Technical Degree,2,9093,23,0,No,Travel_Frequently,24,3,1,2,3,0,3,14,9,16,0,No
1350,51,Male,Married,Research & Development,Manufacturing Director,4,Medical,2,17462,15,0,Yes,Non-Travel,19,3,1,3,3,3,1,19,19,32,0,No
1351,27,Female,Married,Research & Development,Manufacturing Director,2,Medical,1,7209,15,1,No,Travel_Rarely,19,1,2,3,3,2,1,24,18,7,0,No
1352,42,Female,Married,Research & Development,Healthcare Representative,1,Other,4,11287,15,0,No,Travel_Rarely,4,4,2,3,3,0,0,2,0,26,0,No
1353,19,Male,Single,Research & Development,Healthcare Representative,2,Life Sciences,3,3016,18,2,Yes,Travel_Rarely,19,1,3,2,3,0,4,23,3,0,0,No
1354,28,Female,Divorced,Sales,Sales Executive,1,Marketing,1,16811,18,2,No,Non-Travel,9,4,3,3,4,5,5,33,14,13,0,No
1355,48,Female,Married,Sales,Manager,3,Medical,3,14338,22,0,No,Travel_Rarely,16,2,3,3,3,2,8,21,16,31,0,No
1356,32,Male,Married,Research & Development,Laboratory Technician,4,Marketing,3,3788,23,1,No,Non-Travel,27,2,2,2,3,0,4,10,2,14,0,No
1357,26,Male,Divorced,Sales,Sales Executive,3,Medical,1,1764,14,2,Yes,Travel_Rarely,4,2,3,3,3,3,5,7,1,7,0,No
1358,40,Male,Married,Research & Development,Research Scientist,3,Life Sciences,2,7504,19,2,Yes,Travel_Rarely,6,4,3,2,4,0,5,38,22,19,0,No
1359,36,Female,Married,Human Resources,Manager,2,Medical,1,11196,11,1,No,Travel_Frequently,8,3,1,2,4,3,2,34,17,16,1,Yes
1360,26,Male,Divorced,Research & Development,Manufacturing Director,2,Life Sciences,3,10522,15,1,No,Travel_Rarely,27,3,1,1,3,1,3,37,0,11,1,Yes
1361,52,Female,Single,Research & Development,Research Scientist,2,Life Sciences,3,19723,15,0,No,Travel_Rarely,29,1,1,1,3,0,0,7,2,37,1,Yes
1362,38,Female,Single,Research & Development,Manufacturing Director,3,Technical Degree,2,18409,15,2,No,Non-Travel,24,1,3,2,3,3,3,36,30,18,1,Yes
1363,26,Male,Single,Research & Development,Healthcare Representative,4,Medical,1,8356,18,2,Yes,Travel_Rarely,16,2,2,2,3,2,0,26,26,10,1,Yes
1364,45,Male,Divorced,Research & Development,Research Scientist,4,Technical Degree,4,15258,19,0,No,Travel_Rarely,5,1,1,1,3,1,4,27,11,29,0,No
1365,24,Male,Single,Human Resources,Human Resources,3,Medical,3,15888,13,0,No,Travel_Rarely,21,4,2,3,4,0,7,39,0,8,0,No
1366,33,Male,Single,Research & Development,Laboratory Technician,4,Medical,1,15066,19,2,No,Travel_Rarely,22,4,3,3,3,5,7,33,2,18,0,No
1367,33,Female,Single,Human Resources,Manager,3,Other,2,13066,23,2,No,Travel_Rarely,10,1,3,3,3,3,4,31,2,17,0,No
1368,50,Male,Single,Human Resources,Manager,3,Other,2,5947,21,1,No,Travel_Rarely,23,1,1,2,3,5,9,14,4,30,0,No
1369,21,Male,Married,Sales,Sales Representative,4,Life Sciences,4,1746,18,1,No,Travel_Rarely,13,1,2,1,3,0,1,16,0,2,1,Yes
1370,21,Male,Divorced,Sales,Sales Executive,1,Technical Degree,3,7209,13,2,No,Travel_Rarely,29,1,1,3,3,3,5,32,28,4,0,No
1371,56,Male,Married,Sales,Sales Representative,1,Life Sciences,4,9380,12,2,No,Travel_Rarely,26,2,3,1,3,0,0,15,9,37,0,No
1372,57,Male,Married,Sales,Sales Representative,2,Life Sciences,4,17624,14,1,No,Non-Travel,14,2,2,1,3,1,6,28,25,36,0,No
1373,34,Male,Married,Sales,Sales Representative,4,Medical,4,19310,23,0,No,Travel_Rarely,7,1,1,2,4,1,3,8,3,14,0,No
1374,54,Female,Married,Research & Development,Research Scientist,2,Other,4,9543,22,0,No,Travel_Rarely,29,4,3,3,3,0,4,32,13,35,0,No
1375,56,Male,Divorced,Sales,Manager,3,Other,2,3632,12,2,No,Travel_Rarely,20,2,1,1,3,0,5,28,17,36,0,No
1376,46,Male,Married,Sales,Sales Representative,1,Life Sciences,3,9655,14,2,Yes,Travel_Frequently,6,4,2,2,4,4,0,12,10,31,0,No
1377,53,Female,Married,Research & Development,Healthcare Representative,4,Marketing,4,14552,15,1,No,Travel_Rarely,7,3,2,2,3,0,8,20,0,32,0,No
1378,55,Male,Divorced,Sales,Sales Executive,4,Technical Degree,3,13826,12,2,Yes,Travel_Rarely,5,4,2,2,3,0,9,20,15,40,0,No
1379,56,Male,Married,Research & Development,Healthcare Representative,4,Life Sciences,2,19669,22,0,No,Travel_Rarely,21,1,2,3,3,5,3,4,2,38,1,Yes
1380,54,Male,Single,Sales,Sales Executive,1,Medical,2,5506,18,1,No,Travel_Frequently,18,3,2,3,3,5,7,9,6,36,0,No
1381,52,Male,Single,Sales,Manager,2,Medical,1,8942,11,1,No,Travel_Rarely,23,2,1,2,3,1,4,5,4,34,0,No
1382,24,Female,Divorced,Research & Development,Laboratory Technician,1,Life Sciences,1,19528,13,0,No,Travel_Rarely,12,2,1,3,3,5,7,12,8,4,0,No
1383,44,Male,Married,Research & Development,Research Scientist,2,Marketing,3,7736,17,0,No,Travel_Rarely,6,3,1,3,3,0,0,0,0,25,0,No
1384,45,Female,Married,Research & Development,Healthcare Representative,3,Life Sciences,1,13165,20,1,No,Travel_Rarely,27,4,1,1,3,2,7,19,3,25,0,No
1385,39,Male,Divorced,Research & Development,Research Scientist,3,Life Sciences,4,18958,11,2,No,Travel_Rarely,1,2,3,2,3,0,3,7,4,24,0,No
1386,31,Male,Married,Research & Development,Research Scientist,2,Life Sciences,3,17701,23,0,No,Travel_Rarely,4,1,3,2,4,4,1,9,4,14,1,Yes
1387,24,Female,Single,Sales,Manager,3,Marketing,2,9636,21,1,No,Travel_Rarely,19,3,1,3,3,3,5,8,4,9,0,No
1388,54,Male,Married,Sales,Sales Representative,3,Medical,2,9377,12,2,No,Travel_Rarely,12,1,3,2,4,1,1,2,1,35,0,No
1389,39,Female,Married,Research & Development,Research Scientist,4,Medical,4,17531,13,2,Yes,Travel_Frequently,15,3,3,2,3,5,4,10,8,24,1,Yes
1390,22,Male,Married,Research & Development,Research Scientist,4,Medical,1,17586,24,1,No,Travel_Frequently,3,2,2,2,3,2,1,11,9,7,0,No
1391,19,Male,Single,Human Resources,Manager,1,Life Sciences,3,16586,24,0,No,Travel_Rarely,23,4,1,3,3,3,2,9,2,0,0,No
1392,44,Female,Single,Research & Development,Research Scientist,1,Human Resources,3,14481,12,2,No,Travel_Frequently,27,3,3,3,3,2,5,24,5,28,0,No
1393,38,Male,Divorced,Research & Development,Research Scientist,1,Medical,4,1951,12,0,Yes,Travel_Rarely,28,3,3,3,3,1,0,24,23,20,1,Yes
1394,55,Female,Divorced,Research & Development,Laboratory Technician,4,Life Sciences,1,5629,22,1,No,Travel_Rarely,26,1,1,1,3,5,5,10,10,36,0,No
1395,32,Male,Married,Sales,Sales Representative,1,Life Sciences,3,17204,21,0,Yes,Travel_Frequently,20,2,2,2,3,4,2,35,28,13,0,No
1396,38,Female,Divorced,Human Resources,Manager,1,Life Sciences,4,12163,16,2,No,Non-Travel,28,1,1,1,3,1,6,38,2,20,0,No
1397,27,Male,Married,Research & Development,Research Scientist,4,Human Resources,3,7362,17,1,No,Travel_Rarely,8,2,2,3,4,2,1,25,0,12,0,No
1398,40,Female,Divorced,Research & Development,Research Scientist,2,Medical,2,10154,16,2,No,Travel_Rarely,11,1,3,1,3,2,5,13,3,19,0,No
1399,56,Female,Single,Research & Development,Research Scientist,4,Marketing,3,10503,21,2,Yes,Travel_Rarely,16,3,2,2,3,1,7,38,18,36,0,No
1400,22,Male,Married,Research & Development,Manufacturing Director,2,Life Sciences,3,14571,16,1,No,Travel_Rarely,9,1,2,2,3,0,0,39,21,2,0,No
1401,18,Male,Married,Sales,Manager,4,Medical,3,3889,19,1,No,Travel_Rarely,3,4,1,3,4,1,8,0,0,3,1,Yes
1402,30,Female,Single,Human Resources,Manager,1,Human Resources,1,1554,18,0,No,Travel_Rarely,5,2,3,3,3,5,4,3,1,15,1,Yes
1403,38,Male,Married,Research & Development,Manufacturing Director,3,Life Sciences,1,15141,24,1,No,Travel_Frequently,20,2,1,1,4,5,4,29,16,22,0,No
1404,43,Female,Divorced,Research & Development,Healthcare Representative,3,Medical,4,14313,18,0,Yes,Travel_Rarely,14,3,1,3,3,4,4,11,8,24,0,No
1405,38,Female,Married,Sales,Sales Executive,2,Other,1,2936,16,1,No,Travel_Frequently,28,2,3,1,3,1,5,34,13,20,0,No
1406,35,Female,Divorced,Research & Development,Manufacturing Director,2,Marketing,3,17397,15,2,No,Travel_Rarely,26,4,1,2,3,3,1,12,11,20,0,No
1407,54,Male,Married,Research & Development,Laboratory Technician,2,Life Sciences,3,12682,19,0,No,Travel_Rarely,15,1,1,2,3,5,5,30,15,39,1,Yes
1408,49,Male,Married,Sales,Manager,3,Life Sciences,1,16381,22,1,Yes,Travel_Rarely,6,3,2,2,4,5,3,37,32,32,0,No
1409,53,Male,Married,Human Resources,Human Resources,2,Life Sciences,1,3672,12,0,No,Travel_Rarely,27,4,1,2,3,5,7,22,12,32,0,No
1410,34,Male,Single,Sales,Sales Representative,4,Technical Degree,3,16042,17,0,No,Non-Travel,26,2,3,2,4,0,8,3,1,14,0,No
1411,52,Male,Married,Sales,Sales Executive,4,Medical,3,10474,16,0,No,Travel_Rarely,4,2,1,1,3,3,8,15,0,31,0,No
1412,28,Female,Married,Human Resources,Manager,3,Other,2,4335,17,2,Yes,Non-Travel,8,4,2,2,3,1,7,6,3,7,1,Yes
1413,38,Male,Divorced,Human Resources,Human Resources,4,Life Sciences,4,4668,22,1,No,Travel_Rarely,19,1,1,1,3,0,2,21,18,22,0,No
1414,43,Female,Married,Research & Development,Healthcare Representative,2,Medical,1,18524,14,1,Yes,Travel_Frequently,27,1,1,2,3,5,9,28,5,22,1,Yes
1415,21,Female,Married,Research & Development,Manufacturing Director,3,Life Sciences,4,5772,19,0,No,Non-Travel,5,3,1,1,3,3,3,10,6,3,0,No
1416,51,Female,Single,Research & Development,Laboratory Technician,2,Life Sciences,3,11837,17,1,No,Travel_Rarely,13,2,2,1,3,3,0,32,32,35,0,No
1417,35,Male,Divorced,Sales,Sales Representative,4,Life Sciences,4,15829,12,2,No,Travel_Rarely,16,4,3,1,3,0,8,28,0,20,0,No
1418,57,Male,Married,Sales,Sales Executive,2,Life Sciences,1,12230,23,0,No,Travel_Rarely,1,1,3,3,3,5,4,38,28,39,1,Yes
1419,52,Male,Divorced,Research & Development,Healthcare Representative,3,Technical Degree,1,12220,14,2,No,Travel_Rarely,13,3,2,1,3,0,5,11,4,36,1,Yes
1420,58,Male,Married,Research & Development,Healthcare Representative,2,Life Sciences,4,14578,15,2,Yes,Travel_Rarely,22,2,2,1,3,2,2,6,5,40,1,Yes
1421,46,Female,Married,Research & Development,Laboratory Technician,4,Medical,1,6101,12,1,No,Travel_Rarely,11,2,1,2,3,5,9,38,30,30,0,No
1422,46,Female,Married,Research & Development,Research Scientist,1,Human Resources,2,7031,20,1,No,Non-Travel,21,3,3,1,3,0,7,25,15,30,0,No
1423,55,Male,Married,Sales,Sales Representative,3,Other,3,13578,18,0,No,Travel_Rarely,8,3,2,1,3,1,6,39,30,36,0,No
1424,59,Male,Married,Research & Development,Laboratory Technician,2,Life Sciences,3,14524,11,2,No,Travel_Rarely,25,1,3,3,4,5,0,8,8,41,0,No
1425,38,Male,Married,Sales,Manager,3,Human Resources,1,7168,13,1,Yes,Travel_Rarely,8,4,1,2,3,4,9,33,32,19,1,Yes
1426,59,Female,Married,Research & Development,Manufacturing Director,2,Life Sciences,3,14232,24,0,No,Travel_Rarely,24,2,2,3,3,5,4,12,12,44,0,No
1427,30,Female,Divorced,Research & Development,Healthcare Representative,1,Medical,2,9454,11,0,Yes,Travel_Rarely,28,4,3,3,3,2,9,35,9,14,1,Yes
1428,58,Male,Single,Research & Development,Research Scientist,4,Technical Degree,1,12031,15,1,No,Travel_Rarely,14,2,3,3,3,0,8,24,23,38,1,Yes
1429,34,Male,Married,Research & Development,Healthcare Representative,2,Technical Degree,2,4053,18,2,No,Travel_Rarely,13,2,1,1,3,4,5,23,9,18,1,Yes
1430,26,Female,Single,Sales,Sales Executive,2,Technical Degree,2,10621,17,0,No,Travel_Rarely,3,4,2,3,3,2,7,16,8,6,0,No
1431,58,Male,Single,Sales,Sales Executive,1,Technical Degree,3,6645,19,1,No,Travel_Rarely,4,3,3,3,3,1,9,1,0,38,0,No
1432,18,Female,Married,Research & Development,Laboratory Technician,3,Life Sciences,3,12602,12,0,No,Travel_Rarely,27,1,1,2,3,5,0,12,12,0,0,No
1433,19,Male,Single,Research & Development,Laboratory Technician,4,Medical,4,17188,22,1,No,Travel_Frequently,20,2,3,2,3,4,9,30,2,0,0,No
1434,46,Male,Married,Sales,Sales Executive,2,Life Sciences,2,3901,18,0,No,Travel_Rarely,15,3,1,2,3,0,6,28,26,28,0,No
1435,50,Male,Single,Sales,Sales Representative,2,Medical,3,6821,18,2,No,Travel_Rarely,15,2,3,2,3,0,2,27,17,33,0,No
1436,27,Female,Single,Research & Development,Healthcare Representative,4,Life Sciences,2,1663,24,0,Yes,Travel_Rarely,27,1,3,3,3,1,8,26,19,9,0,No
1437,57,Male,Single,Sales,Manager,1,Life Sciences,4,18152,16,1,No,Travel_Rarely,21,2,1,2,3,2,5,14,1,42,0,No
1438,38,Male,Single,Research & Development,Laboratory Technician,3,Technical Degree,2,2807,13,1,No,Travel_Rarely,13,1,2,1,3,4,4,30,16,21,1,Yes
1439,45,Male,Divorced,Research & Development,Healthcare Representative,4,Human Resources,1,6168,12,1,No,Travel_Rarely,9,1,1,3,3,1,7,39,27,27,0,No
1440,28,Male,Married,Sales,Manager,3,Medical,4,12627,24,2,No,Travel_Rarely,28,2,2,2,4,2,7,14,2,13,0,No
1441,51,Female,Divorced,Sales,Sales Executive,1,Medical,4,9455,18,1,No,Non-Travel,25,2,3,3,3,3,2,32,22,31,0,No
1442,25,Female,Single,Human Resources,Manager,1,Marketing,2,4832,16,1,Yes,Travel_Rarely,10,1,3,2,3,3,1,19,12,4,1,Yes
1443,39,Male,Divorced,Research & Development,Research Scientist,4,Medical,2,17108,14,2,No,Travel_Rarely,29,3,1,3,3,2,1,11,0,23,0,No
1444,25,Female,Married,Research & Development,Manufacturing Director,2,Other,3,19269,15,1,No,Travel_Frequently,12,4,1,2,3,0,4,36,33,8,0,No
1445,32,Male,Single,Research & Development,Research Scientist,1,Life Sciences,1,8796,15,1,No,Non-Travel,14,1,2,1,3,0,9,8,0,11,0,No
1446,34,Male,Married,Human Resources,Manager,1,Medical,4,12205,23,2,No,Travel_Rarely,1,2,2,2,3,3,6,22,4,14,0,No
1447,40,Female,Married,Human Resources,Human Resources,4,Human Resources,4,7389,19,0,No,Travel_Rarely,14,2,2,3,4,0,7,7,7,23,0,No
1448,41,Male,Married,Research & Development,Manufacturing Director,4,Human Resources,4,18401,23,1,Yes,Travel_Rarely,14,3,1,3,3,0,9,31,2,20,1,Yes
1449,36,Male,Married,Research & Development,Research Scientist,4,Medical,3,10711,23,0,No,Travel_Rarely,8,4,3,1,3,2,7,13,12,18,0,No
1450,22,Male,Married,Sales,Manager,1,Life Sciences,1,19901,19,2,No,Travel_Frequently,16,1,1,3,3,5,7,26,6,7,0,No
1451,49,Female,Married,Research & Development,Research Scientist,3,Technical Degree,4,3691,18,1,Yes,Travel_Rarely,14,1,3,1,4,2,9,24,23,29,1,Yes
1452,18,Male,Married,Research & Development,Research Scientist,1,Medical,4,1998,18,1,Yes,Travel_Rarely,1,4,1,3,3,0,2,12,5,0,1,Yes
1453,40,Male,Divorced,Research & Development,Research Scientist,4,Marketing,3,13485,22,2,Yes,Travel_Rarely,16,1,1,3,4,2,1,20,12,22,0,No
1454,54,Female,Married,Human Resources,Human Resources,2,Medical,2,9455,12,1,No,Non-Travel,18,4,2,1,3,4,3,30,28,34,0,No
1455,25,Female,Married,Sales,Manager,2,Life Sciences,4,5720,24,0,No,Travel_Rarely,7,2,3,3,3,3,0,36,22,8,0,No
1456,30,Female,Married,Research & Development,Laboratory Technician,4,Life Sciences,1,7488,13,0,Yes,Travel_Rarely,15,4,1,3,3,5,2,4,3,14,0,No
1457,25,Male,Married,Sales,Sales Executive,2,Medical,1,14170,24,2,No,Travel_Rarely,24,1,1,1,4,4,8,12,1,6,0,No
1458,40,Male,Married,Research & Development,Research Scientist,1,Life Sciences,1,15644,18,1,Yes,Travel_Rarely,17,4,3,2,4,4,6,27,23,21,0,No
1459,18,Male,Single,Sales,Sales Executive,3,Life Sciences,1,9084,23,1,No,Travel_Rarely,19,3,1,1,3,0,6,24,20,2,1,Yes
1460,41,Female,Married,Sales,Sales Executive,1,Medical,3,2016,15,2,Yes,Travel_Rarely,23,2,3,3,3,0,0,34,6,21,0,No
1461,52,Female,Married,Sales,Sales Executive,4,Medical,4,8697,17,0,No,Travel_Rarely,13,2,2,2,3,4,6,38,32,33,1,Yes
1462,41,Female,Married,Research & Development,Research Scientist,1,Life Sciences,3,11772,24,0,No,Non-Travel,9,4,2,2,3,4,9,6,4,25,0,No
1463,34,Male,Married,Research & Development,Research Scientist,2,Life Sciences,1,4917,18,2,No,Travel_Rarely,24,1,3,2,3,1,6,37,27,13,0,No
1464,22,Male,Married,Research & Development,Laboratory Technician,1,Other,1,12966,16,1,No,Travel_Frequently,24,3,2,1,3,1,3,31,28,6,0,No
1465,37,Male,Divorced,Human Resources,Manager,3,Life Sciences,1,5388,15,0,No,Non-Travel,15,2,3,2,4,3,6,2,2,20,0,No
1466,38,Male,Married,Research & Development,Healthcare Representative,2,Life Sciences,3,17491,18,1,No,Travel_Rarely,25,2,1,2,3,4,7,38,3,23,1,Yes
1467,57,Male,Married,Sales,Sales Executive,3,Life Sciences,1,1886,11,0,Yes,Travel_Rarely,26,1,1,2,3,2,2,36,33,41,0,No
1468,48,Female,Married,Research & Development,Research Scientist,3,Technical Degree,4,16594,11,1,Yes,Travel_Rarely,3,1,3,3,3,5,9,21,4,30,1,Yes
1469,53,Male,Single,Sales,Sales Representative,3,Medical,1,19261,11,0,No,Travel_Rarely,24,3,1,1,3,1,1,7,0,35,0,No
1470,28,Male,Divorced,Human Resources,Manager,1,Life Sciences,4,18781,13,1,Yes,Travel_Rarely,1,4,2,1,3,0,6,16,4,13,1,Yes
1471,32,Female,Married,Sales,Sales Executive,1,Life Sciences,4,19808,20,2,No,Non-Travel,16,1,1,3,3,4,4,26,5,12,0,No
1472,36,Male,Married,Human Resources,Human Resources,1,Marketing,1,3646,23,0,No,Travel_Rarely,8,4,1,2,3,2,4,32,25,18,0,No
1473,24,Female,Married,Sales,Sales Representative,1,Marketing,3,8251,22,2,No,Non-Travel,29,3,3,3,3,5,4,16,0,3,0,No
1474,45,Female,Single,Research & Development,Laboratory Technician,2,Medical,2,10266,16,0,No,Non-Travel,23,4,2,3,4,2,6,11,3,29,0,No
1475,22,Male,Divorced,Research & Development,Healthcare Representative,1,Life Sciences,2,9622,16,0,Yes,Travel_Rarely,13,2,1,2,3,2,8,26,6,7,1,Yes
1476,22,Female,Divorced,Human Resources,Manager,2,Life Sciences,4,3892,15,0,Yes,Travel_Rarely,8,4,1,2,3,0,7,7,5,1,0,No
1477,47,Male,Married,Sales,Sales Executive,3,Medical,3,2213,23,1,No,Travel_Rarely,17,3,3,1,3,1,5,22,0,27,1,Yes
1478,49,Male,Single,Research & Development,Laboratory Technician,2,Marketing,2,17937,23,0,No,Travel_Rarely,22,3,3,2,3,2,6,28,0,31,0,No
1479,25,Male,Married,Human Resources,Manager,4,Life Sciences,1,12840,24,2,Yes,Travel_Rarely,23,3,2,3,3,5,8,19,7,10,0,No
1480,27,Male,Single,Research & Development,Research Scientist,1,Medical,1,16473,17,1,No,Travel_Rarely,14,4,1,3,3,1,5,15,3,8,0,No
1481,55,Male,Married,Research & Development,Healthcare Representative,4,Life Sciences,4,18616,15,1,No,Travel_Rarely,27,2,3,2,3,3,0,16,15,39,0,No
1482,49,Male,Married,Research & Development,Healthcare Representative,2,Medical,3,15003,24,0,No,Travel_Rarely,21,1,3,1,4,0,3,15,4,30,1,Yes
1483,45,Male,Single,Research & Development,Healthcare Representative,1,Medical,3,7529,12,1,Yes,Travel_Rarely,21,2,3,3,3,1,7,18,12,28,0,No
1484,34,Male,Married,Research & Development,Manufacturing Director,4,Human Resources,2,1663,14,0,Yes,Travel_Rarely,7,4,2,2,3,1,6,7,6,14,1,Yes
1485,48,Female,Married,Research & Development,Research Scientist,1,Medical,2,19839,11,2,No,Travel_Frequently,27,4,3,1,4,2,2,37,25,31,0,No
1486,25,Female,Divorced,Human Resources,Manager,2,Medical,1,9421,17,1,Yes,Travel_Rarely,15,1,2,1,3,5,9,37,22,6,0,No
1487,57,Female,Married,Sales,Sales Executive,4,Life Sciences,4,4675,14,1,No,Non-Travel,16,4,2,3,3,2,2,28,17,38,0,No
1488,42,Male,Married,Sales,Sales Executive,2,Life Sciences,3,5286,23,2,No,Travel_Rarely,19,3,1,3,3,5,2,35,30,23,0,No
1489,26,Female,Married,Human Resources,Manager,4,Life Sciences,2,19962,14,2,No,Travel_Rarely,6,3,1,1,4,0,0,25,19,9,0,No
1490,19,Female,Divorced,Research & Development,Research Scientist,3,Life Sciences,2,6524,23,0,No,Travel_Rarely,23,3,2,1,3,1,9,30,9,4,1,Yes
1491,32,Male,Married,Research & Development,Healthcare Representative,3,Life Sciences,4,10214,14,1,Yes,Travel_Rarely,1,3,1,1,4,4,0,11,11,12,1,Yes
1492,20,Male,Married,Research & Development,Research Scientist,3,Other,4,16207,13,2,No,Non-Travel,12,3,1,2,3,5,5,16,0,4,1,Yes
1493,53,Female,Single,Sales,Sales Representative,3,Medical,1,4994,18,1,No,Travel_Rarely,18,4,3,3,3,5,0,14,9,38,0,No
1494,21,Female,Married,Sales,Manager,3,Life Sciences,4,14144,14,2,No,Travel_Frequently,16,1,1,1,3,2,4,8,8,5,0,No
1495,31,Female,Divorced,Research & Development,Manufacturing Director,2,Life Sciences,1,9176,18,1,Yes,Travel_Frequently,12,1,2,3,3,2,3,38,2,10,0,No
1496,58,Female,Married,Research & Development,Laboratory Technician,3,Life Sciences,1,8457,19,2,Yes,Travel_Rarely,20,3,1,3,3,3,4,11,11,37,0,No
1497,58,Female,Single,Research & Development,Healthcare Representative,2,Life Sciences,4,4690,11,1,No,Non-Travel,13,4,3,3,3,5,6,31,18,39,0,No
1498,42,Male,Married,Sales,Sales Executive,3,Life Sciences,4,17965,14,0,No,Non-Travel,8,2,2,1,3,0,5,24,8,22,0,No
1499,27,Male,Single,Human Resources,Human Resources,1,Medical,4,10533,16,1,No,Travel_Rarely,27,2,1,2,3,1,8,38,15,7,0,No
1500,38,Female,Divorced,Human Resources,Manager,3,Human Resources,4,5762,18,0,Yes,Travel_Rarely,29,4,2,1,3,1,5,17,17,20,0,No
1501,53,Male,Married,Research & Development,Manufacturing Director,1,Medical,4,8091,24,0,No,Travel_Frequently,26,3,1,3,3,1,8,14,13,35,1,Yes
1502,29,Male,Married,Research & Development,Laboratory Technician,2,Medical,1,5011,16,0,No,Travel_Rarely,22,1,3,1,3,5,3,31,28,14,0,No
1503,44,Male,Married,Sales,Manager,3,Technical Degree,2,6638,22,1,No,Travel_Rarely,1,4,1,1,3,2,0,5,2,27,0,No
1504,57,Female,Divorced,Research & Development,Healthcare Representative,4,Life Sciences,3,13287,16,1,No,Travel_Rarely,26,2,2,3,3,0,0,34,33,39,0,No
1505,19,Male,Divorced,Research & Development,Manufacturing Director,2,Life Sciences,3,9426,20,0,Yes,Travel_Rarely,21,2,2,3,3,1,9,33,32,4,0,No
1506,30,Female,Single,Sales,Sales Representative,3,Medical,1,3006,14,2,No,Travel_Rarely,7,2,2,1,3,5,6,37,23,14,0,No
1507,49,Male,Divorced,Human Resources,Human Resources,2,Marketing,1,9972,19,1,Yes,Non-Travel,15,3,1,1,3,4,2,4,0,33,0,No
1508,48,Male,Divorced,Research & Development,Research Scientist,4,Medical,2,16793,17,1,No,Travel_Rarely,29,2,1,1,3,3,1,17,12,33,1,Yes
1509,33,Female,Married,Human Resources,Manager,3,Life Sciences,4,5533,24,1,No,Travel_Frequently,22,4,1,1,3,3,5,15,1,16,1,Yes
1510,49,Male,Divorced,Research & Development,Research Scientist,4,Human Resources,1,4416,21,1,No,Non-Travel,13,4,3,2,4,1,5,7,6,28,0,No
1511,49,Male,Married,Research & Development,Research Scientist,3,Life Sciences,3,7740,16,0,No,Travel_Rarely,13,2,3,1,3,2,6,24,15,30,0,No
1512,51,Male,Divorced,Research & Development,Healthcare Representative,1,Technical Degree,4,8804,11,2,Yes,Travel_Rarely,28,4,3,2,3,3,4,31,30,31,0,No
1513,28,Male,Single,Human Resources,Manager,2,Human Resources,1,12341,12,2,No,Travel_Rarely,9,2,2,3,3,3,7,25,20,7,0,No
1514,27,Male,Married,Research & Development,Laboratory Technician,4,Life Sciences,4,3920,22,2,No,Travel_Rarely,24,2,2,2,3,3,6,21,18,12,0,No
1515,32,Male,Single,Sales,Manager,2,Technical Degree,3,19808,16,2,Yes,Travel_Frequently,15,1,2,3,3,3,1,30,24,16,1,Yes
1516,34,Female,Divorced,Sales,Sales Representative,4,Marketing,4,17643,21,0,Yes,Travel_Rarely,4,3,2,2,3,1,0,9,5,13,0,No
1517,57,Male,Divorced,Research & Development,Healthcare Representative,2,Human Resources,1,16203,11,1,No,Travel_Rarely,13,3,2,3,3,5,8,11,10,40,0,No
1518,35,Male,Married,Research & Development,Healthcare Representative,2,Life Sciences,1,5960,21,1,Yes,Non-Travel,27,1,1,1,3,0,4,27,0,16,0,No
1519,26,Male,Married,Human Resources,Human Resources,2,Human Resources,3,9107,15,0,No,Travel_Rarely,12,1,2,2,3,0,4,5,4,10,1,Yes
1520,42,Male,Married,Sales,Sales Executive,1,Life Sciences,2,17126,11,1,No,Travel_Rarely,5,3,1,2,3,2,9,19,6,25,0,No
1521,57,Male,Married,Research & Development,Manufacturing Director,3,Technical Degree,2,9111,23,0,No,Travel_Rarely,7,2,3,3,3,5,3,4,3,42,0,No
1522,31,Female,Married,Research & Development,Research Scientist,1,Medical,4,6574,13,2,Yes,Non-Travel,8,2,3,3,3,4,1,22,7,10,0,No
1523,42,Female,Married,Human Resources,Manager,2,Life Sciences,1,2182,22,0,No,Travel_Rarely,5,3,3,2,3,0,4,8,4,22,1,Yes
1524,39,Male,Single,Research & Development,Research Scientist,4,Life Sciences,1,9633,22,1,No,Travel_Rarely,9,2,3,3,3,4,1,28,8,21,0,No
1525,47,Female,Single,Research & Development,Research Scientist,2,Life Sciences,3,15403,22,1,Yes,Travel_Frequently,14,1,3,1,3,0,6,15,8,30,1,Yes
1526,37,Male,Married,Research & Development,Healthcare Representative,3,Life Sciences,3,14265,17,1,No,Travel_Rarely,26,2,2,2,3,0,8,21,0,21,0,No
1527,38,Female,Married,Research & Development,Laboratory Technician,1,Life Sciences,1,1844,15,2,No,Non-Travel,12,2,2,1,3,2,8,7,1,17,0,No
1528,49,Male,Divorced,Sales,Manager,3,Life Sciences,3,19655,22,0,No,Travel_Rarely,4,4,2,2,3,3,5,19,18,31,0,No
1529,38,Male,Single,Sales,Manager,4,Life Sciences,2,12833,20,0,Yes,Travel_Frequently,20,4,3,1,3,2,0,13,13,20,0,No
1530,52,Male,Single,Research & Development,Manufacturing Director,3,Medical,2,5576,11,1,No,Travel_Rarely,29,4,3,2,3,0,5,38,19,31,1,Yes
1531,49,Male,Married,Research & Development,Research Scientist,1,Medical,4,4824,11,0,Yes,Travel_Rarely,8,2,1,3,3,5,4,36,28,30,0,No
1532,47,Female,Married,Human Resources,Manager,4,Technical Degree,3,17639,18,1,Yes,Travel_Frequently,17,3,2,2,3,3,3,33,5,26,0,No
1533,56,Male,Married,Human Resources,Manager,3,Medical,4,3438,21,0,No,Travel_Rarely,8,1,3,1,3,5,5,10,0,40,0,No
1534,29,Male,Married,Research & Development,Manufacturing Director,1,Life Sciences,3,10191,24,2,No,Travel_Rarely,21,2,3,2,3,5,5,39,24,14,0,No
1535,58,Female,Married,Research & Development,Manufacturing Director,1,Medical,3,10127,23,2,Yes,Travel_Rarely,29,3,3,1,3,5,5,32,3,38,1,Yes
1536,35,Male,Married,Human Resources,Manager,2,Marketing,2,12639,19,0,Yes,Travel_Rarely,27,2,1,1,3,3,1,30,29,19,1,Yes
1537,38,Female,Single,Research & Development,Manufacturing Director,3,Life Sciences,1,3616,17,2,Yes,Travel_Rarely,1,1,3,1,3,5,6,33,19,23,0,No
1538,30,Male,Married,Sales,Sales Representative,4,Medical,3,6939,23,2,Yes,Travel_Rarely,20,2,1,3,3,3,3,6,2,12,0,No
1539,38,Male,Single,Research & Development,Healthcare Representative,2,Medical,3,5031,13,2,Yes,Travel_Rarely,2,1,1,2,3,4,8,22,22,18,0,No
1540,25,Male,Single,Sales,Sales Representative,3,Other,3,13000,22,1,Yes,Non-Travel,4,2,2,1,3,0,9,6,2,8,1,Yes
1541,57,Male,Single,Human Resources,Human Resources,3,Medical,1,7626,16,0,No,Travel_Rarely,24,1,3,3,3,1,1,24,17,39,0,No
1542,24,Male,Single,Research & Development,Laboratory Technician,4,Marketing,4,4160,13,0,No,Travel_Rarely,21,2,1,1,3,5,4,2,1,5,0,No
1543,40,Female,Divorced,Sales,Sales Representative,2,Life Sciences,4,6589,20,1,No,Travel_Rarely,1,1,3,2,4,2,3,37,35,19,0,No
1544,49,Female,Single,Research & Development,Manufacturing Director,2,Marketing,3,8063,14,1,No,Travel_Rarely,7,4,2,3,3,4,8,19,7,32,0,No
1545,28,Female,Single,Research & Development,Research Scientist,4,Life Sciences,3,8628,22,2,Yes,Non-Travel,1,2,2,1,3,2,3,33,16,12,1,Yes
1546,39,Female,Divorced,Research & Development,Manufacturing Director,2,Medical,4,16832,14,0,No,Travel_Rarely,9,2,1,1,3,1,7,29,4,19,0,No
1547,39,Female,Married,Sales,Manager,1,Medical,4,14256,13,1,No,Travel_Rarely,3,3,2,1,3,3,7,16,12,22,0,No
1548,42,Male,Married,Research & Development,Research Scientist,4,Human Resources,2,5582,20,2,No,Travel_Rarely,12,3,2,2,4,1,5,9,8,23,0,No
1549,39,Female,Married,Research & Development,Laboratory Technician,3,Life Sciences,3,16348,16,0,No,Travel_Rarely,19,1,2,3,3,2,5,34,32,18,0,No
1550,45,Male,Married,Research & Development,Manufacturing Director,4,Life Sciences,4,4500,15,2,No,Travel_Rarely,15,2,3,3,4,1,7,19,12,28,0,No
1551,46,Female,Married,Research & Development,Research Scientist,1,Marketing,2,1715,21,0,No,Travel_Rarely,22,1,3,3,3,0,9,17,3,30,0,No
1552,30,Female,Single,Research & Development,Healthcare Representative,4,Medical,1,16737,19,2,Yes,Travel_Rarely,16,4,1,1,3,1,8,26,21,10,0,No
1553,35,Male,Divorced,Research & Development,Research Scientist,3,Life Sciences,3,8006,19,0,No,Travel_Rarely,10,3,1,3,3,5,4,35,25,18,0,No
1554,19,Male,Single,Research & Development,Manufacturing Director,3,Life Sciences,4,6242,13,0,No,Travel_Rarely,22,1,2,1,3,0,0,22,13,0,1,Yes
1555,46,Female,Single,Research & Development,Healthcare Representative,4,Life Sciences,3,6764,23,0,No,Travel_Rarely,29,1,2,2,3,5,0,31,2,30,0,No
1556,38,Male,Married,Research & Development,Manufacturing Director,4,Medical,2,18727,19,0,No,Travel_Rarely,27,3,1,3,3,1,1,9,4,21,0,No
1557,32,Male,Married,Sales,Sales Executive,1,Technical Degree,4,19240,23,2,Yes,Non-Travel,27,2,2,1,3,0,9,10,6,12,0,No
1558,44,Male,Married,Sales,Manager,1,Life Sciences,1,7860,22,1,No,Travel_Frequently,6,1,1,3,3,0,9,37,32,23,0,No
1559,48,Male,Divorced,Research & Development,Research Scientist,3,Human Resources,1,13135,13,0,No,Non-Travel,29,3,3,3,4,1,4,5,4,29,0,No
1560,32,Male,Divorced,Research & Development,Healthcare Representative,2,Medical,2,8874,14,0,No,Travel_Rarely,17,2,2,2,3,4,3,33,11,13,0,No
1561,40,Male,Divorced,Research & Development,Manufacturing Director,2,Life Sciences,1,13127,11,0,No,Travel_Rarely,21,4,2,3,3,3,0,35,10,22,1,Yes
1562,41,Male,Single,Sales,Sales Executive,2,Medical,1,4326,15,0,Yes,Non-Travel,28,3,2,2,3,3,3,36,23,24,0,No
1563,30,Female,Divorced,Sales,Manager,2,Medical,1,13221,22,2,No,Travel_Frequently,22,1,3,3,3,3,3,16,7,10,0,No
1564,39,Male,Married,Sales,Manager,3,Life Sciences,1,12356,19,1,No,Travel_Rarely,24,4,3,3,3,0,9,39,31,22,0,No
1565,54,Male,Single,Research & Development,Manufacturing Director,2,Marketing,1,11399,12,1,No,Non-Travel,29,2,2,3,3,3,3,39,37,33,0,No
1566,50,Male,Married,Research & Development,Laboratory Technician,2,Marketing,1,15872,14,1,No,Travel_Rarely,17,2,1,3,4,0,0,11,11,32,0,No
1567,20,Male,Married,Research & Development,Manufacturing Director,4,Life Sciences,1,17557,20,2,No,Travel_Rarely,21,3,3,3,4,4,8,20,1,0,0,No
1568,36,Female,Single,Research & Development,Healthcare Representative,2,Life Sciences,4,8069,12,1,No,Travel_Frequently,19,3,2,3,3,1,2,39,18,19,0,No
1569,40,Female,Married,Human Resources,Human Resources,4,Life Sciences,1,16513,24,2,Yes,Travel_Rarely,18,3,2,2,3,1,3,18,13,20,1,Yes
1570,46,Male,Divorced,Sales,Sales Executive,3,Technical Degree,4,4066,18,2,No,Travel_Rarely,11,2,3,2,3,0,4,2,0,25,0,No
1571,47,Male,Single,Research & Development,Laboratory Technician,4,Life Sciences,3,5437,19,0,No,Non-Travel,24,4,1,1,3,0,6,17,9,29,0,No
1572,56,Female,Married,Research & Development,Laboratory Technician,1,Technical Degree,2,1411,13,2,No,Travel_Rarely,7,2,2,3,3,4,5,18,15,36,0,No
1573,42,Male,Married,Research & Development,Laboratory Technician,4,Medical,1,9614,23,1,No,Travel_Rarely,10,1,1,2,3,3,4,5,5,21,1,Yes
1574,54,Male,Married,Research & Development,Manufacturing Director,2,Marketing,2,16770,19,1,No,Travel_Frequently,7,2,1,3,4,4,7,15,3,35,0,No
1575,25,Male,Single,Research & Development,Manufacturing Director,4,Medical,1,1876,16,1,Yes,Travel_Rarely,5,1,3,3,3,1,0,7,2,5,1,Yes
1576,59,Female,Married,Human Resources,Manager,4,Life Sciences,4,14788,16,0,No,Travel_Frequently,12,4,2,2,3,1,6,17,10,41,0,No
1577,33,Male,Married,Sales,Sales Executive,3,Human Resources,1,16164,17,0,No,Travel_Frequently,16,3,2,3,3,5,5,38,15,18,0,No
1578,25,Male,Divorced,Human Resources,Human Resources,3,Marketing,3,9219,22,0,No,Travel_Rarely,29,3,1,2,3,3,4,11,10,9,0,No
1579,18,Male,Divorced,Research & Development,Manufacturing Director,2,Medical,2,1373,15,2,Yes,Non-Travel,25,2,3,2,4,1,6,9,3,2,1,Yes
1580,22,Male,Divorced,Sales,Sales Executive,1,Medical,2,16375,16,1,No,Travel_Rarely,21,3,3,1,3,5,2,6,0,2,1,Yes
1581,20,Male,Single,Research & Development,Manufacturing Director,1,Medical,3,7580,21,2,No,Travel_Rarely,18,4,3,1,3,0,0,0,0,0,0,No
1582,18,Male,Single,Human Resources,Manager,4,Life Sciences,4,17972,11,2,Yes,Travel_Rarely,3,3,1,1,3,1,8,35,18,0,1,Yes
1583,21,Female,Married,Research & Development,Manufacturing Director,1,Medical,4,15026,13,1,No,Non-Travel,20,2,1,1,3,2,1,20,20,4,0,No
1584,57,Male,Married,Sales,Manager,3,Life Sciences,3,7477,22,0,No,Travel_Rarely,15,4,2,3,3,3,9,36,21,41,0,No
1585,52,Male,Divorced,Research & Development,Manufacturing Director,2,Other,2,5159,19,1,Yes,Travel_Rarely,5,1,3,3,3,5,2,23,8,35,0,No
1586,49,Male,Divorced,Sales,Sales Executive,2,Medical,1,14074,22,2,No,Non-Travel,13,2,1,1,3,3,7,24,8,33,0,No
1587,59,Female,Married,Sales,Manager,3,Life Sciences,4,5146,15,2,No,Travel_Rarely,19,1,3,2,3,3,9,6,0,39,0,No
1588,51,Male,Single,Sales,Manager,2,Medical,1,13245,15,0,No,Non-Travel,12,4,1,2,3,2,8,16,16,33,0,No
1589,42,Male,Divorced,Sales,Manager,4,Life Sciences,2,17845,18,2,Yes,Travel_Rarely,23,2,2,2,3,4,2,28,11,24,1,Yes
1590,27,Female,Single,Sales,Sales Representative,2,Life Sciences,1,13162,21,2,Yes,Travel_Rarely,21,2,3,2,3,0,5,29,24,12,1,Yes
1591,38,Male,Single,Sales,Manager,1,Medical,3,14842,21,1,Yes,Travel_Rarely,5,4,1,3,3,3,6,6,4,22,0,No
1592,56,Female,Divorced,Research & Development,Manufacturing Director,2,Medical,4,2390,23,0,Yes,Non-Travel,6,3,3,2,3,1,0,32,7,40,0,No
1593,44,Male,Married,Sales,Manager,2,Other,4,9163,12,1,Yes,Travel_Rarely,7,2,1,2,4,0,6,6,1,23,0,No
1594,44,Male,Single,Sales,Sales Executive,3,Other,3,2476,23,1,No,Travel_Rarely,26,2,1,1,3,1,3,23,0,24,0,No
1595,19,Male,Married,Research & Development,Laboratory Technician,3,Life Sciences,3,14448,17,1,No,Travel_Rarely,10,1,1,2,3,0,4,10,0,0,0,No
1596,58,Male,Single,Research & Development,Laboratory Technician,1,Medical,4,18273,19,2,No,Travel_Rarely,16,3,3,3,3,0,7,8,5,43,1,Yes
1597,30,Female,Married,Research & Development,Manufacturing Director,3,Technical Degree,4,13015,17,2,No,Travel_Rarely,8,1,1,2,3,5,3,11,8,13,0,No
1598,26,Male,Single,Sales,Manager,1,Life Sciences,4,4158,22,0,Yes,Non-Travel,9,1,2,2,3,1,3,34,4,5,1,Yes
1599,53,Male,Divorced,Sales,Sales Executive,4,Marketing,2,8901,15,2,No,Travel_Rarely,27,3,3,3,4,1,7,3,2,34,0,No
1600,39,Female,Married,Sales,Manager,1,Technical Degree,2,17145,23,0,No,Travel_Frequently,4,3,2,1,4,0,4,35,15,21,0,No
1601,59,Female,Married,Sales,Sales Executive,2,Medical,2,2177,16,1,Yes,Travel_Frequently,21,4,2,3,3,3,5,27,17,41,1,Yes
1602,43,Male,Single,Sales,Manager,1,Life Sciences,1,13365,14,1,No,Travel_Rarely,21,3,3,1,3,1,4,12,0,23,0,No
1603,29,Male,Single,Sales,Sales Executive,4,Human Resources,2,4138,24,2,No,Travel_Rarely,8,2,1,2,4,2,0,22,17,14,0,No
1604,34,Male,Married,Sales,Sales Representative,2,Technical Degree,4,16041,22,2,No,Travel_Rarely,25,3,2,1,3,2,6,18,0,13,1,Yes
1605,31,Female,Married,Sales,Manager,1,Marketing,2,3535,17,0,No,Travel_Rarely,7,4,3,1,4,0,5,36,18,12,0,No
1606,31,Female,Single,Research & Development,Research Scientist,3,Life Sciences,4,12068,11,2,No,Travel_Rarely,15,4,1,1,3,4,1,38,7,13,0,No
1607,51,Male,Married,Sales,Sales Executive,3,Technical Degree,3,4525,14,2,No,Travel_Rarely,21,4,3,2,3,0,6,23,2,30,0,No
1608,37,Male,Divorced,Research & Development,Manufacturing Director,3,Life Sciences,1,11395,13,2,No,Travel_Frequently,3,3,3,1,3,0,5,15,9,18,0,No
1609,28,Male,Married,Research & Development,Research Scientist,1,Life Sciences,1,4564,23,1,No,Travel_Rarely,17,3,3,1,3,3,4,32,24,12,0,No
1610,33,Male,Single,Research & Development,Manufacturing Director,1,Medical,3,17021,14,2,No,Travel_Rarely,11,1,1,2,3,3,7,11,9,13,0,No
1611,48,Female,Married,Sales,Manager,4,Other,4,15166,11,2,No,Travel_Frequently,9,1,2,3,3,5,4,33,4,31,0,No
1612,23,Male,Married,Research & Development,Healthcare Representative,2,Technical Degree,1,6120,22,1,No,Travel_Frequently,5,2,2,3,3,4,1,6,6,5,0,No
1613,36,Male,Single,Research & Development,Healthcare Representative,2,Marketing,2,7761,23,1,No,Travel_Rarely,25,1,3,3,4,4,5,10,7,18,0,No
1614,54,Male,Married,Sales,Sales Executive,2,Medical,4,17838,12,1,No,Travel_Rarely,10,2,3,2,3,4,0,30,18,35,0,No
1615,21,Male,Married,Research & Development,Research Scientist,2,Life Sciences,1,7373,22,1,No,Travel_Rarely,15,4,1,2,3,4,4,28,17,4,0,No
1616,21,Male,Divorced,Human Resources,Human Resources,1,Technical Degree,3,4635,21,2,Yes,Non-Travel,28,1,3,3,3,4,5,12,1,5,1,Yes
1617,37,Female,Married,Sales,Sales Representative,1,Medical,4,4884,23,2,No,Travel_Rarely,29,3,3,1,3,0,6,30,20,16,0,No
1618,27,Female,Single,Sales,Manager,4,Technical Degree,1,6506,19,2,No,Travel_Rarely,14,1,3,3,3,0,1,1,0,7,0,No
1619,41,Male,Married,Research & Development,Manufacturing Director,2,Medical,3,16988,17,0,No,Travel_Rarely,4,2,2,2,3,5,0,38,32,20,0,No
1620,52,Female,Single,Research & Development,Laboratory Technician,1,Marketing,4,12538,23,1,Yes,Travel_Rarely,21,1,3,1,3,2,5,14,14,33,0,No
1621,43,Female,Single,Sales,Sales Representative,1,Technical Degree,2,17654,16,2,No,Travel_Rarely,20,4,2,1,3,2,2,10,1,25,0,No
1622,54,Male,Married,Sales,Sales Executive,1,Life Sciences,4,14391,12,2,No,Travel_Rarely,2,3,1,2,3,5,4,33,15,38,0,No
1623,55,Male,Divorced,Research & Development,Manufacturing Director,1,Life Sciences,2,5034,11,2,No,Travel_Frequently,12,2,1,1,3,5,1,38,15,37,0,No
1624,38,Male,Divorced,Research & Development,Healthcare Representative,2,Life Sciences,4,11467,12,1,No,Non-Travel,1,3,2,3,3,1,0,3,2,17,0,No
1625,57,Male,Single,Research & Development,Healthcare Representative,2,Human Resources,3,14853,17,1,No,Travel_Rarely,24,3,2,2,4,0,0,10,5,41,0,No
1626,56,Female,Married,Research & Development,Laboratory Technician,1,Marketing,2,5184,12,1,No,Travel_Rarely,20,2,2,2,4,4,3,28,8,41,0,No
1627,38,Male,Single,Research & Development,Laboratory Technician,3,Marketing,2,10183,13,2,No,Travel_Rarely,5,3,2,2,4,1,9,1,0,18,0,No
1628,27,Female,Single,Research & Development,Manufacturing Director,4,Life Sciences,4,4452,18,1,Yes,Travel_Frequently,6,3,3,2,4,3,1,15,13,8,0,No
1629,55,Female,Divorced,Sales,Manager,2,Marketing,1,11734,17,2,No,Travel_Rarely,24,1,2,1,3,0,0,38,24,35,0,No
1630,21,Male,Divorced,Sales,Manager,2,Medical,2,1702,22,0,Yes,Non-Travel,11,3,2,2,3,5,5,12,5,2,0,No
1631,37,Female,Single,Research & Development,Research Scientist,3,Life Sciences,4,9356,21,1,No,Travel_Rarely,8,3,2,2,3,2,3,36,21,17,1,Yes
1632,34,Male,Single,Research & Development,Laboratory Technician,2,Other,3,12789,21,1,Yes,Travel_Rarely,7,3,3,1,3,0,9,16,15,19,0,No
1633,24,Male,Single,Research & Development,Healthcare Representative,3,Life Sciences,4,19205,24,2,Yes,Travel_Rarely,4,3,3,2,4,5,6,20,19,3,0,No
1634,21,Female,Married,Research & Development,Healthcare Representative,3,Life Sciences,4,14850,21,1,Yes,Non-Travel,6,2,3,1,4,0,5,18,15,4,0,No
1635,46,Male,Divorced,Sales,Sales Executive,1,Life Sciences,2,15263,19,1,Yes,Non-Travel,16,4,1,1,3,0,4,6,3,30,1,Yes
1636,31,Male,Single,Research & Development,Manufacturing Director,2,Life Sciences,1,15030,22,2,No,Travel_Rarely,20,1,3,2,3,0,9,37,16,12,0,No
1637,20,Female,Married,Research & Development,Manufacturing Director,4,Medical,3,14377,14,2,No,Travel_Rarely,15,3,2,3,3,3,1,7,4,0,0,No
1638,41,Female,Single,Sales,Sales Representative,3,Life Sciences,2,6733,17,2,No,Travel_Rarely,14,3,3,2,3,2,4,12,10,23,0,No
1639,54,Male,Single,Sales,Sales Executive,4,Technical Degree,2,2416,11,0,Yes,Travel_Rarely,23,2,3,3,3,0,8,36,24,36,1,Yes
1640,33,Male,Divorced,Research & Development,Healthcare Representative,1,Life Sciences,2,9041,21,2,Yes,Travel_Rarely,12,4,2,1,3,5,8,1,0,13,1,Yes
1641,21,Male,Divorced,Sales,Sales Executive,2,Medical,3,15581,21,1,Yes,Non-Travel,29,3,3,3,4,3,1,10,7,3,1,Yes
1642,41,Female,Single,Sales,Sales Executive,1,Medical,1,18803,12,0,Yes,Travel_Rarely,12,2,1,2,3,1,6,23,23,24,1,Yes
1643,51,Male,Single,Sales,Manager,1,Marketing,3,8403,17,2,No,Travel_Rarely,16,1,3,2,4,0,9,5,4,32,0,No
1644,47,Female,Single,Sales,Sales Representative,4,Life Sciences,3,17944,12,0,Yes,Travel_Rarely,15,1,1,3,3,3,3,25,11,27,0,No
1645,35,Female,Married,Sales,Sales Executive,4,Other,1,12595,16,0,No,Travel_Rarely,29,3,1,2,3,4,2,6,0,16,0,No
1646,36,Female,Single,Research & Development,Manufacturing Director,3,Medical,3,13935,23,1,Yes,Travel_Rarely,13,3,1,3,3,1,0,38,2,17,0,No
1647,48,Female,Married,Research & Development,Healthcare Representative,2,Life Sciences,4,2006,20,0,Yes,Travel_Rarely,11,4,2,1,4,2,2,18,2,33,1,Yes
1648,36,Female,Married,Research & Development,Manufacturing Director,1,Medical,3,15399,22,2,No,Travel_Rarely,17,4,3,3,3,0,8,5,0,15,0,No
1649,36,Male,Single,Research & Development,Research Scientist,3,Medical,2,7108,19,0,No,Travel_Rarely,21,3,1,3,4,0,8,28,24,18,0,No
1650,39,Male,Married,Research & Development,Laboratory Technician,3,Technical Degree,3,14518,21,0,Yes,Travel_Rarely,15,2,1,3,3,3,6,38,21,23,0,No
1651,41,Female,Single,Sales,Sales Representative,1,Life Sciences,2,6499,15,1,Yes,Travel_Rarely,14,4,3,3,3,2,2,1,1,22,0,No
1652,29,Female,Divorced,Research & Development,Research Scientist,1,Life Sciences,3,6625,20,1,No,Travel_Rarely,10,3,2,1,3,4,2,18,11,12,0,No
1653,47,Female,Married,Research & Development,Healthcare Representative,3,Life Sciences,2,16967,17,2,Yes,Non-Travel,12,4,2,1,3,1,3,3,0,32,0,No
1654,55,Male,Divorced,Research & Development,Manufacturing Director,1,Life Sciences,2,3257,23,1,Yes,Travel_Rarely,16,3,1,1,3,5,6,5,0,38,1,Yes
1655,48,Female,Single,Research & Development,Manufacturing Director,1,Marketing,2,18241,11,2,No,Travel_Rarely,15,1,2,3,3,2,6,36,17,32,0,No
1656,53,Male,Married,Sales,Sales Executive,4,Medical,1,11757,18,2,No,Travel_Rarely,10,3,3,1,3,0,1,27,17,35,0,No
1657,36,Female,Single,Sales,Manager,2,Life Sciences,3,11523,19,1,No,Travel_Rarely,4,1,2,2,3,3,4,29,28,18,0,No
1658,53,Male,Divorced,Research & Development,Manufacturing Director,3,Life Sciences,3,9704,23,0,No,Travel_Frequently,27,4,3,1,4,4,6,6,6,33,1,Yes
1659,47,Female,Married,Research & Development,Research Scientist,1,Life Sciences,4,9079,15,1,No,Travel_Frequently,23,3,1,3,3,3,6,8,3,27,1,Yes
1660,50,Male,Married,Research & Development,Manufacturing Director,3,Marketing,4,9903,16,0,No,Travel_Rarely,29,4,3,2,4,1,5,24,12,30,0,No
1661,35,Female,Single,Research & Development,Healthcare Representative,2,Technical Degree,4,17707,23,0,No,Travel_Frequently,9,1,1,3,3,2,9,32,16,17,0,No
1662,45,Male,Divorced,Human Resources,Manager,3,Life Sciences,3,16132,21,2,No,Travel_Frequently,21,3,3,2,3,3,9,0,0,26,0,No
1663,28,Female,Divorced,Research & Development,Research Scientist,3,Life Sciences,1,3385,18,2,Yes,Travel_Rarely,20,4,3,3,3,5,7,5,1,7,0,No
1664,50,Female,Divorced,Sales,Sales Executive,3,Medical,2,5387,14,1,No,Non-Travel,9,1,2,3,3,5,2,17,13,34,0,No
1665,34,Female,Divorced,Sales,Sales Executive,4,Human Resources,3,12191,12,0,No,Travel_Rarely,21,4,3,2,3,3,0,9,2,19,0,No
1666,23,Female,Divorced,Sales,Manager,2,Medical,1,1583,20,1,No,Travel_Rarely,25,2,1,1,3,0,2,27,4,7,0,No
1667,21,Male,Married,Sales,Sales Executive,2,Life Sciences,1,14339,18,2,No,Non-Travel,24,1,3,2,3,3,1,10,2,5,0,No
1668,37,Male,Single,Sales,Manager,3,Life Sciences,3,9958,12,0,No,Travel_Rarely,20,1,1,2,3,4,1,32,22,17,0,No
1669,44,Female,Single,Sales,Sales Executive,3,Medical,2,6679,15,1,Yes,Non-Travel,11,1,1,2,3,2,1,0,0,23,1,Yes
1670,32,Male,Married,Sales,Sales Representative,2,Medical,1,7576,23,1,No,Travel_Rarely,11,3,3,2,3,1,4,12,6,15,0,No
1671,23,Female,Married,Sales,Manager,1,Life Sciences,3,13725,16,2,Yes,Non-Travel,7,3,2,2,3,5,0,36,29,5,0,No
1672,31,Female,Married,Research & Development,Manufacturing Director,4,Life Sciences,2,7126,15,2,No,Travel_Rarely,21,3,3,3,4,3,9,19,17,14,0,No
1673,28,Male,Single,Sales,Manager,2,Medical,4,8846,16,2,Yes,Travel_Rarely,10,2,3,3,3,4,3,0,0,8,0,No
1674,56,Male,Married,Research & Development,Laboratory Technician,3,Life Sciences,1,17596,16,2,No,Travel_Rarely,4,2,2,1,3,5,9,2,0,37,0,No
1675,26,Male,Single,Research & Development,Research Scientist,1,Medical,1,15540,13,1,Yes,Travel_Rarely,5,1,1,1,3,5,4,17,9,11,0,No
1676,43,Male,Married,Human Resources,Manager,1,Life Sciences,3,19385,21,2,No,Travel_Rarely,5,2,3,2,3,1,1,13,8,28,0,No
1677,33,Female,Married,Sales,Sales Executive,1,Marketing,3,19636,21,2,No,Travel_Rarely,11,4,2,1,3,5,4,30,12,13,0,No
1678,22,Female,Single,Research & Development,Research Scientist,4,Life Sciences,2,9507,13,1,Yes,Travel_Rarely,9,1,2,1,3,4,9,26,15,1,1,Yes
1679,27,Male,Divorced,Human Resources,Human Resources,4,Human Resources,4,19080,19,1,No,Travel_Rarely,28,1,1,2,4,5,3,16,8,12,0,No
1680,20,Male,Married,Research & Development,Research Scientist,2,Life Sciences,4,5118,13,0,No,Non-Travel,16,4,2,3,3,5,7,28,1,0,0,No
1681,30,Female,Divorced,Research & Development,Research Scientist,2,Life Sciences,3,19253,13,1,Yes,Non-Travel,9,1,1,3,3,3,0,35,21,14,1,Yes
1682,47,Male,Single,Sales,Sales Representative,2,Technical Degree,3,18115,21,0,No,Travel_Rarely,22,2,3,1,3,3,4,36,16,28,1,Yes
1683,23,Male,Single,Sales,Manager,2,Technical Degree,2,14530,24,2,Yes,Travel_Rarely,4,3,2,3,3,2,9,25,22,4,1,Yes
1684,34,Male,Single,Research & Development,Laboratory Technician,3,Life Sciences,3,9729,12,0,No,Non-Travel,2,4,3,3,3,0,0,16,3,16,0,No
1685,36,Female,Single,Human Resources,Human Resources,4,Human Resources,2,5902,17,0,No,Non-Travel,14,2,2,1,3,4,9,21,16,18,0,No
1686,59,Male,Single,Research & Development,Manufacturing Director,1,Life Sciences,2,17736,20,2,No,Travel_Rarely,3,4,2,2,3,0,9,24,8,43,0,No
1687,52,Male,Single,Research & Development,Healthcare Representative,3,Medical,4,9409,20,2,No,Travel_Rarely,18,4,3,1,3,0,3,1,1,33,0,No
1688,43,Female,Divorced,Sales,Manager,2,Life Sciences,2,15615,14,2,Yes,Travel_Rarely,21,1,2,1,3,5,7,21,1,27,0,No
1689,22,Male,Divorced,Research & Development,Laboratory Technician,2,Life Sciences,4,11148,11,0,Yes,Travel_Rarely,6,1,3,1,3,1,0,4,1,3,0,No
1690,46,Female,Divorced,Sales,Sales Executive,3,Medical,4,18312,16,1,No,Non-Travel,11,2,3,2,3,1,1,3,0,25,0,No
1691,54,Male,Divorced,Sales,Sales Executive,1,Medical,4,3053,15,1,No,Travel_Rarely,21,4,1,2,3,5,0,35,21,34,0,No
1692,37,Male,Married,Research & Development,Manufacturing Director,4,Medical,3,17811,24,1,No,Travel_Rarely,18,1,3,2,3,4,6,5,2,19,1,Yes
1693,38,Male,Married,Research & Development,Research Scientist,4,Medical,4,19142,21,2,No,Travel_Rarely,12,1,1,2,3,0,1,20,12,17,0,No
1694,27,Male,Single,Sales,Sales Executive,1,Other,2,18492,12,2,No,Travel_Rarely,5,4,3,1,3,2,0,12,7,12,0,No
1695,22,Male,Single,Sales,Sales Representative,4,Life Sciences,3,4401,16,1,No,Travel_Rarely,9,2,2,3,3,0,5,36,0,2,1,Yes
1696,53,Male,Married,Research & Development,Research Scientist,2,Life Sciences,2,11681,11,2,No,Travel_Rarely,20,2,3,1,3,1,5,24,16,35,0,No
1697,23,Male,Divorced,Sales,Sales Executive,2,Marketing,3,15453,13,0,No,Travel_Rarely,28,4,2,2,3,0,9,25,11,8,0,No
1698,43,Male,Divorced,Research & Development,Laboratory Technician,2,Life Sciences,2,7793,14,0,No,Travel_Rarely,26,2,1,3,3,3,1,38,3,27,0,No
1699,21,Female,Divorced,Sales,Sales Executive,2,Medical,1,18938,23,2,Yes,Travel_Rarely,18,1,2,1,3,3,0,19,12,6,1,Yes
1700,56,Female,Single,Research & Development,Manufacturing Director,1,Medical,1,2079,13,1,No,Travel_Rarely,19,4,3,3,3,2,9,32,30,35,0,No
1701,56,Female,Married,Research & Development,Laboratory Technician,4,Life Sciences,1,2859,23,1,No,Travel_Rarely,3,1,2,2,3,4,2,13,12,39,0,No
1702,52,Male,Married,Sales,Sales Executive,4,Human Resources,2,13399,16,0,No,Travel_Rarely,9,3,1,3,3,0,9,35,6,37,0,No
1703,18,Female,Divorced,Sales,Sales Executive,3,Life Sciences,3,3948,21,2,Yes,Travel_Rarely,4,3,2,3,3,3,4,16,4,1,0,No
1704,41,Male,Divorced,Sales,Sales Representative,1,Life Sciences,4,11104,14,1,No,Travel_Frequently,17,2,2,2,3,4,5,20,4,23,0,No
1705,53,Male,Married,Sales,Manager,4,Life Sciences,4,17310,24,1,No,Non-Travel,17,3,3,3,3,3,2,15,0,32,0,No
1706,23,Male,Single,Human Resources,Manager,4,Life Sciences,2,8203,11,2,No,Non-Travel,23,1,3,1,3,4,8,15,13,8,0,No
1707,58,Female,Single,Sales,Manager,3,Life Sciences,2,6860,15,2,Yes,Travel_Rarely,23,3,2,3,3,4,4,19,8,38,0,No
1708,48,Female,Married,Research & Development,Laboratory Technician,2,Marketing,2,17387,15,1,Yes,Travel_Rarely,2,1,1,1,3,3,1,28,5,33,0,No
1709,37,Female,Divorced,Sales,Sales Executive,4,Marketing,2,1687,19,2,No,Travel_Rarely,9,2,2,3,3,5,9,27,24,17,1,Yes
1710,41,Male,Single,Research & Development,Laboratory Technician,2,Technical Degree,4,1997,18,2,No,Travel_Rarely,9,2,1,3,4,1,5,7,2,20,0,No
1711,42,Female,Single,Research & Development,Laboratory Technician,3,Life Sciences,3,2511,18,2,No,Travel_Rarely,5,1,1,2,3,4,7,23,15,25,0,No
1712,53,Male,Married,Research & Development,Manufacturing Director,4,Life Sciences,4,19182,15,1,No,Travel_Rarely,15,3,1,2,3,5,5,2,0,32,0,No
1713,38,Male,Divorced,Research & Development,Laboratory Technician,2,Other,2,17207,18,0,Yes,Non-Travel,15,2,2,1,3,0,3,24,1,21,1,Yes
1714,47,Male,Married,Research & Development,Healthcare Representative,1,Life Sciences,1,18818,24,2,No,Travel_Rarely,3,4,1,2,3,5,5,18,9,30,0,No
1715,41,Male,Married,Sales,Manager,2,Other,4,16876,20,1,Yes,Non-Travel,19,2,2,2,3,3,7,32,15,25,1,Yes
1716,59,Male,Married,Human Resources,Manager,2,Technical Degree,1,15275,17,0,No,Non-Travel,28,3,1,2,4,5,7,1,0,43,1,Yes
1717,47,Female,Single,Research & Development,Healthcare Representative,2,Human Resources,1,7663,11,1,No,Travel_Rarely,3,4,1,2,4,1,9,14,14,27,1,Yes
1718,39,Male,Single,Human Resources,Manager,2,Life Sciences,2,3449,22,1,No,Travel_Rarely,6,3,2,2,3,3,1,21,12,21,0,No
1719,45,Male,Divorced,Sales,Sales Executive,1,Life Sciences,4,11243,17,1,No,Non-Travel,4,1,3,1,3,2,7,9,7,26,0,No
1720,24,Male,Divorced,Research & Development,Laboratory Technician,3,Medical,3,8376,21,0,No,Travel_Rarely,24,4,3,1,3,0,5,17,10,3,1,Yes
1721,52,Female,Married,Human Resources,Human Resources,2,Marketing,4,14499,18,1,No,Travel_Rarely,13,3,2,2,3,2,1,21,17,35,0,No
1722,45,Male,Married,Sales,Manager,2,Life Sciences,3,3603,13,0,Yes,Travel_Rarely,27,4,2,2,3,5,0,26,23,24,0,No
1723,31,Male,Divorced,Sales,Manager,4,Technical Degree,3,19829,19,2,No,Travel_Rarely,13,3,3,1,3,4,5,12,3,13,0,No
1724,27,Male,Married,Research & Development,Manufacturing Director,4,Life Sciences,2,6526,18,0,No,Travel_Rarely,27,4,3,3,3,5,6,32,25,9,0,No
1725,33,Female,Single,Research & Development,Healthcare Representative,1,Medical,3,10228,12,1,Yes,Travel_Rarely,11,3,3,1,3,4,9,4,1,14,0,No
1726,33,Male,Married,Research & Development,Healthcare Representative,1,Technical Degree,4,7319,16,0,No,Travel_Rarely,5,1,2,3,3,2,4,25,0,18,0,No
1727,48,Male,Married,Sales,Manager,1,Life Sciences,4,4548,14,1,No,Travel_Rarely,1,4,1,2,4,2,9,12,12,29,0,No
1728,59,Male,Married,Research & Development,Laboratory Technician,4,Life Sciences,1,15753,13,2,No,Non-Travel,9,4,2,2,3,4,7,26,4,42,0,No
1729,42,Male,Divorced,Sales,Sales Representative,2,Life Sciences,3,19634,21,0,No,Travel_Rarely,17,4,3,1,4,1,8,13,12,26,0,No
1730,30,Male,Divorced,Sales,Sales Representative,4,Life Sciences,2,7387,16,2,No,Travel_Rarely,22,4,1,2,3,0,3,23,0,15,0,No
1731,23,Female,Single,Sales,Sales Executive,3,Life Sciences,2,10374,20,0,Yes,Travel_Rarely,1,1,2,3,3,3,6,2,2,4,0,No
1732,26,Female,Married,Research & Development,Laboratory Technician,1,Life Sciences,4,12431,23,1,Yes,Travel_Rarely,3,4,3,3,3,2,7,29,7,10,0,No
1733,53,Female,Married,Research & Development,Research Scientist,1,Life Sciences,3,5920,19,0,No,Travel_Rarely,15,2,2,1,3,0,5,34,2,38,0,No
1734,37,Female,Married,Research & Development,Healthcare Representative,1,Technical Degree,2,1412,12,2,No,Non-Travel,26,1,1,3,3,3,1,13,2,21,0,No
1735,35,Male,Married,Research & Development,Research Scientist,3,Human Resources,3,14189,20,0,Yes,Travel_Rarely,21,2,3,1,4,5,6,11,6,18,0,No
1736,38,Female,Married,Research & Development,Laboratory Technician,2,Life Sciences,3,5172,20,2,No,Travel_Rarely,26,4,2,1,4,3,8,27,3,18,0,No
1737,21,Female,Divorced,Research & Development,Research Scientist,2,Life Sciences,1,17480,20,2,No,Non-Travel,23,3,1,3,3,2,4,28,2,5,0,No
1738,50,Female,Married,Research & Development,Manufacturing Director,2,Life Sciences,2,15345,15,1,No,Travel_Rarely,10,2,1,3,3,1,1,16,14,33,0,No
1739,44,Male,Divorced,Research & Development,Laboratory Technician,1,Marketing,1,6479,16,0,Yes,Travel_Rarely,8,4,2,3,3,1,3,39,39,25,0,No
1740,24,Male,Single,Research & Development,Laboratory Technician,2,Medical,2,15962,14,2,No,Travel_Rarely,12,2,1,3,3,0,2,20,2,3,0,No
1741,23,Female,Married,Research & Development,Research Scientist,4,Other,3,7285,17,1,No,Travel_Rarely,25,4,3,3,3,5,3,22,6,4,0,No
1742,32,Female,Married,Sales,Sales Representative,1,Life Sciences,2,6748,12,1,No,Travel_Rarely,22,4,1,3,3,0,9,19,17,14,0,No
1743,35,Male,Divorced,Research & Development,Laboratory Technician,3,Marketing,4,7532,17,1,No,Non-Travel,15,4,2,3,3,4,6,10,10,16,0,No
1744,49,Female,Married,Research & Development,Research Scientist,3,Medical,3,16002,12,2,No,Travel_Rarely,27,3,3,2,3,1,9,33,0,29,0,No
1745,28,Female,Single,Sales,Sales Representative,2,Human Resources,2,13882,11,0,No,Non-Travel,9,2,1,1,3,0,7,9,9,11,0,No
1746,37,Male,Married,Research & Development,Laboratory Technician,1,Medical,1,14428,21,2,Yes,Travel_Rarely,24,1,1,1,3,4,0,9,8,21,1,Yes
1747,41,Male,Married,Research & Development,Healthcare Representative,4,Medical,1,15466,15,1,No,Travel_Rarely,25,1,3,3,3,5,7,5,2,23,0,No
1748,32,Male,Divorced,Research & Development,Laboratory Technician,4,Medical,3,3073,12,2,No,Travel_Rarely,10,1,3,1,4,3,4,35,2,15,1,Yes
1749,24,Male,Married,Human Resources,Human Resources,1,Technical Degree,1,6324,18,2,No,Travel_Rarely,20,1,1,3,3,0,6,23,3,7,0,No
1750,38,Female,Divorced,Research & Development,Laboratory Technician,2,Life Sciences,3,11575,22,1,Yes,Travel_Rarely,9,4,3,2,4,4,0,11,10,22,0,No
1751,59,Male,Divorced,Sales,Sales Representative,3,Life Sciences,3,1326,22,0,Yes,Travel_Rarely,15,2,2,1,4,1,1,22,14,44,1,Yes
1752,43,Female,Single,Human Resources,Manager,3,Medical,3,18895,22,1,No,Travel_Rarely,23,2,1,1,4,3,0,26,0,24,0,No
1753,31,Female,Married,Research & Development,Manufacturing Director,4,Life Sciences,2,7139,18,1,No,Travel_Rarely,21,3,2,2,3,0,4,36,25,10,0,No
1754,54,Male,Married,Sales,Sales Representative,4,Medical,3,8428,11,2,No,Travel_Rarely,21,2,1,2,3,1,5,5,3,39,0,No
1755,38,Male,Divorced,Sales,Sales Executive,4,Other,1,3051,14,1,No,Travel_Rarely,1,2,2,2,4,3,9,0,0,20,0,No
1756,35,Female,Single,Research & Development,Healthcare Representative,3,Medical,4,5607,24,2,No,Travel_Frequently,2,2,2,1,3,2,8,5,0,19,0,No
1757,22,Male,Single,Research & Development,Healthcare Representative,4,Marketing,2,11223,19,1,No,Travel_Frequently,26,3,3,1,3,1,7,21,19,2,1,Yes
1758,20,Female,Single,Research & Development,Manufacturing Director,3,Medical,1,1127,15,1,No,Travel_Rarely,19,1,1,2,4,2,6,23,12,0,0,No
1759,40,Male,Married,Research & Development,Research Scientist,3,Technical Degree,3,1718,22,0,No,Travel_Rarely,14,2,3,2,3,5,4,24,0,19,0,No
1760,43,Male,Single,Research & Development,Healthcare Representative,2,Other,3,16866,21,1,No,Travel_Rarely,8,3,3,2,4,0,2,14,4,22,0,No
1761,54,Male,Married,Sales,Sales Representative,2,Medical,4,13610,20,0,Yes,Travel_Frequently,6,3,1,2,3,4,8,25,4,35,0,No
1762,41,Male,Divorced,Sales,Sales Representative,2,Medical,1,4259,23,1,No,Travel_Rarely,12,4,2,2,4,0,4,7,5,21,0,No
1763,36,Male,Married,Sales,Sales Representative,4,Life Sciences,2,9070,16,1,No,Travel_Rarely,26,3,1,3,3,1,2,23,22,18,0,No
1764,42,Female,Married,Research & Development,Manufacturing Director,3,Life Sciences,1,9618,13,1,Yes,Non-Travel,27,1,1,2,3,2,2,37,13,26,1,Yes
1765,38,Male,Divorced,Sales,Sales Representative,4,Life Sciences,3,3612,15,0,Yes,Travel_Rarely,29,2,1,3,3,2,2,5,3,17,0,No
1766,29,Female,Married,Research & Development,Research Scientist,3,Life Sciences,2,13055,24,2,No,Travel_Rarely,15,3,3,1,4,3,5,34,18,8,0,No
1767,58,Female,Single,Research & Development,Manufacturing Director,2,Marketing,3,18494,22,0,Yes,Travel_Rarely,14,1,1,1,3,0,0,0,0,37,0,No
1768,50,Female,Married,Research & Development,Healthcare Representative,2,Medical,3,8866,23,1,Yes,Travel_Frequently,21,3,1,3,4,0,3,35,3,34,0,No
1769,21,Male,Married,Sales,Sales Executive,4,Life Sciences,1,12629,23,2,No,Non-Travel,29,3,1,2,3,1,7,11,2,3,0,No
1770,59,Female,Single,Research & Development,Research Scientist,3,Other,4,9186,23,1,No,Travel_Rarely,1,3,2,1,3,2,2,37,30,39,0,No
1771,24,Male,Married,Sales,Sales Executive,4,Medical,3,19654,11,0,No,Non-Travel,28,3,2,2,3,1,4,10,8,9,0,No
1772,39,Male,Divorced,Research & Development,Research Scientist,1,Medical,1,12835,18,0,Yes,Non-Travel,11,3,2,2,4,1,1,11,4,21,0,No
1773,50,Female,Married,Sales,Sales Executive,4,Marketing,2,14899,21,2,Yes,Travel_Rarely,28,1,2,3,3,5,1,38,12,34,1,Yes
1774,34,Male,Married,Research & Development,Laboratory Technician,2,Medical,4,17901,16,0,No,Non-Travel,25,2,3,1,3,2,6,6,5,16,0,No
1775,41,Female,Married,Research & Development,Healthcare Representative,3,Life Sciences,3,19772,22,1,No,Travel_Frequently,3,2,3,1,3,1,9,10,6,22,0,No
1776,51,Female,Divorced,Sales,Sales Executive,3,Technical Degree,3,14839,12,2,No,Travel_Rarely,19,2,1,3,3,2,2,35,9,36,0,No
1777,45,Male,Divorced,Sales,Sales Executive,4,Life Sciences,2,10493,14,1,No,Travel_Rarely,18,2,3,2,3,1,4,30,15,29,0,No
1778,58,Male,Married,Research & Development,Laboratory Technician,2,Medical,1,6504,14,2,No,Non-Travel,20,1,2,2,3,4,2,32,30,43,0,No
1779,56,Female,Married,Research & Development,Healthcare Representative,1,Life Sciences,3,12276,19,2,Yes,Travel_Rarely,28,4,1,1,3,1,5,12,4,41,0,No
1780,39,Male,Married,Research & Development,Manufacturing Director,4,Medical,2,8407,19,1,No,Non-Travel,2,4,1,3,3,1,9,17,5,18,0,No
1781,34,Female,Single,Research & Development,Healthcare Representative,3,Life Sciences,3,7752,15,0,Yes,Travel_Rarely,29,1,2,3,3,4,2,23,1,14,0,No
1782,51,Male,Single,Research & Development,Healthcare Representative,2,Marketing,1,6180,22,1,No,Travel_Rarely,25,1,2,2,3,0,7,8,2,36,1,Yes
1783,23,Male,Single,Sales,Sales Representative,3,Life Sciences,4,17014,13,0,No,Non-Travel,28,3,2,2,3,2,1,30,17,4,0,No
1784,23,Male,Married,Sales,Manager,3,Human Resources,1,17717,11,0,No,Travel_Rarely,26,3,3,3,3,3,2,9,2,4,0,No
1785,51,Male,Single,Sales,Sales Executive,3,Technical Degree,1,14013,16,1,Yes,Travel_Rarely,7,3,1,1,3,4,7,1,0,35,0,No
1786,18,Male,Single,Human Resources,Manager,3,Life Sciences,1,11971,18,2,Yes,Travel_Rarely,8,2,2,2,3,0,7,37,31,1,1,Yes
1787,27,Male,Single,Research & Development,Laboratory Technician,1,Life Sciences,2,11784,11,1,No,Travel_Rarely,19,3,1,3,3,1,0,14,5,6,0,No
1788,38,Male,Married,Research & Development,Healthcare Representative,2,Marketing,3,4566,21,2,Yes,Travel_Rarely,22,4,1,3,4,5,7,2,0,18,0,No
1789,22,Female,Married,Research & Development,Healthcare Representative,4,Life Sciences,4,4596,11,0,No,Travel_Rarely,15,2,3,3,3,0,9,30,1,2,0,No
1790,19,Female,Single,Human Resources,Human Resources,2,Life Sciences,2,17544,21,2,Yes,Travel_Rarely,10,3,1,1,3,4,1,5,5,0,0,No
1791,39,Male,Divorced,Sales,Manager,2,Life Sciences,1,1963,17,1,No,Travel_Rarely,22,2,2,2,3,5,6,2,2,23,0,No
1792,19,Female,Married,Research & Development,Laboratory Technician,2,Medical,4,14803,17,2,No,Travel_Rarely,29,4,2,2,3,1,5,10,10,0,0,No
1793,27,Female,Single,Research & Development,Laboratory Technician,4,Life Sciences,1,1696,12,0,No,Non-Travel,1,3,1,2,3,0,1,14,0,12,0,No
1794,51,Male,Single,Research & Development,Laboratory Technician,2,Life Sciences,1,9510,13,0,No,Travel_Rarely,6,4,1,1,3,3,4,27,22,36,0,No
1795,33,Male,Married,Sales,Sales Representative,4,Medical,1,16147,12,2,Yes,Travel_Rarely,13,4,3,2,3,2,6,9,2,17,1,Yes
1796,56,Male,Single,Research & Development,Laboratory Technician,4,Life Sciences,4,10703,16,0,Yes,Non-Travel,14,4,2,2,3,2,7,37,7,36,0,No
1797,39,Male,Single,Human Resources,Human Resources,1,Life Sciences,3,4136,23,0,No,Travel_Rarely,3,3,2,2,3,4,2,6,5,24,0,No
1798,29,Male,Married,Research & Development,Research Scientist,3,Human Resources,1,13769,23,2,No,Travel_Rarely,11,1,1,2,3,1,0,14,3,11,0,No
1799,41,Male,Married,Research & Development,Laboratory Technician,4,Medical,3,12568,18,0,No,Travel_Rarely,3,3,1,1,3,1,6,17,10,23,0,No
1800,57,Male,Married,Human Resources,Manager,3,Life Sciences,4,15805,18,2,Yes,Travel_Rarely,19,4,1,3,3,2,4,17,7,36,1,Yes
1801,55,Female,Married,Research & Development,Research Scientist,2,Life Sciences,4,4404,11,2,Yes,Travel_Rarely,10,3,2,3,3,0,4,23,8,35,0,No
1802,27,Male,Divorced,Sales,Manager,3,Medical,1,1854,21,0,Yes,Non-Travel,27,4,1,2,3,1,6,1,1,11,1,Yes
1803,52,Female,Single,Research & Development,Research Scientist,3,Life Sciences,3,2173,19,2,No,Travel_Rarely,15,1,3,2,3,3,0,39,1,35,1,Yes
1804,49,Female,Single,Research & Development,Laboratory Technician,3,Other,3,13963,21,0,Yes,Non-Travel,11,2,3,2,3,3,7,19,15,32,1,Yes
1805,24,Male,Divorced,Research & Development,Manufacturing Director,2,Marketing,1,6913,18,0,No,Travel_Rarely,15,1,1,1,3,1,9,33,30,7,0,No
1806,38,Female,Married,Research & Development,Laboratory Technician,2,Other,2,14740,19,0,Yes,Travel_Rarely,26,1,3,2,3,1,4,25,5,20,1,Yes
1807,37,Male,Married,Human Resources,Manager,4,Technical Degree,2,1363,23,1,No,Travel_Rarely,27,2,3,1,3,2,7,6,4,21,0,No
1808,43,Female,Single,Human Resources,Human Resources,4,Medical,4,19265,24,0,No,Travel_Rarely,24,3,3,2,3,4,9,37,20,26,0,No
1809,21,Male,Single,Research & Development,Laboratory Technician,1,Medical,4,19417,23,2,No,Travel_Rarely,13,2,3,2,3,2,9,29,25,1,0,No
1810,39,Male,Single,Sales,Sales Executive,2,Technical Degree,2,3826,19,2,No,Non-Travel,5,3,3,3,4,4,4,4,2,19,0,No
1811,32,Female,Married,Human Resources,Manager,1,Medical,2,4841,21,2,No,Non-Travel,4,3,2,2,3,3,6,10,2,15,0,No
1812,57,Female,Single,Research & Development,Research Scientist,2,Life Sciences,2,13476,22,1,No,Travel_Rarely,13,4,1,1,4,4,9,0,0,38,1,Yes
1813,38,Male,Married,Sales,Manager,3,Medical,1,9266,16,1,No,Travel_Rarely,9,4,3,3,3,2,2,33,27,21,0,No
1814,32,Female,Married,Human Resources,Human Resources,1,Life Sciences,1,14116,13,2,No,Travel_Frequently,25,2,1,1,3,1,1,0,0,13,0,No
1815,39,Female,Single,Research & Development,Manufacturing Director,1,Marketing,1,13467,11,2,No,Travel_Rarely,17,1,3,3,3,4,5,18,7,18,0,No
1816,45,Male,Single,Research & Development,Laboratory Technician,1,Marketing,1,11722,21,1,Yes,Travel_Rarely,2,2,2,1,3,2,4,1,1,24,0,No
1817,31,Male,Married,Research & Development,Research Scientist,2,Other,1,3590,18,2,No,Travel_Rarely,24,3,2,3,3,3,8,20,15,11,0,No
1818,44,Male,Single,Research & Development,Manufacturing Director,4,Medical,1,10591,20,0,Yes,Travel_Rarely,5,4,3,1,3,5,9,19,11,28,0,No
1819,58,Male,Single,Sales,Manager,1,Technical Degree,4,19879,13,0,Yes,Travel_Rarely,16,2,3,1,3,4,3,22,4,40,0,No
1820,57,Female,Single,Sales,Manager,4,Life Sciences,3,9427,23,2,No,Travel_Rarely,7,2,3,2,3,3,2,20,18,41,0,No
1821,45,Female,Married,Research & Development,Healthcare Representative,2,Life Sciences,4,19836,17,0,No,Travel_Rarely,1,4,2,3,3,3,8,23,17,25,0,No
1822,43,Female,Married,Sales,Manager,1,Human Resources,3,15428,23,2,No,Travel_Rarely,28,4,2,3,4,0,7,3,0,23,0,No
1823,19,Female,Single,Sales,Sales Representative,2,Marketing,4,12823,20,1,No,Travel_Rarely,26,4,1,2,4,5,5,11,1,3,0,No
1824,42,Male,Married,Research & Development,Laboratory Technician,4,Medical,4,2045,16,2,No,Travel_Frequently,12,3,2,1,3,4,0,21,19,24,1,Yes
1825,20,Male,Divorced,Research & Development,Laboratory Technician,4,Life Sciences,1,11033,13,1,No,Travel_Rarely,21,4,3,1,4,2,9,19,11,0,0,No
1826,25,Female,Married,Human Resources,Human Resources,1,Marketing,1,11941,16,0,Yes,Travel_Rarely,11,1,1,3,4,4,0,17,1,10,0,No
1827,50,Female,Single,Sales,Sales Representative,4,Technical Degree,3,8444,22,0,Yes,Travel_Rarely,12,2,2,1,3,4,5,0,0,35,0,No
1828,59,Male,Married,Sales,Manager,3,Life Sciences,3,2557,13,0,No,Travel_Rarely,19,4,2,3,3,5,2,29,9,41,0,No
1829,52,Male,Married,Research & Development,Manufacturing Director,3,Marketing,1,6074,23,2,Yes,Travel_Rarely,26,4,3,3,3,3,2,32,0,32,0,No
1830,23,Female,Divorced,Research & Development,Manufacturing Director,1,Life Sciences,4,4416,23,1,Yes,Travel_Rarely,12,3,1,1,3,3,5,23,3,8,0,No
1831,56,Male,Divorced,Sales,Sales Executive,2,Life Sciences,3,1648,24,1,No,Travel_Rarely,12,3,2,1,3,3,2,13,8,35,0,No
1832,40,Male,Married,Research & Development,Laboratory Technician,2,Marketing,2,1181,19,0,No,Travel_Rarely,14,2,2,1,3,3,9,35,11,21,1,Yes
1833,42,Female,Married,Sales,Sales Representative,2,Life Sciences,2,6675,23,0,No,Travel_Rarely,2,1,3,2,3,5,5,4,0,22,0,No
1834,36,Female,Divorced,Sales,Sales Executive,3,Life Sciences,2,5363,11,1,No,Travel_Rarely,2,2,1,3,3,2,4,10,3,17,1,Yes
1835,22,Female,Divorced,Research & Development,Research Scientist,4,Technical Degree,3,11118,23,2,No,Travel_Rarely,25,4,1,1,3,1,3,23,8,5,0,No
1836,28,Female,Married,Research & Development,Research Scientist,3,Marketing,1,3895,18,0,Yes,Travel_Frequently,29,1,1,2,3,0,7,30,30,13,0,No
1837,29,Male,Single,Human Resources,Human Resources,4,Life Sciences,1,3173,15,2,Yes,Travel_Rarely,4,1,1,1,3,3,1,12,11,9,1,Yes
1838,27,Female,Single,Research & Development,Manufacturing Director,3,Other,1,4954,14,0,No,Non-Travel,20,1,3,3,4,3,6,15,5,6,0,No
1839,25,Male,Married,Research & Development,Laboratory Technician,2,Life Sciences,3,11410,11,0,No,Travel_Rarely,23,1,2,2,3,0,3,23,0,7,0,No
1840,41,Female,Married,Research & Development,Laboratory Technician,2,Other,3,8755,19,2,No,Travel_Rarely,26,2,2,3,3,3,1,12,9,20,0,No
1841,45,Male,Divorced,Sales,Sales Representative,2,Marketing,2,12984,23,2,Yes,Travel_Rarely,16,3,1,1,4,1,6,23,13,26,0,No
1842,58,Female,Divorced,Research & Development,Manufacturing Director,1,Life Sciences,3,19983,19,2,No,Travel_Frequently,10,3,1,1,4,4,0,25,21,40,0,No
1843,53,Female,Single,Sales,Sales Representative,1,Life Sciences,2,8763,23,2,No,Travel_Rarely,13,4,1,1,3,0,3,1,0,32,0,No
1844,54,Male,Married,Human Resources,Human Resources,4,Life Sciences,2,16605,15,1,No,Travel_Rarely,2,3,2,2,3,2,8,15,12,33,0,No
1845,38,Female,Single,Sales,Sales Representative,1,Life Sciences,1,6194,24,1,No,Non-Travel,3,3,2,2,4,0,3,37,17,17,0,No
1846,25,Male,Married,Research & Development,Laboratory Technician,3,Medical,3,2102,21,0,No,Non-Travel,19,3,1,2,3,1,2,0,0,9,1,Yes
1847,26,Male,Married,Sales,Manager,3,Life Sciences,1,4889,19,0,No,Travel_Rarely,6,3,3,2,3,5,9,10,5,8,0,No
1848,32,Male,Single,Human Resources,Human Resources,4,Life Sciences,1,11695,20,0,No,Non-Travel,19,4,2,1,3,2,9,34,17,11,1,Yes
1849,57,Female,Single,Research & Development,Research Scientist,4,Marketing,3,11780,24,1,No,Travel_Rarely,27,2,2,1,3,4,1,28,19,42,0,No
1850,35,Female,Single,Research & Development,Research Scientist,2,Life Sciences,3,11689,19,2,No,Travel_Rarely,21,1,1,1,3,3,2,36,15,20,0,No
1851,59,Male,Single,Sales,Sales Representative,1,Medical,4,3794,17,0,No,Travel_Rarely,20,3,3,2,3,0,0,16,14,38,0,No
1852,37,Male,Divorced,Research & Development,Research Scientist,2,Life Sciences,2,15808,18,1,No,Travel_Rarely,19,2,1,2,4,2,9,38,7,18,0,No
1853,23,Female,Single,Sales,Sales Executive,1,Marketing,4,17289,11,0,No,Travel_Rarely,8,3,1,1,3,0,7,27,12,2,0,No
1854,29,Male,Single,Research & Development,Healthcare Representative,1,Medical,2,7548,14,1,Yes,Travel_Rarely,14,3,3,1,3,4,0,28,22,14,0,No
1855,19,Female,Single,Sales,Sales Representative,4,Technical Degree,2,18967,20,2,No,Travel_Rarely,10,1,3,2,3,0,2,2,2,0,0,No
1856,24,Female,Divorced,Sales,Manager,2,Life Sciences,2,17025,20,1,No,Non-Travel,3,1,3,3,4,2,2,9,8,7,0,No
1857,33,Female,Married,Sales,Sales Representative,2,Life Sciences,1,15739,14,2,No,Non-Travel,6,1,2,1,3,1,1,13,6,15,1,Yes
1858,20,Male,Single,Research & Development,Healthcare Representative,1,Life Sciences,1,11574,22,0,No,Travel_Rarely,29,3,1,1,3,5,4,11,0,3,0,No
1859,20,Male,Married,Research & Development,Manufacturing Director,1,Life Sciences,3,9069,19,2,No,Travel_Rarely,15,3,2,1,4,2,9,29,17,4,0,No
1860,44,Female,Single,Sales,Manager,4,Life Sciences,2,4999,13,1,Yes,Travel_Rarely,23,3,3,2,3,0,2,31,31,25,0,No
1861,57,Male,Married,Research & Development,Research Scientist,3,Medical,2,18582,22,0,No,Non-Travel,23,1,2,1,3,4,2,31,21,40,0,No
1862,55,Male,Married,Research & Development,Research Scientist,2,Medical,2,5104,20,0,No,Travel_Rarely,18,4,3,1,4,3,7,31,22,39,0,No
1863,50,Male,Single,Research & Development,Laboratory Technician,2,Technical Degree,1,15558,20,1,No,Travel_Rarely,14,2,3,1,4,3,3,25,18,30,0,No
1864,45,Female,Divorced,Research & Development,Healthcare Representative,4,Medical,3,19268,11,2,No,Travel_Rarely,19,4,1,1,3,4,3,0,0,27,0,No
1865,18,Female,Married,Research & Development,Healthcare Representative,4,Medical,1,10988,21,1,No,Travel_Frequently,28,3,1,1,4,0,2,1,0,0,1,Yes
1866,25,Male,Married,Research & Development,Manufacturing Director,2,Other,4,6417,15,2,No,Travel_Rarely,26,3,1,3,3,5,0,16,12,8,0,No
1867,54,Female,Single,Sales,Sales Representative,2,Medical,4,14946,17,2,Yes,Travel_Frequently,10,4,2,3,3,4,7,29,14,37,1,Yes
1868,49,Male,Divorced,Sales,Sales Executive,1,Medical,4,3842,22,0,No,Travel_Rarely,15,3,1,1,4,0,0,38,22,28,0,No
1869,54,Female,Married,Research & Development,Healthcare Representative,3,Other,3,6294,14,2,No,Travel_Rarely,4,2,3,1,4,2,6,6,5,33,0,No
1870,21,Male,Single,Human Resources,Human Resources,2,Other,4,10598,19,0,No,Travel_Rarely,23,3,1,1,3,5,4,26,21,2,0,No
1871,47,Female,Single,Research & Development,Research Scientist,4,Medical,3,15717,16,1,No,Travel_Rarely,2,2,2,1,3,1,3,8,5,30,0,No
1872,23,Female,Married,Sales,Sales Executive,1,Medical,1,15125,16,1,No,Travel_Rarely,3,4,1,2,3,0,3,21,0,6,0,No
1873,36,Male,Married,Research & Development,Research Scientist,1,Medical,1,8654,13,0,Yes,Travel_Rarely,7,4,1,2,3,3,7,33,28,21,0,No
1874,49,Female,Divorced,Research & Development,Manufacturing Director,4,Marketing,3,13027,20,0,No,Travel_Rarely,23,3,1,2,3,3,5,0,0,29,0,No
1875,26,Male,Married,Sales,Manager,4,Human Resources,1,11898,20,2,No,Non-Travel,16,2,2,3,3,5,0,8,4,11,0,No
1876,29,Female,Married,Sales,Sales Executive,1,Life Sciences,1,5786,15,0,No,Travel_Rarely,10,3,3,1,3,1,9,19,2,13,1,Yes
1877,28,Female,Single,Research & Development,Manufacturing Director,4,Technical Degree,3,17003,20,1,No,Travel_Rarely,19,1,3,2,3,0,7,18,9,8,0,No
1878,33,Female,Married,Research & Development,Research Scientist,1,Medical,4,3744,16,0,Yes,Travel_Rarely,28,1,3,1,3,1,1,35,18,18,1,Yes
1879,18,Male,Divorced,Sales,Sales Executive,4,Life Sciences,3,14620,24,0,Yes,Travel_Rarely,17,1,1,1,3,2,5,39,36,1,0,No
1880,38,Female,Married,Sales,Sales Executive,1,Technical Degree,2,7377,14,0,No,Non-Travel,28,1,1,3,3,1,8,3,2,18,0,No
1881,47,Male,Single,Sales,Manager,2,Medical,1,18214,23,2,No,Travel_Rarely,19,3,2,3,3,2,0,8,2,30,0,No
1882,30,Female,Single,Research & Development,Laboratory Technician,2,Life Sciences,3,1171,13,0,Yes,Travel_Rarely,5,1,3,2,4,3,5,21,12,12,1,Yes
1883,51,Female,Single,Sales,Sales Representative,4,Other,1,8786,15,2,No,Travel_Rarely,23,2,1,2,3,2,7,17,12,32,0,No
1884,21,Female,Married,Sales,Manager,3,Medical,4,15858,17,2,No,Travel_Rarely,20,4,1,3,3,0,9,11,9,1,0,No
1885,45,Female,Divorced,Research & Development,Healthcare Representative,2,Medical,1,19325,21,0,No,Travel_Rarely,13,4,1,3,3,5,1,38,1,28,0,No
1886,55,Male,Single,Sales,Manager,1,Technical Degree,3,4544,16,2,No,Travel_Rarely,13,1,2,1,3,5,4,8,5,35,0,No
1887,48,Female,Single,Research & Development,Healthcare Representative,3,Other,4,14412,12,0,Yes,Travel_Rarely,11,1,3,1,3,0,5,5,3,32,1,Yes
1888,44,Male,Married,Sales,Sales Executive,1,Technical Degree,4,15525,11,1,Yes,Travel_Rarely,11,1,2,2,3,0,4,18,11,25,1,Yes
1889,22,Male,Divorced,Sales,Sales Executive,1,Medical,4,8968,15,1,No,Travel_Rarely,16,3,3,2,3,0,2,6,3,4,0,No
1890,42,Female,Married,Sales,Sales Representative,2,Medical,2,4942,15,2,No,Travel_Rarely,15,4,3,3,3,4,3,15,14,21,0,No
1891,20,Male,Single,Research & Development,Research Scientist,4,Life Sciences,3,4394,22,1,No,Travel_Rarely,17,1,1,2,3,2,6,4,2,0,1,Yes
1892,50,Male,Single,Research & Development,Healthcare Representative,4,Medical,3,1931,22,0,No,Non-Travel,22,2,1,1,3,0,3,15,13,30,1,Yes
1893,21,Male,Married,Research & Development,Laboratory Technician,1,Other,4,11376,16,2,No,Non-Travel,18,1,1,3,4,5,8,0,0,4,1,Yes
1894,42,Male,Divorced,Research & Development,Laboratory Technician,2,Marketing,1,14746,13,0,No,Travel_Rarely,28,4,1,1,3,1,9,36,21,26,1,Yes
1895,37,Male,Single,Research & Development,Manufacturing Director,1,Life Sciences,4,1573,11,2,No,Travel_Rarely,19,1,1,3,3,1,1,38,12,18,1,Yes
1896,51,Male,Married,Sales,Manager,3,Life Sciences,2,11798,14,2,No,Non-Travel,4,4,3,3,3,4,4,18,0,33,0,No
1897,43,Female,Married,Sales,Manager,1,Human Resources,4,3509,14,2,No,Travel_Rarely,22,1,1,1,3,2,7,36,18,25,0,No
1898,22,Female,Married,Research & Development,Laboratory Technician,2,Technical Degree,3,7890,20,2,Yes,Non-Travel,22,2,1,2,4,2,4,16,0,7,1,Yes
1899,52,Female,Single,Sales,Manager,1,Medical,4,4645,12,1,No,Travel_Frequently,23,1,2,2,3,2,9,25,3,34,0,No
1900,45,Male,Divorced,Sales,Sales Representative,2,Medical,1,1232,24,1,Yes,Travel_Rarely,5,2,2,2,4,5,7,21,9,24,1,Yes
1901,46,Female,Married,Sales,Manager,4,Life Sciences,3,7306,18,1,No,Travel_Rarely,7,2,3,2,3,5,7,7,2,27,0,No
1902,26,Male,Married,Sales,Sales Representative,2,Technical Degree,1,15904,16,2,No,Travel_Rarely,2,1,3,1,4,4,8,32,26,11,1,Yes
1903,55,Male,Married,Sales,Sales Executive,3,Medical,4,1359,22,1,No,Travel_Rarely,1,2,2,3,3,2,9,1,1,34,0,No
1904,23,Female,Divorced,Research & Development,Research Scientist,2,Marketing,3,19321,13,2,No,Travel_Rarely,12,3,2,1,3,2,5,29,8,3,0,No
1905,36,Male,Married,Research & Development,Healthcare Representative,3,Life Sciences,2,5741,11,1,Yes,Travel_Frequently,10,1,1,2,3,0,3,19,2,18,1,Yes
1906,28,Female,Married,Research & Development,Laboratory Technician,3,Medical,3,2026,22,2,Yes,Travel_Rarely,8,1,1,2,3,2,2,17,5,9,1,Yes
1907,19,Female,Married,Research & Development,Laboratory Technician,1,Life Sciences,1,19619,21,1,No,Non-Travel,1,2,3,1,3,5,4,9,5,1,0,No
1908,26,Male,Married,Sales,Sales Executive,3,Other,3,16238,13,1,Yes,Travel_Rarely,12,2,2,3,3,0,5,23,22,5,0,No
1909,38,Male,Single,Sales,Sales Representative,2,Other,2,8179,18,1,No,Travel_Rarely,2,1,3,1,3,0,2,3,0,17,0,No
1910,41,Male,Divorced,Research & Development,Laboratory Technician,4,Technical Degree,2,14312,14,2,No,Travel_Frequently,27,3,1,1,4,2,1,36,22,20,0,No
1911,51,Male,Divorced,Research & Development,Healthcare Representative,2,Human Resources,2,7216,13,2,No,Travel_Rarely,28,2,3,1,3,1,6,3,1,33,0,No
1912,39,Female,Single,Sales,Sales Executive,4,Medical,2,13325,23,1,No,Travel_Rarely,10,2,3,3,3,3,4,12,0,20,0,No
1913,20,Female,Single,Research & Development,Laboratory Technician,3,Life Sciences,1,3428,21,2,Yes,Travel_Rarely,22,4,3,1,4,5,8,24,15,1,1,Yes
1914,29,Male,Single,Research & Development,Healthcare Representative,1,Marketing,3,7249,14,0,No,Travel_Rarely,17,3,1,1,4,1,2,12,7,9,0,No
1915,45,Male,Divorced,Research & Development,Manufacturing Director,3,Life Sciences,4,2902,21,1,No,Travel_Rarely,26,3,3,2,3,2,7,17,4,27,1,Yes
1916,47,Female,Married,Research & Development,Research Scientist,3,Medical,2,14762,14,1,Yes,Travel_Rarely,3,1,1,1,3,2,5,23,8,27,1,Yes
1917,43,Male,Married,Sales,Manager,4,Life Sciences,4,6331,12,0,No,Travel_Rarely,7,3,2,2,3,1,3,1,1,27,0,No
1918,38,Male,Divorced,Human Resources,Manager,2,Medical,4,12241,14,2,No,Travel_Rarely,12,1,3,2,3,2,8,32,12,18,0,No
1919,45,Male,Married,Research & Development,Laboratory Technician,1,Medical,3,18518,21,2,No,Travel_Rarely,8,4,3,2,3,5,4,18,14,25,0,No
1920,43,Female,Divorced,Sales,Manager,1,Life Sciences,4,4126,22,2,No,Travel_Rarely,20,3,1,3,3,0,9,8,4,23,0,No
1921,50,Male,Married,Research & Development,Healthcare Representative,1,Life Sciences,4,5170,19,1,Yes,Travel_Rarely,12,2,3,2,3,4,5,27,4,29,1,Yes
1922,38,Male,Married,Research & Development,Laboratory Technician,1,Marketing,1,16532,14,1,No,Travel_Rarely,3,4,1,1,3,2,8,34,30,22,0,No
1923,52,Female,Married,Research & Development,Laboratory Technician,2,Marketing,4,5051,22,1,No,Non-Travel,17,1,3,1,4,2,6,38,27,37,0,No
1924,51,Female,Married,Research & Development,Healthcare Representative,1,Medical,3,5442,11,1,No,Travel_Rarely,28,4,2,2,3,1,4,9,1,31,0,No
1925,58,Male,Divorced,Research & Development,Healthcare Representative,4,Life Sciences,4,15025,11,1,No,Travel_Rarely,9,1,2,2,3,0,1,0,0,39,0,No
1926,35,Male,Married,Sales,Manager,4,Medical,3,3667,11,2,No,Travel_Rarely,10,4,2,1,3,1,3,20,11,15,1,Yes
1927,28,Male,Married,Sales,Sales Representative,1,Marketing,2,11919,24,0,Yes,Travel_Rarely,22,1,3,2,3,5,1,8,2,7,1,Yes
1928,40,Male,Single,Research & Development,Healthcare Representative,1,Marketing,4,3953,15,2,No,Travel_Rarely,6,3,3,3,3,1,2,14,9,23,0,No
1929,39,Male,Single,Research & Development,Research Scientist,2,Life Sciences,4,8219,16,2,Yes,Travel_Rarely,25,2,2,2,3,2,9,34,17,24,1,Yes
1930,34,Male,Married,Sales,Manager,2,Other,4,9796,22,1,No,Travel_Rarely,1,1,2,3,4,0,2,4,0,18,1,Yes
1931,22,Male,Married,Sales,Manager,1,Life Sciences,2,2995,16,0,No,Non-Travel,22,4,1,3,3,5,3,21,4,5,0,No
1932,28,Male,Divorced,Research & Development,Manufacturing Director,2,Life Sciences,1,11951,16,0,No,Non-Travel,12,1,1,3,3,2,5,22,1,11,0,No
1933,47,Female,Married,Human Resources,Human Resources,3,Medical,4,18467,19,2,No,Travel_Rarely,5,1,2,2,3,5,2,6,0,31,0,No
1934,32,Male,Married,Research & Development,Research Scientist,1,Life Sciences,3,13170,11,0,Yes,Travel_Rarely,13,1,2,3,3,2,9,22,6,14,1,Yes
1935,44,Male,Married,Sales,Manager,2,Other,1,4016,20,2,No,Travel_Rarely,27,4,3,3,3,2,0,24,10,29,1,Yes
1936,52,Male,Married,Sales,Manager,4,Life Sciences,1,1978,16,2,Yes,Travel_Rarely,15,2,2,2,3,2,0,26,10,37,1,Yes
1937,50,Male,Divorced,Sales,Sales Representative,1,Life Sciences,1,9781,23,2,Yes,Travel_Rarely,22,3,1,3,3,4,8,5,1,31,0,No
1938,37,Female,Married,Human Resources,Human Resources,1,Life Sciences,4,3833,18,2,Yes,Travel_Frequently,11,2,1,2,3,3,8,33,16,16,1,Yes
1939,33,Male,Single,Sales,Sales Representative,4,Medical,2,2220,18,1,No,Non-Travel,8,1,1,1,3,0,4,8,1,17,0,No
1940,51,Female,Married,Research & Development,Healthcare Representative,4,Life Sciences,2,1238,22,0,Yes,Non-Travel,5,4,1,3,3,4,8,32,6,34,1,Yes
1941,19,Male,Single,Sales,Manager,2,Life Sciences,4,16783,13,1,Yes,Travel_Rarely,2,2,1,2,3,3,6,5,1,0,0,No
1942,52,Female,Single,Research & Development,Manufacturing Director,4,Life Sciences,3,15354,23,1,Yes,Non-Travel,12,1,1,1,3,5,8,36,34,31,1,Yes
1943,57,Male,Single,Research & Development,Healthcare Representative,3,Medical,3,4194,15,1,Yes,Travel_Rarely,28,3,2,3,3,3,6,30,29,39,1,Yes
1944,45,Male,Married,Research & Development,Research Scientist,1,Marketing,3,16020,20,2,No,Travel_Frequently,2,3,1,3,3,3,8,33,11,28,0,No
1945,56,Male,Single,Sales,Sales Representative,3,Marketing,4,17894,14,2,No,Travel_Rarely,26,3,1,2,4,4,1,28,2,36,0,No
1946,23,Male,Single,Sales,Sales Executive,2,Medical,2,1057,22,1,No,Travel_Rarely,16,1,1,1,3,0,7,13,10,2,0,No
1947,26,Male,Married,Sales,Sales Representative,4,Life Sciences,4,16182,11,1,No,Travel_Rarely,21,4,1,2,3,1,6,35,3,9,0,No
1948,37,Male,Single,Human Resources,Manager,1,Technical Degree,2,17779,19,0,Yes,Non-Travel,3,2,2,3,3,3,5,35,24,22,0,No
1949,18,Female,Single,Research & Development,Healthcare Representative,4,Medical,1,1978,15,1,No,Travel_Rarely,10,3,3,3,3,1,4,14,3,0,0,No
1950,25,Male,Single,Research & Development,Manufacturing Director,4,Life Sciences,4,15562,12,2,No,Travel_Rarely,19,1,3,3,3,1,3,7,1,7,0,No
1951,40,Male,Single,Research & Development,Healthcare Representative,2,Medical,2,6829,22,1,No,Travel_Rarely,8,1,3,3,3,2,6,25,3,22,0,No
1952,20,Male,Single,Research & Development,Research Scientist,2,Marketing,1,15301,12,0,Yes,Non-Travel,7,2,3,1,3,1,2,35,0,0,1,Yes
1953,21,Female,Single,Sales,Sales Representative,2,Life Sciences,1,4061,21,0,Yes,Travel_Rarely,1,3,1,1,3,5,7,20,2,3,0,No
1954,42,Male,Divorced,Human Resources,Manager,2,Life Sciences,4,12618,17,1,Yes,Travel_Rarely,12,1,3,2,3,5,1,27,4,25,0,No
1955,55,Male,Married,Research & Development,Research Scientist,1,Life Sciences,2,3311,14,0,No,Travel_Rarely,29,2,3,2,3,2,0,3,1,39,0,No
1956,32,Male,Married,Research & Development,Healthcare Representative,3,Technical Degree,1,3292,11,0,No,Non-Travel,28,4,2,2,3,0,1,15,13,14,0,No
1957,38,Female,Divorced,Research & Development,Healthcare Representative,3,Life Sciences,4,16394,15,2,Yes,Travel_Rarely,5,4,2,3,3,0,8,21,16,22,0,No
1958,52,Female,Single,Sales,Sales Representative,1,Medical,1,10808,12,0,Yes,Travel_Frequently,16,4,2,2,4,5,4,11,8,32,0,No
1959,31,Male,Married,Sales,Manager,4,Life Sciences,3,16629,17,0,No,Travel_Rarely,25,3,1,1,4,2,7,15,13,16,0,No
1960,53,Male,Divorced,Research & Development,Laboratory Technician,1,Life Sciences,4,1131,19,1,Yes,Travel_Rarely,4,2,1,2,3,0,2,39,34,34,0,No
1961,29,Male,Married,Sales,Manager,3,Life Sciences,1,10481,23,2,No,Travel_Frequently,17,2,1,2,3,3,6,37,12,8,0,No
1962,34,Male,Divorced,Research & Development,Laboratory Technician,3,Life Sciences,4,4736,11,0,No,Travel_Rarely,24,1,2,1,3,0,1,36,34,13,0,No
1963,56,Male,Divorced,Sales,Sales Executive,1,Life Sciences,4,14741,22,1,Yes,Travel_Rarely,21,1,3,1,4,2,7,28,10,39,0,No
1964,26,Male,Single,Research & Development,Healthcare Representative,2,Medical,2,5967,12,1,Yes,Travel_Rarely,2,1,2,3,3,5,6,17,1,6,1,Yes
1965,52,Male,Divorced,Sales,Manager,4,Medical,2,1533,21,1,No,Travel_Rarely,12,2,1,1,4,3,4,9,7,32,0,No
1966,30,Male,Divorced,Research & Development,Laboratory Technician,1,Technical Degree,1,10088,16,1,No,Travel_Rarely,1,1,2,1,3,1,3,38,12,10,1,Yes
1967,32,Male,Married,Research & Development,Manufacturing Director,3,Life Sciences,4,9408,18,1,No,Travel_Rarely,12,2,3,2,3,1,0,17,15,11,0,No
1968,35,Male,Divorced,Sales,Sales Executive,2,Technical Degree,4,17541,17,1,No,Travel_Rarely,12,2,1,1,4,1,4,0,0,17,0,No
1969,50,Male,Single,Research & Development,Healthcare Representative,4,Other,3,17830,19,0,Yes,Travel_Rarely,12,4,3,3,3,5,8,38,17,29,0,No
1970,23,Male,Married,Research & Development,Laboratory Technician,3,Life Sciences,4,11403,24,2,No,Non-Travel,19,1,3,2,3,2,9,20,6,2,0,No
1971,44,Female,Single,Research & Development,Laboratory Technician,4,Other,2,4758,12,2,No,Travel_Rarely,25,4,1,3,3,1,3,0,0,23,0,No
1972,40,Female,Single,Human Resources,Human Resources,2,Life Sciences,4,12362,22,1,Yes,Travel_Rarely,17,3,3,1,3,0,8,14,12,25,0,No
1973,44,Male,Married,Research & Development,Research Scientist,3,Marketing,2,15018,19,1,No,Travel_Rarely,20,3,2,3,3,1,1,3,3,29,0,No
1974,51,Male,Single,Sales,Sales Executive,2,Life Sciences,3,12446,14,2,Yes,Travel_Rarely,24,3,3,3,3,4,3,19,8,33,0,No
1975,55,Male,Married,Sales,Sales Representative,1,Medical,1,6345,21,0,No,Travel_Rarely,24,2,3,1,3,5,8,9,9,36,0,No
1976,31,Male,Married,Sales,Manager,1,Medical,2,5560,13,1,Yes,Travel_Rarely,26,2,3,1,3,4,3,22,8,14,0,No
1977,53,Female,Married,Research & Development,Healthcare Representative,4,Life Sciences,1,3832,17,2,No,Travel_Rarely,28,2,2,2,3,1,4,33,6,34,0,No
1978,25,Male,Single,Sales,Sales Representative,2,Marketing,1,13925,15,2,No,Travel_Rarely,11,1,3,2,4,1,7,32,14,6,1,Yes
1979,52,Female,Married,Research & Development,Laboratory Technician,2,Medical,1,16176,23,1,No,Travel_Frequently,13,4,3,2,3,4,0,33,18,31,0,No
1980,36,Male,Divorced,Research & Development,Healthcare Representative,4,Medical,1,9686,15,2,Yes,Travel_Rarely,27,2,2,1,3,5,0,38,36,17,0,No
1981,47,Female,Married,Sales,Manager,4,Other,2,15877,22,0,No,Travel_Rarely,8,4,1,3,3,5,8,9,1,26,0,No
1982,31,Female,Married,Research & Development,Research Scientist,4,Other,3,9400,23,2,No,Travel_Rarely,10,4,1,3,3,1,8,19,9,10,0,No
1983,37,Female,Married,Sales,Sales Representative,1,Other,4,13667,12,1,No,Non-Travel,8,4,1,2,4,5,3,0,0,20,0,No
1984,42,Male,Married,Sales,Sales Representative,4,Technical Degree,2,19375,16,1,No,Travel_Rarely,20,1,3,2,3,3,1,12,6,22,0,No
1985,57,Female,Married,Research & Development,Manufacturing Director,1,Life Sciences,3,10672,16,2,No,Travel_Rarely,8,1,1,1,3,5,8,0,0,36,1,Yes
1986,41,Male,Divorced,Research & Development,Healthcare Representative,4,Life Sciences,4,3320,22,2,No,Travel_Rarely,9,3,2,3,3,4,3,4,4,26,0,No
1987,31,Female,Married,Research & Development,Manufacturing Director,2,Life Sciences,1,8234,14,1,No,Travel_Rarely,7,3,3,2,3,2,5,15,7,12,0,No
1988,43,Female,Married,Research & Development,Healthcare Representative,2,Other,4,12574,15,0,No,Non-Travel,14,4,3,1,4,4,0,14,8,26,1,Yes
1989,55,Male,Married,Sales,Sales Representative,4,Life Sciences,4,11279,17,2,No,Travel_Rarely,28,3,3,2,4,0,8,27,10,39,0,No
1990,40,Female,Married,Research & Development,Research Scientist,4,Life Sciences,3,14569,24,0,No,Travel_Rarely,2,4,1,1,3,3,4,30,10,24,0,No
1991,39,Female,Married,Research & Development,Manufacturing Director,1,Life Sciences,4,17997,18,0,No,Non-Travel,25,1,1,3,4,2,2,22,22,23,1,Yes
1992,36,Female,Married,Research & Development,Healthcare Representative,3,Life Sciences,1,16974,16,1,No,Travel_Frequently,11,1,1,1,3,1,3,16,15,17,1,Yes
1993,20,Male,Married,Sales,Sales Representative,1,Life Sciences,2,6794,15,1,No,Travel_Rarely,8,1,3,2,3,0,0,33,5,0,1,Yes
1994,59,Female,Married,Research & Development,Research Scientist,2,Medical,2,13076,22,1,Yes,Travel_Rarely,13,2,2,2,3,0,8,12,11,41,0,No
1995,36,Female,Married,Research & Development,Manufacturing Director,4,Life Sciences,3,9749,13,0,No,Non-Travel,21,4,3,3,3,3,7,13,11,16,0,No
1996,26,Female,Divorced,Sales,Manager,2,Medical,1,14662,17,1,No,Travel_Rarely,15,1,2,3,3,2,3,10,9,9,1,Yes
1997,45,Female,Married,Human Resources,Manager,3,Technical Degree,1,18231,18,1,No,Non-Travel,28,4,3,2,4,0,1,27,17,25,0,No
1998,37,Male,Divorced,Sales,Manager,1,Marketing,4,4824,13,0,No,Non-Travel,3,3,2,2,3,2,8,31,17,21,0,No
1999,24,Male,Single,Human Resources,Manager,2,Life Sciences,3,18240,15,0,No,Travel_Frequently,23,3,3,2,3,2,3,34,3,4,1,Yes
2000,31,Male,Single,Research & Development,Manufacturing Director,1,Human Resources,1,5718,21,0,No,Travel_Rarely,14,1,3,3,3,5,8,30,30,14,1,Yes
2001,26,Male,Married,Sales,Sales Executive,4,Marketing,1,5516,12,0,No,Travel_Rarely,15,4,2,2,3,0,9,16,8,9,0,No
2002,36,Female,Divorced,Research & Development,Research Scientist,2,Life Sciences,1,7584,20,2,No,Non-Travel,2,1,2,3,3,2,2,8,6,20,0,No
2003,31,Male,Married,Research & Development,Manufacturing Director,3,Marketing,2,5782,20,1,No,Travel_Frequently,29,3,2,2,4,3,6,9,1,16,0,No
2004,55,Male,Single,Research & Development,Laboratory Technician,1,Marketing,2,13455,22,2,No,Travel_Rarely,19,1,2,1,3,0,6,7,7,36,1,Yes
2005,53,Male,Single,Research & Development,Healthcare Representative,1,Medical,2,11473,14,0,No,Travel_Rarely,12,4,2,1,3,3,9,20,10,32,1,Yes
2006,57,Male,Married,Research & Development,Manufacturing Director,3,Life Sciences,4,16873,22,0,Yes,Non-Travel,25,3,2,2,3,3,3,12,6,39,0,No
2007,34,Male,Single,Research & Development,Healthcare Representative,2,Medical,4,4329,14,0,Yes,Travel_Rarely,20,2,2,1,4,2,1,4,0,16,1,Yes
2008,47,Male,Married,Research & Development,Laboratory Technician,2,Marketing,4,11759,22,0,No,Travel_Frequently,4,3,2,3,3,2,8,5,2,31,0,No
2009,26,Male,Married,Sales,Manager,1,Life Sciences,1,5707,23,0,Yes,Travel_Rarely,3,2,3,1,3,5,3,29,16,11,1,Yes
2010,50,Female,Married,Research & Development,Research Scientist,3,Medical,2,18957,18,1,No,Travel_Rarely,5,1,2,1,3,5,7,30,1,32,0,No
2011,42,Female,Single,Sales,Sales Representative,1,Life Sciences,1,19233,13,2,No,Travel_Rarely,3,1,2,3,3,0,1,16,14,22,0,No
2012,31,Male,Single,Human Resources,Human Resources,1,Medical,1,7067,15,2,No,Travel_Rarely,25,4,3,1,4,5,7,10,1,14,0,No
2013,28,Male,Married,Human Resources,Human Resources,4,Life Sciences,3,1735,21,1,No,Travel_Rarely,15,2,3,1,3,1,9,19,15,13,1,Yes
2014,52,Male,Single,Sales,Sales Executive,2,Life Sciences,1,7706,15,1,Yes,Travel_Rarely,19,1,1,2,3,0,4,8,3,35,1,Yes
2015,58,Male,Married,Research & Development,Manufacturing Director,2,Technical Degree,4,12919,12,1,No,Travel_Rarely,2,2,1,3,4,3,6,1,1,42,0,No
2016,31,Female,Divorced,Human Resources,Manager,4,Marketing,2,10266,19,2,No,Travel_Rarely,12,1,2,3,3,5,6,36,3,14,0,No
2017,47,Male,Single,Sales,Sales Executive,2,Life Sciences,2,13972,14,2,No,Non-Travel,5,3,2,2,3,5,8,0,0,26,0,No
2018,58,Male,Single,Research & Development,Healthcare Representative,2,Medical,1,17675,19,0,Yes,Travel_Rarely,22,1,1,2,3,5,2,3,0,41,1,Yes
2019,21,Male,Single,Human Resources,Manager,2,Marketing,4,2090,19,2,No,Travel_Rarely,17,4,1,1,3,2,9,35,5,4,0,No
2020,21,Female,Divorced,Sales,Sales Representative,3,Technical Degree,4,11785,12,2,Yes,Travel_Rarely,14,3,2,1,3,3,3,24,5,6,0,No
2021,45,Male,Single,Research & Development,Healthcare Representative,4,Marketing,4,15205,19,1,Yes,Travel_Rarely,28,4,1,1,3,5,9,2,1,25,0,No
2022,25,Male,Divorced,Sales,Sales Executive,1,Medical,2,10353,19,2,Yes,Travel_Rarely,27,3,2,2,4,4,3,8,0,6,0,No
2023,19,Male,Married,Human Resources,Manager,3,Other,4,16967,12,0,Yes,Travel_Rarely,22,2,3,3,3,4,9,21,2,1,1,Yes
2024,58,Male,Married,Human Resources,Manager,1,Marketing,4,12698,21,2,No,Travel_Rarely,10,4,3,1,3,3,4,22,12,38,0,No
2025,39,Female,Single,Human Resources,Human Resources,4,Life Sciences,1,18340,23,1,No,Travel_Rarely,3,1,1,2,3,5,5,11,5,19,0,No
2026,58,Male,Married,Research & Development,Research Scientist,4,Medical,3,5769,16,1,No,Travel_Frequently,4,2,3,3,3,1,2,9,2,38,0,No
2027,33,Female,Married,Research & Development,Research Scientist,4,Life Sciences,4,14445,19,0,No,Non-Travel,6,1,3,2,3,1,3,33,15,15,0,No
2028,46,Male,Married,Research & Development,Laboratory Technician,2,Technical Degree,1,1075,14,0,No,Non-Travel,24,3,3,1,3,0,2,9,1,30,0,No
2029,47,Male,Single,Sales,Manager,3,Life Sciences,1,1573,12,2,Yes,Non-Travel,25,3,3,2,3,0,1,29,14,27,1,Yes
2030,29,Male,Married,Research & Development,Laboratory Technician,4,Medical,4,14402,17,0,No,Travel_Rarely,22,1,2,2,3,5,9,21,4,10,0,No
2031,52,Female,Married,Sales,Manager,1,Life Sciences,3,4679,19,0,No,Non-Travel,16,1,2,2,3,0,8,5,5,36,0,No
2032,28,Male,Married,Research & Development,Research Scientist,2,Life Sciences,2,3260,16,1,No,Travel_Rarely,7,2,1,2,3,2,0,1,1,11,0,No
2033,38,Male,Married,Sales,Manager,2,Life Sciences,3,13958,21,1,Yes,Travel_Rarely,15,1,3,3,3,1,1,29,16,19,0,No
2034,38,Male,Married,Sales,Sales Representative,3,Medical,4,1813,21,2,No,Travel_Rarely,21,4,3,1,3,3,7,1,0,23,0,No
2035,22,Female,Single,Sales,Sales Executive,3,Life Sciences,3,10592,24,2,No,Travel_Rarely,28,4,3,3,3,5,6,31,26,6,0,No
2036,37,Female,Married,Research & Development,Manufacturing Director,3,Medical,1,18628,14,2,No,Travel_Frequently,25,1,1,2,3,5,0,15,6,20,1,Yes
2037,54,Female,Married,Sales,Manager,2,Medical,1,13233,11,2,Yes,Travel_Rarely,20,4,2,2,3,4,4,11,2,37,0,No
2038,20,Male,Single,Research & Development,Laboratory Technician,4,Medical,3,7025,14,1,No,Travel_Rarely,26,1,3,1,4,1,9,0,0,0,1,Yes
2039,50,Male,Married,Sales,Manager,1,Medical,2,14045,13,2,Yes,Non-Travel,11,2,2,1,3,1,5,7,3,30,0,No
2040,26,Male,Single,Sales,Sales Executive,4,Life Sciences,3,13401,17,2,Yes,Travel_Rarely,22,4,1,3,3,1,4,12,12,8,0,No
2041,26,Male,Single,Research & Development,Manufacturing Director,1,Life Sciences,4,8947,21,0,No,Travel_Rarely,21,4,2,3,3,0,3,14,5,5,0,No
2042,21,Female,Divorced,Research & Development,Healthcare Representative,4,Technical Degree,2,5150,23,2,Yes,Travel_Frequently,1,1,3,1,3,2,0,7,2,2,0,No
2043,52,Female,Married,Sales,Sales Representative,3,Medical,3,10555,21,0,Yes,Travel_Rarely,5,4,2,3,3,3,6,9,6,34,0,No
2044,34,Female,Married,Research & Development,Healthcare Representative,1,Marketing,3,6344,20,1,Yes,Non-Travel,13,3,2,2,3,0,8,4,4,16,0,No
2045,51,Male,Divorced,Research & Development,Healthcare Representative,2,Medical,2,6086,15,2,No,Travel_Rarely,21,2,1,2,3,2,5,18,5,32,0,No
2046,41,Female,Single,Research & Development,Manufacturing Director,1,Life Sciences,3,14256,22,0,No,Non-Travel,14,2,1,1,3,1,2,37,8,25,0,No
2047,49,Female,Divorced,Sales,Sales Executive,2,Technical Degree,4,6620,13,2,No,Non-Travel,9,4,1,3,3,2,9,10,4,34,0,No
2048,18,Male,Single,Sales,Sales Executive,4,Life Sciences,1,9098,24,0,No,Travel_Rarely,17,4,1,2,3,0,3,19,19,0,0,No
2049,25,Male,Married,Research & Development,Manufacturing Director,3,Other,4,3901,12,2,Yes,Travel_Frequently,15,3,2,1,3,1,9,19,2,8,1,Yes
2050,40,Male,Married,Sales,Manager,1,Life Sciences,3,6586,23,1,No,Non-Travel,21,3,2,3,3,0,4,20,9,25,0,No
2051,57,Male,Divorced,Research & Development,Healthcare Representative,2,Medical,1,18952,12,1,No,Travel_Rarely,7,4,1,2,4,3,0,17,0,36,0,No
2052,29,Female,Married,Research & Development,Healthcare Representative,4,Life Sciences,2,7692,15,0,Yes,Travel_Rarely,27,4,1,3,4,1,4,9,2,13,0,No
2053,29,Male,Married,Human Resources,Manager,3,Human Resources,4,2516,23,0,No,Non-Travel,22,3,3,3,3,2,0,33,18,9,0,No
2054,32,Male,Married,Research & Development,Research Scientist,3,Other,2,17344,23,1,No,Travel_Rarely,22,1,3,3,3,0,8,25,22,11,0,No
2055,58,Male,Single,Human Resources,Manager,3,Life Sciences,1,3072,18,2,Yes,Travel_Rarely,12,3,1,1,3,4,6,29,22,37,0,No
2056,36,Male,Married,Research & Development,Research Scientist,4,Life Sciences,3,3009,18,0,No,Travel_Rarely,23,1,2,2,3,2,2,8,0,16,0,No
2057,43,Male,Single,Research & Development,Healthcare Representative,4,Life Sciences,1,16575,24,1,Yes,Travel_Rarely,6,2,1,1,3,2,8,30,18,22,0,No
2058,46,Female,Married,Research & Development,Manufacturing Director,4,Technical Degree,1,2303,22,0,Yes,Non-Travel,21,2,2,2,3,1,1,3,0,30,0,No
2059,39,Male,Married,Research & Development,Manufacturing Director,3,Life Sciences,2,16105,15,1,No,Travel_Rarely,16,3,2,2,3,5,6,5,0,23,0,No
2060,57,Female,Divorced,Research & Development,Healthcare Representative,1,Medical,4,5074,23,1,No,Travel_Rarely,26,1,3,1,3,2,8,13,6,41,0,No
2061,38,Female,Married,Research & Development,Laboratory Technician,2,Life Sciences,1,15099,12,0,No,Travel_Rarely,5,3,1,1,3,0,5,3,2,20,0,No
2062,55,Male,Married,Human Resources,Human Resources,4,Marketing,3,18996,23,0,No,Non-Travel,9,3,1,2,3,4,9,25,14,37,0,No
2063,37,Female,Single,Research & Development,Research Scientist,1,Medical,1,18715,14,1,Yes,Travel_Rarely,14,1,2,2,4,3,4,38,15,21,0,No
2064,46,Male,Single,Research & Development,Healthcare Representative,2,Marketing,2,19834,17,2,No,Travel_Rarely,8,3,1,2,3,4,6,16,10,26,0,No
2065,21,Female,Married,Research & Development,Healthcare Representative,3,Technical Degree,4,18491,24,1,No,Travel_Rarely,14,2,3,3,3,0,5,18,5,1,0,No
2066,24,Female,Married,Research & Development,Laboratory Technician,1,Life Sciences,3,10327,16,2,No,Travel_Frequently,12,4,3,2,3,1,4,5,2,5,0,No
2067,45,Male,Married,Sales,Sales Executive,3,Medical,2,9497,20,2,No,Travel_Rarely,10,4,1,1,3,0,1,28,2,26,0,No
2068,45,Male,Married,Sales,Sales Representative,2,Medical,1,12250,17,2,No,Travel_Frequently,20,3,1,1,3,5,7,10,0,29,1,Yes
2069,21,Female,Single,Research & Development,Research Scientist,4,Medical,1,11426,15,0,No,Travel_Frequently,20,1,3,1,3,5,6,15,6,6,1,Yes
2070,39,Male,Married,Sales,Sales Representative,3,Life Sciences,4,16583,12,1,No,Travel_Rarely,26,1,1,2,3,5,5,29,0,18,0,No
2071,29,Male,Single,Sales,Sales Representative,1,Technical Degree,2,16311,18,1,Yes,Travel_Rarely,21,2,2,2,4,2,4,24,16,8,0,No
2072,20,Female,Single,Sales,Sales Representative,4,Other,2,15659,24,2,Yes,Travel_Rarely,13,1,1,3,3,1,4,39,31,0,0,No
2073,39,Female,Single,Sales,Manager,1,Other,4,14359,22,2,Yes,Travel_Rarely,29,1,2,3,3,5,8,10,8,24,1,Yes
2074,19,Male,Married,Sales,Manager,2,Marketing,3,3105,12,2,No,Non-Travel,19,2,1,1,3,3,0,6,4,0,0,No
2075,41,Male,Married,Human Resources,Human Resources,2,Medical,2,12810,22,1,No,Travel_Rarely,15,3,1,3,3,3,8,25,25,24,0,No
2076,51,Male,Single,Research & Development,Research Scientist,4,Life Sciences,4,19601,18,2,No,Non-Travel,8,4,3,3,3,0,5,21,12,33,1,Yes
2077,44,Male,Married,Research & Development,Laboratory Technician,1,Life Sciences,2,17568,17,1,No,Travel_Rarely,23,2,2,1,3,5,3,24,10,23,1,Yes
2078,58,Male,Married,Research & Development,Healthcare Representative,1,Medical,4,8178,13,1,No,Non-Travel,21,3,3,2,3,2,9,18,5,37,1,Yes
2079,18,Female,Divorced,Sales,Sales Executive,1,Life Sciences,1,14297,23,0,No,Travel_Frequently,10,2,1,3,3,3,6,30,0,0,0,No
2080,25,Male,Married,Human Resources,Human Resources,1,Life Sciences,1,11703,14,2,Yes,Travel_Rarely,3,3,3,2,4,4,8,25,6,8,0,No
2081,40,Male,Single,Research & Development,Healthcare Representative,2,Human Resources,2,13200,23,2,Yes,Non-Travel,21,2,1,1,3,1,4,35,11,19,1,Yes
2082,55,Female,Divorced,Sales,Sales Representative,1,Other,2,19060,17,2,No,Travel_Rarely,3,3,1,1,3,4,4,22,21,37,0,No
2083,23,Male,Single,Research & Development,Manufacturing Director,2,Other,1,11746,14,0,No,Travel_Rarely,26,2,1,3,3,3,7,12,3,2,1,Yes
2084,39,Male,Married,Research & Development,Research Scientist,1,Life Sciences,3,19216,19,2,No,Travel_Rarely,5,3,2,1,3,3,6,24,22,19,0,No
2085,42,Female,Married,Human Resources,Human Resources,1,Human Resources,4,6156,17,1,Yes,Travel_Rarely,16,2,2,1,3,0,7,1,0,25,0,No
2086,35,Female,Single,Research & Development,Research Scientist,3,Life Sciences,3,18749,11,2,Yes,Travel_Rarely,17,4,2,1,3,0,9,1,0,14,0,No
2087,34,Female,Married,Research & Development,Healthcare Representative,3,Medical,3,7208,11,1,No,Travel_Rarely,6,4,3,3,3,5,1,15,3,19,0,No
2088,29,Female,Single,Sales,Manager,1,Medical,3,1555,14,1,Yes,Travel_Rarely,26,1,1,3,3,1,8,8,2,12,1,Yes
2089,23,Male,Divorced,Human Resources,Manager,2,Medical,1,6240,24,1,Yes,Travel_Rarely,20,3,3,3,3,5,2,27,0,2,0,No
2090,43,Female,Single,Sales,Sales Representative,1,Other,2,8974,24,1,No,Travel_Rarely,20,2,3,1,3,0,5,12,1,25,0,No
2091,44,Male,Married,Human Resources,Manager,3,Life Sciences,3,19476,23,2,Yes,Travel_Rarely,16,3,1,2,3,2,5,34,26,26,0,No
2092,25,Male,Married,Research & Development,Research Scientist,1,Medical,1,3049,19,0,No,Travel_Rarely,24,4,3,1,4,1,1,12,4,8,1,Yes
2093,36,Male,Single,Research & Development,Healthcare Representative,3,Life Sciences,4,2761,23,0,No,Non-Travel,2,3,1,3,3,2,6,30,14,20,0,No
2094,59,Male,Married,Research & Development,Healthcare Representative,1,Technical Degree,2,2858,14,1,Yes,Non-Travel,20,2,1,2,3,5,8,20,7,40,0,No
2095,18,Male,Divorced,Sales,Sales Representative,4,Medical,4,3651,23,2,No,Travel_Rarely,15,3,1,2,3,0,9,31,0,0,0,No
2096,46,Male,Married,Sales,Manager,1,Marketing,3,2609,15,0,No,Travel_Rarely,18,2,1,3,4,1,0,33,19,26,0,No
2097,52,Male,Married,Sales,Sales Representative,2,Marketing,2,14960,11,2,No,Travel_Rarely,1,4,3,2,3,5,7,7,5,36,1,Yes
2098,57,Male,Married,Sales,Sales Executive,3,Medical,3,12806,24,0,No,Travel_Rarely,26,4,3,2,3,3,1,1,1,38,1,Yes
2099,31,Female,Divorced,Research & Development,Research Scientist,4,Medical,2,18011,12,1,Yes,Travel_Rarely,29,4,3,3,3,5,0,37,4,14,0,No
2100,52,Female,Single,Research & Development,Healthcare Representative,3,Life Sciences,3,2141,21,1,No,Travel_Frequently,29,1,2,2,3,4,7,31,22,33,1,Yes
2101,37,Male,Married,Sales,Sales Representative,3,Medical,4,6500,14,1,Yes,Non-Travel,19,4,3,2,3,3,1,39,14,17,0,No
2102,30,Male,Single,Human Resources,Human Resources,2,Other,4,6804,22,0,No,Travel_Rarely,12,3,3,3,3,2,5,27,5,9,0,No
2103,55,Male,Divorced,Research & Development,Manufacturing Director,1,Technical Degree,3,11540,14,2,No,Travel_Rarely,8,1,2,2,3,3,5,36,32,36,0,No
2104,25,Male,Married,Human Resources,Human Resources,2,Life Sciences,2,11940,21,1,No,Travel_Rarely,6,4,1,2,3,5,4,0,0,8,0,No
2105,37,Female,Divorced,Human Resources,Manager,1,Life Sciences,4,8642,20,2,No,Travel_Rarely,12,3,1,2,3,3,7,9,6,20,0,No
2106,50,Male,Divorced,Sales,Manager,4,Medical,2,18880,16,2,Yes,Travel_Frequently,7,3,1,2,3,4,2,3,2,30,0,No
2107,43,Male,Single,Research & Development,Manufacturing Director,2,Marketing,2,6018,23,1,Yes,Travel_Rarely,18,3,2,3,3,5,9,34,12,28,1,Yes
2108,56,Male,Single,Research & Development,Research Scientist,2,Life Sciences,4,3122,16,0,No,Travel_Rarely,22,2,3,1,4,4,3,9,5,36,0,No
2109,38,Female,Single,Research & Development,Research Scientist,3,Marketing,1,2053,18,1,No,Travel_Rarely,14,1,3,1,4,3,6,10,7,23,0,No
2110,59,Male,Married,Sales,Sales Representative,2,Human Resources,1,14932,22,1,No,Travel_Rarely,8,3,3,2,3,4,6,13,6,41,0,No
2111,58,Female,Married,Research & Development,Research Scientist,1,Medical,2,3440,23,0,Yes,Travel_Rarely,24,2,3,3,3,3,7,37,9,40,0,No
2112,26,Male,Divorced,Sales,Sales Representative,2,Life Sciences,4,14935,19,2,No,Travel_Frequently,20,4,2,3,3,1,1,11,5,8,0,No
2113,41,Female,Married,Sales,Sales Executive,2,Human Resources,1,2591,24,0,Yes,Non-Travel,22,3,3,2,3,3,1,16,8,26,0,No
2114,54,Female,Married,Research & Development,Healthcare Representative,4,Medical,3,15383,11,0,No,Travel_Rarely,14,2,1,1,3,0,3,15,8,33,1,Yes
2115,58,Male,Divorced,Research & Development,Laboratory Technician,1,Life Sciences,2,2317,11,1,No,Travel_Rarely,5,3,2,2,3,4,9,34,16,41,0,No
2116,34,Female,Single,Research & Development,Healthcare Representative,3,Life Sciences,1,9802,16,0,No,Travel_Rarely,9,1,2,3,4,4,8,1,0,16,1,Yes
2117,41,Female,Single,Sales,Sales Representative,1,Medical,4,2629,14,0,Yes,Travel_Rarely,8,1,1,3,4,2,9,10,7,24,1,Yes
2118,38,Female,Married,Research & Development,Manufacturing Director,4,Medical,4,5775,21,0,No,Travel_Rarely,2,4,1,1,3,2,8,2,0,18,0,No
2119,56,Female,Married,Sales,Sales Representative,1,Medical,2,6201,14,2,No,Travel_Rarely,28,3,3,3,3,0,3,28,11,35,0,No
2120,58,Male,Divorced,Sales,Sales Representative,1,Life Sciences,4,7631,11,2,No,Travel_Rarely,16,2,1,3,4,4,8,17,13,38,0,No
2121,56,Male,Married,Research & Development,Laboratory Technician,2,Marketing,3,7102,19,1,No,Travel_Rarely,13,4,2,3,4,4,2,19,9,39,0,No
2122,30,Female,Married,Human Resources,Manager,2,Life Sciences,3,17493,22,1,No,Travel_Rarely,7,3,2,1,4,2,4,13,6,14,0,No
2123,28,Male,Married,Research & Development,Laboratory Technician,1,Life Sciences,1,1246,21,2,No,Non-Travel,16,4,2,3,3,2,9,33,18,13,0,No
2124,36,Female,Single,Research & Development,Manufacturing Director,1,Marketing,4,12119,13,0,No,Travel_Frequently,7,2,3,2,3,3,8,30,28,20,0,No
2125,28,Male,Single,Research & Development,Laboratory Technician,3,Technical Degree,3,7082,15,1,Yes,Travel_Frequently,27,4,3,1,3,5,5,39,1,10,0,No
2126,30,Male,Single,Research & Development,Healthcare Representative,4,Life Sciences,2,3551,20,1,No,Travel_Rarely,14,4,1,2,3,4,2,17,3,14,0,No
2127,18,Female,Single,Sales,Sales Representative,2,Life Sciences,4,16291,11,0,No,Non-Travel,14,4,3,2,3,4,9,29,18,0,0,No
2128,57,Female,Married,Research & Development,Laboratory Technician,2,Medical,1,11204,18,0,Yes,Travel_Rarely,12,3,3,1,3,3,8,24,6,42,0,No
2129,36,Male,Married,Research & Development,Healthcare Representative,2,Medical,2,2546,13,0,No,Travel_Rarely,1,2,2,2,4,4,5,18,14,20,1,Yes
2130,29,Male,Married,Sales,Sales Executive,2,Medical,2,18147,24,0,No,Travel_Rarely,1,1,2,1,4,0,3,7,6,10,0,No
2131,25,Female,Married,Research & Development,Research Scientist,1,Life Sciences,2,12569,11,0,No,Travel_Rarely,12,3,1,2,3,2,3,27,23,4,0,No
2132,25,Female,Single,Research & Development,Manufacturing Director,1,Life Sciences,3,14443,20,2,No,Travel_Rarely,20,1,2,1,4,2,7,7,5,8,0,No
2133,29,Female,Married,Sales,Sales Representative,3,Marketing,2,8405,16,0,No,Travel_Rarely,21,1,3,3,3,5,6,30,2,14,0,No
2134,50,Male,Married,Sales,Sales Representative,2,Medical,3,17933,11,1,No,Travel_Rarely,15,3,1,3,3,2,0,2,1,32,1,Yes
2135,43,Male,Divorced,Research & Development,Research Scientist,2,Technical Degree,2,6140,13,2,Yes,Non-Travel,4,3,1,2,3,1,5,2,2,23,0,No
2136,56,Female,Divorced,Sales,Sales Representative,1,Medical,3,9706,15,1,No,Non-Travel,7,2,2,3,3,0,7,21,15,35,0,No
2137,45,Male,Married,Research & Development,Manufacturing Director,3,Medical,4,18522,14,0,Yes,Travel_Frequently,16,2,2,1,3,0,2,16,1,27,1,Yes
2138,22,Male,Married,Research & Development,Healthcare Representative,1,Human Resources,3,11280,17,1,No,Travel_Rarely,3,4,2,2,3,3,8,35,30,2,0,No
2139,25,Male,Single,Research & Development,Laboratory Technician,2,Life Sciences,3,4154,16,0,No,Travel_Rarely,7,1,1,3,3,1,9,16,6,9,0,No
2140,42,Male,Single,Research & Development,Healthcare Representative,2,Medical,4,14109,22,1,No,Travel_Rarely,29,2,2,3,3,4,1,13,13,27,0,No
2141,44,Male,Divorced,Research & Development,Manufacturing Director,4,Life Sciences,2,5076,13,1,Yes,Travel_Rarely,24,4,3,2,4,5,5,8,6,27,1,Yes
2142,40,Male,Married,Sales,Sales Executive,4,Life Sciences,4,5204,21,0,No,Travel_Rarely,22,2,1,3,3,0,0,29,3,25,0,No
2143,47,Female,Married,Research & Development,Manufacturing Director,4,Life Sciences,2,10253,18,1,No,Non-Travel,6,3,2,3,3,1,1,20,19,28,0,No
2144,40,Male,Divorced,Research & Development,Manufacturing Director,3,Life Sciences,3,8290,18,2,Yes,Travel_Rarely,16,2,3,2,3,1,4,11,6,21,0,No
2145,37,Male,Married,Sales,Manager,1,Human Resources,2,3518,24,1,Yes,Non-Travel,24,1,3,3,3,0,0,36,3,22,1,Yes
2146,35,Male,Single,Research & Development,Manufacturing Director,2,Medical,3,16511,12,2,Yes,Travel_Rarely,8,2,2,3,3,3,7,31,31,19,1,Yes
2147,35,Female,Single,Research & Development,Healthcare Representative,2,Human Resources,2,7542,17,2,No,Travel_Rarely,23,1,3,3,3,1,0,10,4,18,0,No
2148,19,Female,Single,Research & Development,Manufacturing Director,3,Medical,3,18074,24,1,Yes,Non-Travel,22,3,1,3,3,2,8,19,18,0,1,Yes
2149,21,Male,Married,Research & Development,Manufacturing Director,2,Medical,3,15679,11,2,No,Non-Travel,6,1,1,2,3,1,9,34,25,4,0,No
2150,47,Male,Married,Research & Development,Manufacturing Director,2,Life Sciences,1,4941,12,2,No,Travel_Rarely,10,2,3,1,3,4,2,10,4,31,0,No
2151,50,Male,Divorced,Research & Development,Manufacturing Director,1,Medical,2,15604,18,1,No,Travel_Rarely,16,4,1,1,3,0,1,7,2,30,0,No
2152,53,Female,Married,Research & Development,Healthcare Representative,4,Medical,2,14050,22,0,Yes,Travel_Rarely,11,3,2,3,3,4,0,3,1,38,0,No
2153,35,Male,Single,Research & Development,Manufacturing Director,4,Life Sciences,1,6569,11,0,No,Travel_Rarely,13,2,3,3,4,3,8,26,18,20,0,No
2154,54,Male,Single,Research & Development,Research Scientist,3,Technical Degree,3,5025,12,2,No,Travel_Rarely,29,3,1,1,3,5,3,39,29,39,0,No
2155,36,Female,Married,Research & Development,Manufacturing Director,4,Life Sciences,3,1728,22,2,No,Travel_Rarely,6,3,2,3,3,2,0,37,2,21,0,No
2156,45,Female,Divorced,Research & Development,Manufacturing Director,4,Medical,1,1083,11,0,No,Travel_Rarely,24,2,2,1,4,0,0,29,26,24,1,Yes
2157,57,Male,Single,Sales,Sales Representative,3,Medical,1,14170,15,2,No,Non-Travel,1,2,1,2,3,1,6,26,25,38,0,No
2158,37,Male,Divorced,Research & Development,Laboratory Technician,3,Other,4,3158,17,0,No,Travel_Rarely,21,4,3,2,3,2,1,20,10,21,0,No
2159,50,Male,Single,Research & Development,Laboratory Technician,4,Life Sciences,3,15042,16,1,No,Travel_Rarely,19,3,2,2,4,1,6,19,6,30,0,No
2160,29,Male,Single,Sales,Manager,1,Medical,4,5216,16,2,No,Travel_Rarely,12,3,2,2,3,3,6,3,0,13,0,No
2161,32,Male,Divorced,Research & Development,Research Scientist,3,Medical,2,16052,16,1,Yes,Travel_Rarely,24,2,2,2,3,5,9,10,0,14,0,No
2162,58,Female,Single,Sales,Sales Executive,2,Life Sciences,4,10087,18,0,Yes,Travel_Rarely,27,1,2,2,4,0,8,12,8,40,1,Yes
2163,56,Male,Married,Sales,Sales Representative,3,Medical,1,12734,15,0,Yes,Non-Travel,6,2,3,1,4,3,6,8,8,38,0,No
2164,19,Female,Single,Research & Development,Laboratory Technician,2,Life Sciences,1,4945,20,1,No,Travel_Rarely,18,3,1,3,3,3,0,3,0,0,0,No
2165,46,Male,Divorced,Sales,Manager,3,Life Sciences,1,10316,17,2,No,Non-Travel,13,2,1,1,3,5,7,11,8,29,0,No
2166,58,Male,Divorced,Research & Development,Research Scientist,3,Life Sciences,1,18468,13,1,No,Non-Travel,7,4,1,2,3,3,7,8,5,37,0,No
2167,27,Female,Divorced,Research & Development,Research Scientist,4,Technical Degree,4,5624,19,1,No,Travel_Frequently,23,1,2,3,3,3,3,12,4,12,0,No
2168,19,Female,Single,Research & Development,Laboratory Technician,4,Life Sciences,4,8274,20,2,No,Travel_Rarely,13,2,3,3,3,1,7,25,2,0,1,Yes
2169,28,Female,Single,Sales,Sales Executive,4,Medical,4,11125,13,0,No,Travel_Rarely,21,4,1,2,3,4,3,37,26,8,0,No
2170,30,Male,Married,Sales,Sales Representative,1,Life Sciences,1,16742,24,1,No,Travel_Rarely,8,3,3,2,3,1,7,12,10,10,0,No
2171,27,Male,Single,Research & Development,Laboratory Technician,4,Life Sciences,1,14901,24,1,No,Travel_Rarely,21,2,1,2,4,5,4,38,7,9,0,No
2172,31,Male,Married,Human Resources,Manager,4,Life Sciences,3,5661,16,0,Yes,Travel_Rarely,17,3,2,2,4,2,3,27,19,10,0,No
2173,35,Male,Married,Research & Development,Healthcare Representative,3,Medical,3,11482,13,1,Yes,Travel_Rarely,9,4,1,2,4,5,5,18,9,17,0,No
2174,26,Male,Single,Sales,Manager,3,Life Sciences,1,10256,11,0,Yes,Travel_Rarely,20,3,2,2,4,5,1,23,12,6,0,No
2175,56,Female,Married,Research & Development,Laboratory Technician,1,Life Sciences,3,17934,11,2,No,Travel_Rarely,13,4,2,3,3,5,1,18,2,36,0,No
2176,45,Male,Divorced,Research & Development,Manufacturing Director,2,Technical Degree,2,3170,13,0,No,Travel_Rarely,2,4,1,2,3,5,1,12,12,30,0,No
2177,20,Female,Divorced,Research & Development,Healthcare Representative,3,Medical,2,19644,14,0,No,Travel_Rarely,4,4,3,2,3,3,8,12,5,3,0,No
2178,37,Male,Married,Sales,Sales Executive,3,Life Sciences,1,15597,24,1,Yes,Travel_Rarely,29,2,2,3,3,5,9,27,7,22,1,Yes
2179,23,Female,Married,Research & Development,Healthcare Representative,2,Medical,4,13070,12,0,No,Travel_Rarely,25,3,3,1,3,2,2,1,0,6,0,No
2180,44,Male,Single,Research & Development,Healthcare Representative,1,Life Sciences,2,7050,19,0,No,Travel_Frequently,2,3,1,2,3,5,9,9,8,29,0,No
2181,19,Male,Single,Human Resources,Manager,3,Medical,2,13682,21,1,No,Travel_Frequently,4,1,2,3,4,1,3,21,21,2,1,Yes
2182,46,Female,Married,Sales,Sales Executive,4,Life Sciences,4,2569,18,0,No,Travel_Rarely,18,1,3,3,3,3,9,12,4,28,0,No
2183,55,Male,Divorced,Research & Development,Healthcare Representative,1,Life Sciences,3,12963,22,1,No,Travel_Rarely,5,1,2,1,3,1,7,8,1,39,0,No
2184,20,Female,Single,Human Resources,Manager,2,Life Sciences,4,18557,23,2,No,Travel_Rarely,19,1,1,2,3,3,3,32,1,0,0,No
2185,33,Male,Single,Sales,Sales Representative,2,Life Sciences,3,16087,13,0,No,Travel_Rarely,10,3,2,2,3,1,9,13,1,16,0,No
2186,47,Female,Single,Human Resources,Manager,4,Technical Degree,3,6428,17,2,Yes,Non-Travel,18,4,1,2,3,0,9,19,2,28,0,No
2187,57,Female,Single,Research & Development,Manufacturing Director,4,Life Sciences,4,3731,14,0,Yes,Non-Travel,25,4,3,3,3,4,6,14,2,40,0,No
2188,19,Male,Single,Sales,Manager,4,Life Sciences,3,11559,15,0,No,Non-Travel,21,2,2,2,3,4,4,31,3,1,0,No
2189,34,Male,Married,Sales,Sales Executive,1,Medical,2,17863,14,2,No,Travel_Frequently,10,4,3,2,3,3,8,32,22,13,0,No
2190,58,Male,Married,Research & Development,Research Scientist,2,Medical,1,2477,19,2,No,Non-Travel,5,3,1,2,3,0,3,16,9,41,0,No
2191,29,Male,Single,Sales,Sales Representative,4,Life Sciences,3,1817,21,1,No,Non-Travel,17,3,1,2,3,2,2,23,10,14,0,No
2192,52,Male,Single,Research & Development,Laboratory Technician,4,Life Sciences,2,7728,17,1,No,Travel_Rarely,22,3,3,1,4,0,1,29,28,31,0,No
2193,18,Male,Married,Sales,Manager,2,Life Sciences,4,17372,23,2,No,Travel_Rarely,13,2,3,1,3,3,0,12,0,0,0,No
2194,32,Male,Married,Research & Development,Laboratory Technician,3,Life Sciences,3,11600,14,0,No,Travel_Frequently,23,1,1,1,4,0,5,15,9,12,0,No
2195,43,Female,Single,Sales,Manager,1,Life Sciences,2,6082,23,1,No,Travel_Rarely,17,4,3,2,3,2,9,1,1,28,1,Yes
2196,54,Male,Divorced,Research & Development,Research Scientist,3,Life Sciences,3,9021,18,0,No,Travel_Rarely,9,3,1,2,3,3,1,16,15,33,0,No
2197,38,Female,Married,Human Resources,Human Resources,4,Medical,4,19038,12,1,No,Travel_Frequently,24,3,3,3,3,4,7,31,19,22,0,No
2198,48,Male,Married,Human Resources,Manager,1,Other,1,14901,17,1,No,Non-Travel,12,1,1,3,3,5,5,7,4,31,0,No
2199,42,Female,Divorced,Research & Development,Healthcare Representative,3,Medical,3,9258,21,1,No,Travel_Frequently,14,3,1,3,3,0,4,2,1,27,1,Yes
2200,40,Male,Married,Sales,Sales Representative,2,Life Sciences,1,18522,11,2,Yes,Non-Travel,14,4,2,2,3,4,1,11,7,22,0,No
2201,41,Male,Divorced,Research & Development,Manufacturing Director,4,Medical,3,16156,18,0,No,Travel_Rarely,8,2,1,1,4,4,6,19,1,25,0,No
2202,55,Female,Divorced,Sales,Sales Representative,1,Medical,3,18746,23,2,No,Non-Travel,23,3,1,1,3,1,1,15,8,39,0,No
2203,45,Female,Single,Sales,Sales Representative,1,Technical Degree,4,1776,24,1,Yes,Travel_Frequently,5,4,2,1,3,2,4,13,13,27,1,Yes
2204,38,Male,Divorced,Sales,Manager,1,Medical,3,4904,22,2,No,Non-Travel,19,3,2,2,3,5,1,15,3,20,0,No
2205,35,Female,Single,Research & Development,Laboratory Technician,1,Medical,2,11209,24,2,No,Non-Travel,28,1,3,1,3,0,9,32,12,17,1,Yes
2206,53,Female,Single,Research & Development,Healthcare Representative,4,Life Sciences,2,8338,23,2,Yes,Travel_Rarely,14,3,3,3,3,4,1,29,3,37,0,No
2207,52,Female,Divorced,Research & Development,Manufacturing Director,4,Medical,1,16341,16,0,No,Non-Travel,9,3,1,3,3,4,6,11,2,31,0,No
2208,26,Male,Divorced,Research & Development,Manufacturing Director,2,Life Sciences,1,15630,22,2,Yes,Travel_Rarely,7,2,3,1,3,2,8,14,11,8,0,No
2209,55,Female,Married,Sales,Sales Representative,2,Life Sciences,2,12343,15,2,Yes,Travel_Rarely,27,1,3,3,3,5,4,17,7,35,1,Yes
2210,47,Female,Single,Human Resources,Human Resources,2,Life Sciences,1,19183,19,2,No,Travel_Rarely,26,1,1,1,3,5,6,27,1,31,0,No
2211,51,Male,Married,Research & Development,Healthcare Representative,3,Medical,1,1894,19,2,No,Travel_Rarely,26,2,2,1,3,4,3,22,5,35,0,No
2212,49,Male,Married,Research & Development,Healthcare Representative,2,Medical,2,8743,13,2,Yes,Travel_Frequently,8,3,2,3,3,4,1,13,5,33,0,No
2213,20,Male,Single,Sales,Sales Executive,4,Human Resources,2,4915,19,2,No,Travel_Rarely,14,4,1,3,3,4,2,29,9,1,1,Yes
2214,20,Male,Divorced,Research & Development,Research Scientist,3,Life Sciences,2,5501,23,2,No,Travel_Rarely,22,1,1,3,3,4,1,32,20,0,0,No
2215,45,Female,Married,Research & Development,Research Scientist,4,Life Sciences,4,10739,23,1,Yes,Travel_Rarely,28,1,1,3,3,1,4,14,9,24,1,Yes
2216,32,Female,Single,Sales,Sales Executive,3,Technical Degree,4,3082,19,2,Yes,Travel_Rarely,14,3,1,1,3,1,5,6,1,14,0,No
2217,58,Female,Single,Sales,Sales Representative,2,Other,2,17705,12,2,No,Travel_Rarely,11,3,1,3,3,5,6,14,6,42,0,No
2218,40,Male,Married,Research & Development,Research Scientist,2,Medical,3,7278,15,0,No,Travel_Rarely,14,1,1,3,3,3,2,37,2,25,0,No
2219,57,Male,Married,Research & Development,Research Scientist,2,Life Sciences,2,18203,21,1,No,Travel_Rarely,21,3,3,2,3,0,3,10,3,41,0,No
2220,28,Male,Single,Sales,Sales Executive,3,Medical,4,7850,12,2,No,Travel_Rarely,8,4,3,3,3,2,7,28,9,10,0,No
2221,49,Female,Married,Human Resources,Human Resources,4,Life Sciences,1,11964,11,0,No,Travel_Rarely,3,1,3,3,3,3,3,30,28,28,0,No
2222,53,Male,Single,Sales,Sales Representative,1,Technical Degree,3,3041,17,2,Yes,Travel_Rarely,28,4,2,1,3,1,6,24,8,35,1,Yes
2223,50,Male,Married,Research & Development,Research Scientist,4,Marketing,3,10708,14,2,No,Travel_Rarely,29,4,1,1,3,1,5,23,19,32,0,No
2224,41,Male,Married,Human Resources,Human Resources,2,Life Sciences,1,13746,15,2,No,Travel_Rarely,29,3,1,2,3,1,6,18,18,23,0,No
2225,56,Male,Single,Research & Development,Healthcare Representative,3,Technical Degree,3,11771,14,2,No,Travel_Rarely,23,4,3,3,3,3,0,1,1,38,0,No
2226,51,Male,Married,Research & Development,Manufacturing Director,3,Medical,1,8138,16,2,Yes,Travel_Rarely,18,3,2,3,3,1,2,21,1,33,1,Yes
2227,45,Male,Divorced,Research & Development,Laboratory Technician,2,Other,4,9797,21,0,Yes,Non-Travel,3,2,3,3,3,3,5,19,4,28,0,No
2228,54,Female,Married,Sales,Sales Representative,3,Other,3,3156,12,2,No,Travel_Rarely,13,3,1,3,3,1,2,32,19,37,0,No
2229,24,Male,Married,Human Resources,Manager,2,Life Sciences,3,1624,18,0,No,Travel_Rarely,12,4,1,3,3,4,6,7,4,8,0,No
2230,21,Female,Divorced,Research & Development,Healthcare Representative,4,Life Sciences,1,1956,14,2,Yes,Travel_Rarely,15,2,3,3,3,4,8,24,7,5,1,Yes
2231,54,Male,Divorced,Research & Development,Research Scientist,3,Medical,1,6686,18,0,No,Travel_Rarely,18,3,3,2,3,0,2,8,6,39,0,No
2232,18,Female,Single,Sales,Sales Representative,1,Other,4,8875,13,1,Yes,Travel_Rarely,5,4,1,3,3,1,0,33,5,3,0,No
2233,18,Male,Married,Sales,Sales Executive,3,Other,1,3022,22,2,No,Travel_Frequently,7,1,3,3,3,0,9,22,10,1,0,No
2234,37,Female,Single,Sales,Sales Representative,2,Medical,1,17883,22,1,No,Travel_Rarely,11,1,1,3,3,3,5,4,3,16,0,No
2235,36,Female,Single,Research & Development,Healthcare Representative,1,Life Sciences,4,19821,21,1,No,Travel_Rarely,26,3,3,2,3,0,0,24,17,17,0,No
2236,46,Male,Single,Research & Development,Manufacturing Director,2,Life Sciences,2,5996,15,1,No,Travel_Rarely,27,3,2,3,3,1,0,7,2,25,0,No
2237,27,Female,Divorced,Research & Development,Manufacturing Director,3,Marketing,2,9742,22,2,No,Travel_Rarely,11,1,1,2,3,3,7,15,9,12,0,No
2238,35,Male,Married,Research & Development,Healthcare Representative,1,Medical,1,10488,13,1,No,Travel_Rarely,27,4,2,1,3,3,8,14,8,19,0,No
2239,45,Female,Single,Human Resources,Human Resources,1,Medical,4,10834,22,0,No,Travel_Rarely,15,4,3,3,4,4,1,0,0,28,0,No
2240,52,Male,Single,Sales,Sales Representative,3,Medical,2,3935,23,2,No,Travel_Frequently,10,4,2,2,3,3,8,21,20,31,0,No
2241,48,Female,Divorced,Research & Development,Manufacturing Director,1,Marketing,4,8291,17,1,No,Travel_Rarely,15,3,3,1,3,3,4,2,1,29,1,Yes
2242,44,Female,Married,Research & Development,Healthcare Representative,4,Technical Degree,1,16644,13,2,Yes,Non-Travel,13,2,2,2,3,0,7,37,2,26,1,Yes
2243,28,Male,Single,Research & Development,Research Scientist,1,Life Sciences,1,16856,22,1,Yes,Travel_Rarely,14,2,2,2,3,5,6,13,1,8,0,No
2244,55,Male,Divorced,Research & Development,Manufacturing Director,1,Life Sciences,4,10499,18,0,No,Travel_Rarely,17,2,2,1,3,3,6,35,23,38,1,Yes
2245,22,Female,Married,Research & Development,Healthcare Representative,4,Medical,3,7995,19,2,No,Travel_Rarely,13,2,1,3,3,2,3,17,14,5,0,No
2246,25,Female,Single,Research & Development,Laboratory Technician,2,Human Resources,1,7871,23,2,No,Travel_Rarely,10,2,2,3,3,5,1,17,5,6,0,No
2247,51,Female,Married,Sales,Sales Executive,2,Life Sciences,1,13168,22,1,Yes,Non-Travel,25,3,3,2,4,4,4,2,1,33,0,No
2248,29,Male,Divorced,Sales,Manager,4,Life Sciences,1,5432,12,0,No,Travel_Rarely,1,3,3,1,3,4,2,9,6,11,1,Yes
2249,55,Male,Divorced,Human Resources,Manager,1,Life Sciences,1,11459,13,2,No,Travel_Rarely,1,2,1,3,3,3,8,38,16,35,0,No
2250,18,Male,Single,Research & Development,Research Scientist,3,Life Sciences,4,9168,22,1,No,Non-Travel,15,3,1,2,3,0,5,0,0,0,0,No
2251,48,Male,Single,Research & Development,Healthcare Representative,4,Life Sciences,4,3082,23,0,No,Travel_Rarely,16,3,3,1,4,5,0,26,0,29,0,No
2252,21,Male,Single,Research & Development,Manufacturing Director,3,Medical,4,18094,17,0,No,Non-Travel,12,2,2,2,3,4,2,26,25,5,0,No
2253,22,Male,Married,Sales,Manager,2,Life Sciences,4,11120,15,0,No,Travel_Rarely,26,4,3,1,3,4,3,10,1,4,0,No
2254,47,Male,Married,Sales,Sales Executive,4,Medical,3,7834,20,0,No,Travel_Rarely,24,3,1,3,3,2,8,4,1,31,0,No
2255,41,Male,Single,Research & Development,Laboratory Technician,3,Life Sciences,4,11661,17,2,Yes,Travel_Rarely,6,4,1,3,3,3,5,6,6,26,1,Yes
2256,20,Male,Married,Research & Development,Research Scientist,1,Life Sciences,4,13463,12,2,No,Non-Travel,6,3,3,2,3,5,3,18,18,5,0,No
2257,28,Female,Married,Sales,Manager,4,Medical,1,8977,24,0,No,Travel_Rarely,12,3,2,3,3,4,0,28,27,12,0,No
2258,21,Male,Married,Research & Development,Manufacturing Director,3,Medical,3,13525,24,1,No,Travel_Rarely,25,2,2,3,3,4,7,14,0,2,0,No
2259,43,Male,Divorced,Sales,Manager,4,Life Sciences,1,15299,14,1,Yes,Travel_Rarely,15,3,1,1,3,4,1,34,30,26,1,Yes
2260,44,Male,Married,Research & Development,Laboratory Technician,4,Technical Degree,3,8785,11,0,No,Travel_Rarely,4,1,3,3,3,4,7,36,34,27,0,No
2261,44,Male,Married,Sales,Manager,2,Life Sciences,2,9567,15,0,No,Travel_Frequently,24,1,3,1,3,0,5,11,0,27,0,No
2262,59,Female,Married,Research & Development,Manufacturing Director,2,Life Sciences,3,9728,18,1,Yes,Travel_Frequently,4,2,1,1,3,1,7,29,7,38,0,No
2263,23,Male,Divorced,Sales,Sales Executive,1,Medical,3,5895,11,0,No,Non-Travel,2,4,3,2,3,2,5,19,11,6,0,No
2264,32,Female,Single,Research & Development,Manufacturing Director,2,Technical Degree,1,5628,17,0,No,Non-Travel,27,4,1,1,3,0,4,36,18,13,1,Yes
2265,47,Male,Divorced,Sales,Sales Executive,2,Medical,3,14965,17,2,No,Travel_Rarely,24,4,2,3,3,2,4,2,0,27,0,No
2266,59,Female,Single,Sales,Manager,2,Life Sciences,3,11354,17,2,No,Travel_Rarely,12,1,2,1,3,4,9,8,8,44,0,No
2267,54,Male,Single,Research & Development,Research Scientist,3,Medical,1,7884,11,0,Yes,Travel_Rarely,7,4,3,1,3,2,9,38,31,36,1,Yes
2268,54,Male,Single,Research & Development,Research Scientist,4,Life Sciences,2,11109,22,0,No,Travel_Rarely,20,4,2,2,3,3,7,25,11,37,0,No
2269,59,Female,Divorced,Research & Development,Healthcare Representative,2,Marketing,2,8865,21,2,Yes,Non-Travel,9,2,2,3,4,3,6,1,0,38,0,No
2270,54,Male,Married,Sales,Sales Executive,3,Life Sciences,2,6410,13,0,No,Travel_Rarely,9,4,1,3,3,1,7,22,12,39,1,Yes
2271,52,Female,Single,Research & Development,Research Scientist,4,Technical Degree,3,4031,21,2,No,Travel_Rarely,8,1,1,3,3,1,7,22,0,37,0,No
2272,40,Male,Divorced,Research & Development,Laboratory Technician,2,Life Sciences,1,12684,12,2,No,Travel_Frequently,14,1,3,1,3,2,6,20,18,24,0,No
2273,23,Female,Married,Research & Development,Manufacturing Director,2,Other,2,11921,15,1,Yes,Travel_Rarely,1,1,1,3,3,0,1,15,5,2,0,No
2274,21,Female,Divorced,Sales,Sales Representative,4,Life Sciences,2,6747,12,2,No,Travel_Rarely,23,2,3,3,3,0,8,8,7,2,0,No
2275,35,Female,Single,Research & Development,Manufacturing Director,3,Technical Degree,2,16135,23,1,No,Travel_Rarely,21,2,3,1,3,4,6,12,3,15,0,No
2276,26,Male,Single,Sales,Sales Executive,3,Life Sciences,2,2779,24,1,No,Travel_Rarely,23,3,1,2,3,0,5,27,4,9,1,Yes
2277,46,Male,Married,Sales,Manager,1,Life Sciences,1,13314,15,2,No,Non-Travel,12,4,2,2,4,1,8,26,24,29,0,No
2278,30,Female,Married,Human Resources,Human Resources,4,Life Sciences,2,10978,15,0,No,Travel_Rarely,25,2,2,1,3,0,0,16,6,9,0,No
2279,34,Female,Married,Sales,Manager,1,Technical Degree,3,13413,14,2,No,Non-Travel,2,1,2,2,3,4,1,37,22,15,0,No
2280,49,Male,Married,Research & Development,Research Scientist,3,Life Sciences,3,9998,21,1,No,Non-Travel,13,1,2,2,4,3,0,35,3,28,0,No
2281,39,Male,Married,Research & Development,Manufacturing Director,2,Life Sciences,1,4224,17,2,Yes,Non-Travel,27,2,3,2,4,0,9,0,0,18,1,Yes
2282,21,Male,Single,Research & Development,Manufacturing Director,1,Life Sciences,4,12989,20,2,Yes,Non-Travel,4,2,2,3,3,0,2,17,3,1,0,No
2283,22,Female,Married,Research & Development,Manufacturing Director,3,Other,2,7703,16,1,No,Travel_Rarely,20,2,3,2,3,1,4,8,4,3,0,No
2284,54,Male,Married,Sales,Sales Executive,3,Life Sciences,2,18145,12,2,No,Travel_Frequently,18,3,1,3,3,2,0,12,4,34,0,No
2285,58,Male,Single,Sales,Manager,2,Life Sciences,3,11670,14,2,No,Travel_Rarely,19,1,1,2,3,3,3,39,1,39,0,No
2286,30,Female,Single,Research & Development,Research Scientist,4,Other,1,2401,23,1,No,Travel_Rarely,16,3,3,3,3,2,7,14,10,13,0,No
2287,51,Female,Divorced,Sales,Sales Representative,3,Human Resources,4,7798,24,0,Yes,Non-Travel,27,3,2,1,3,4,5,3,2,33,1,Yes
2288,39,Female,Divorced,Research & Development,Manufacturing Director,1,Life Sciences,3,15394,21,1,No,Travel_Rarely,14,4,3,1,3,4,0,32,15,23,0,No
2289,40,Male,Single,Sales,Sales Executive,2,Technical Degree,4,18070,17,1,Yes,Non-Travel,29,1,2,2,3,2,0,23,16,22,0,No
2290,20,Male,Single,Sales,Sales Executive,4,Life Sciences,1,1114,19,2,Yes,Travel_Rarely,8,1,2,3,3,1,2,35,19,5,1,Yes
2291,59,Female,Single,Research & Development,Research Scientist,4,Life Sciences,1,12488,19,1,No,Non-Travel,12,2,3,1,3,5,9,9,9,40,1,Yes
2292,51,Female,Divorced,Sales,Sales Representative,4,Technical Degree,1,2955,22,2,Yes,Travel_Rarely,9,2,3,1,3,1,7,35,22,33,0,No
2293,49,Female,Married,Research & Development,Research Scientist,3,Marketing,3,6553,13,2,No,Non-Travel,6,4,2,1,3,5,7,19,1,28,0,No
2294,38,Female,Divorced,Research & Development,Healthcare Representative,4,Life Sciences,1,18488,11,2,Yes,Travel_Frequently,26,3,3,1,3,5,2,10,10,21,1,Yes
2295,38,Male,Divorced,Research & Development,Laboratory Technician,3,Life Sciences,3,14284,19,1,No,Travel_Rarely,18,2,2,2,3,1,6,11,1,22,0,No
2296,28,Female,Married,Sales,Sales Representative,2,Life Sciences,3,7994,18,1,No,Travel_Rarely,2,2,3,3,3,5,2,17,0,12,0,No
2297,56,Male,Single,Sales,Sales Executive,2,Marketing,2,2791,17,2,Yes,Travel_Frequently,23,1,1,1,3,5,3,29,25,41,1,Yes
2298,21,Male,Married,Sales,Manager,4,Other,3,7222,16,0,No,Travel_Rarely,8,1,2,2,3,5,8,36,1,5,0,No
2299,18,Female,Single,Research & Development,Healthcare Representative,2,Life Sciences,3,15494,24,0,No,Travel_Frequently,24,2,1,1,3,3,3,19,8,1,1,Yes
2300,45,Male,Single,Research & Development,Healthcare Representative,1,Technical Degree,2,16614,20,1,No,Non-Travel,14,1,3,1,3,4,2,24,21,27,0,No
2301,41,Male,Single,Sales,Sales Representative,1,Life Sciences,4,5878,17,2,Yes,Travel_Rarely,6,4,1,1,3,5,4,11,9,25,0,No
2302,52,Male,Married,Human Resources,Human Resources,3,Medical,2,18954,21,2,No,Travel_Rarely,10,2,3,1,3,4,6,20,1,36,0,No
2303,30,Male,Married,Sales,Sales Representative,4,Life Sciences,2,10876,19,1,No,Travel_Rarely,8,1,2,2,3,4,4,24,14,11,0,No
2304,51,Female,Single,Research & Development,Healthcare Representative,3,Medical,1,4990,16,0,No,Travel_Rarely,17,4,3,3,3,3,3,10,9,30,0,No
2305,28,Female,Married,Research & Development,Research Scientist,2,Life Sciences,1,10502,24,1,No,Travel_Frequently,25,1,3,2,3,4,7,8,8,9,0,No
2306,53,Male,Single,Research & Development,Healthcare Representative,4,Human Resources,2,6691,24,1,No,Travel_Frequently,29,1,2,2,3,2,3,24,22,35,0,No
2307,34,Male,Married,Research & Development,Research Scientist,3,Life Sciences,1,6791,20,2,No,Non-Travel,12,1,3,2,3,0,1,34,16,17,0,No
2308,52,Male,Married,Research & Development,Laboratory Technician,4,Life Sciences,2,18336,13,1,No,Travel_Rarely,17,2,2,1,3,3,9,31,27,35,1,Yes
2309,35,Male,Single,Sales,Sales Executive,4,Technical Degree,1,10146,23,0,No,Travel_Rarely,13,3,3,3,3,0,5,13,8,16,1,Yes
2310,57,Female,Married,Research & Development,Laboratory Technician,3,Medical,3,17993,24,1,No,Travel_Rarely,19,1,2,1,3,2,1,0,0,37,0,No
2311,39,Male,Married,Sales,Sales Executive,4,Life Sciences,1,14021,13,2,No,Non-Travel,12,4,1,2,3,1,2,16,3,20,0,No
2312,41,Female,Single,Research & Development,Manufacturing Director,2,Medical,1,2533,14,0,No,Travel_Rarely,16,2,3,1,3,1,0,24,8,21,0,No
2313,36,Male,Single,Research & Development,Manufacturing Director,1,Technical Degree,3,17643,20,2,No,Travel_Rarely,25,2,3,3,4,5,4,7,7,21,1,Yes
2314,54,Male,Divorced,Research & Development,Laboratory Technician,1,Medical,2,1087,23,1,Yes,Travel_Rarely,27,4,3,3,4,1,8,4,3,35,0,No
2315,56,Male,Single,Research & Development,Laboratory Technician,4,Life Sciences,1,4132,24,1,No,Travel_Rarely,5,1,2,1,3,3,1,4,2,36,1,Yes
2316,38,Male,Married,Research & Development,Laboratory Technician,1,Life Sciences,1,8073,24,1,No,Travel_Rarely,25,3,3,2,3,1,6,34,32,18,0,No
2317,25,Female,Divorced,Research & Development,Laboratory Technician,4,Other,3,14077,20,2,No,Travel_Rarely,16,1,2,1,3,3,4,18,5,9,0,No
2318,45,Male,Single,Research & Development,Healthcare Representative,3,Life Sciences,3,9426,18,1,No,Travel_Frequently,25,4,3,2,4,3,1,22,9,30,1,Yes
2319,22,Male,Single,Sales,Manager,2,Life Sciences,3,14371,20,0,No,Travel_Rarely,6,2,1,3,3,0,7,8,3,6,0,No
2320,34,Female,Divorced,Sales,Sales Representative,1,Medical,4,2218,19,0,No,Travel_Rarely,11,3,3,1,3,1,5,29,21,14,0,No
2321,54,Female,Single,Sales,Sales Executive,3,Life Sciences,3,6162,24,2,Yes,Travel_Rarely,17,2,1,3,3,4,3,15,5,34,0,No
2322,53,Male,Married,Sales,Sales Executive,2,Life Sciences,2,5907,18,2,No,Non-Travel,26,4,2,2,3,1,3,32,12,32,0,No
2323,36,Female,Married,Research & Development,Healthcare Representative,1,Other,1,19571,21,2,No,Travel_Frequently,23,1,1,2,3,1,1,1,1,16,0,No
2324,44,Male,Divorced,Sales,Sales Representative,1,Life Sciences,1,11880,20,1,No,Travel_Rarely,14,3,3,1,3,1,2,13,3,28,0,No
2325,51,Female,Divorced,Human Resources,Human Resources,2,Marketing,4,8619,12,0,No,Travel_Frequently,6,2,3,1,3,5,6,0,0,31,1,Yes
2326,28,Male,Divorced,Sales,Sales Representative,3,Technical Degree,1,12086,14,0,No,Travel_Rarely,25,2,2,1,3,4,2,25,5,11,0,No
2327,29,Female,Married,Sales,Sales Executive,3,Life Sciences,1,16800,14,0,No,Travel_Rarely,23,2,3,3,4,4,4,24,10,8,0,No
2328,38,Male,Divorced,Research & Development,Healthcare Representative,1,Life Sciences,2,3553,22,2,Yes,Travel_Rarely,28,1,3,2,3,3,9,15,7,18,0,No
2329,28,Male,Divorced,Research & Development,Research Scientist,2,Human Resources,1,6531,12,2,Yes,Travel_Rarely,11,3,2,2,3,4,5,14,12,12,0,No
2330,56,Female,Divorced,Research & Development,Laboratory Technician,3,Marketing,2,3379,23,1,Yes,Travel_Rarely,12,1,2,3,3,3,5,25,2,40,0,No
2331,45,Female,Married,Research & Development,Laboratory Technician,2,Life Sciences,4,5719,18,2,No,Travel_Rarely,13,1,1,1,3,0,3,15,3,27,0,No
2332,22,Female,Single,Research & Development,Healthcare Representative,2,Life Sciences,2,1337,13,0,No,Travel_Rarely,4,1,2,1,3,3,5,13,9,6,0,No
2333,34,Female,Married,Sales,Manager,1,Medical,3,14692,12,1,No,Travel_Rarely,7,4,3,3,3,1,2,28,28,13,0,No
2334,37,Male,Single,Human Resources,Manager,2,Medical,3,6588,17,2,No,Travel_Rarely,2,4,2,2,3,2,6,23,0,21,0,No
2335,58,Male,Single,Human Resources,Human Resources,2,Medical,4,14131,11,2,No,Travel_Rarely,6,4,3,2,3,2,6,14,3,41,0,No
2336,29,Female,Single,Research & Development,Laboratory Technician,4,Other,1,7803,16,0,No,Travel_Rarely,6,3,1,2,3,5,3,18,10,10,0,No
2337,23,Female,Divorced,Sales,Sales Executive,2,Medical,2,1129,23,1,No,Travel_Rarely,18,1,2,2,4,1,1,7,1,6,0,No
2338,34,Male,Married,Research & Development,Manufacturing Director,3,Technical Degree,3,7758,23,2,No,Non-Travel,20,1,3,3,3,3,6,33,11,19,1,Yes
2339,36,Male,Married,Sales,Sales Executive,1,Medical,2,14772,13,2,No,Non-Travel,8,4,2,2,3,1,2,1,1,19,0,No
2340,43,Male,Married,Sales,Sales Representative,1,Life Sciences,3,18357,23,1,No,Travel_Rarely,8,1,2,3,3,5,0,26,24,22,0,No
2341,49,Female,Single,Sales,Sales Representative,2,Marketing,2,16459,13,1,Yes,Travel_Rarely,29,1,2,1,3,4,1,9,7,28,1,Yes
2342,23,Male,Married,Research & Development,Laboratory Technician,2,Medical,1,4684,15,2,No,Travel_Rarely,8,2,2,3,3,3,9,34,3,5,0,No
2343,53,Male,Married,Research & Development,Laboratory Technician,3,Life Sciences,4,19469,24,2,Yes,Travel_Rarely,8,1,1,2,3,1,8,22,6,37,0,No
2344,55,Male,Divorced,Research & Development,Manufacturing Director,4,Life Sciences,1,6652,13,0,No,Travel_Rarely,1,2,3,1,3,4,7,7,1,37,0,No
2345,28,Female,Single,Research & Development,Healthcare Representative,1,Medical,2,12569,22,1,No,Travel_Frequently,2,1,2,3,3,5,5,27,18,7,0,No
2346,50,Female,Single,Research & Development,Manufacturing Director,4,Medical,3,18709,14,2,No,Travel_Frequently,12,3,3,3,3,4,5,22,3,34,0,No
2347,41,Female,Married,Sales,Sales Representative,3,Other,3,18589,23,2,Yes,Non-Travel,15,4,1,3,3,3,0,3,1,20,0,No
2348,40,Female,Single,Research & Development,Research Scientist,1,Technical Degree,4,16392,23,2,No,Travel_Rarely,4,2,3,1,4,5,1,13,9,19,0,No
2349,32,Male,Single,Human Resources,Human Resources,3,Life Sciences,1,4179,13,2,Yes,Travel_Rarely,28,4,3,3,3,5,3,28,20,13,0,No
2350,44,Male,Single,Sales,Sales Executive,2,Marketing,1,1364,17,0,No,Travel_Rarely,25,2,1,2,3,5,2,0,0,27,0,No
2351,28,Female,Married,Research & Development,Laboratory Technician,3,Life Sciences,1,10727,13,1,Yes,Travel_Rarely,3,2,2,1,3,0,0,3,1,10,1,Yes
2352,34,Male,Single,Research & Development,Manufacturing Director,2,Life Sciences,3,1037,24,2,No,Travel_Rarely,14,2,3,1,3,5,7,31,13,16,1,Yes
2353,31,Male,Married,Research & Development,Manufacturing Director,4,Life Sciences,4,15840,20,1,No,Travel_Frequently,22,3,3,3,3,0,6,32,15,11,0,No
2354,44,Female,Divorced,Research & Development,Manufacturing Director,1,Medical,3,18406,14,1,No,Travel_Rarely,23,1,2,2,4,4,3,25,21,29,1,Yes
2355,35,Female,Divorced,Research & Development,Research Scientist,1,Life Sciences,1,11903,12,2,Yes,Non-Travel,8,2,2,1,3,0,8,16,10,16,0,No
2356,45,Female,Married,Research & Development,Laboratory Technician,4,Life Sciences,2,10028,12,2,Yes,Travel_Rarely,13,3,3,3,3,4,3,38,16,24,0,No
2357,21,Female,Married,Human Resources,Manager,2,Life Sciences,3,13647,19,2,No,Non-Travel,23,2,1,2,3,0,0,22,13,0,0,No
2358,24,Male,Single,Research & Development,Healthcare Representative,1,Life Sciences,4,15898,21,0,No,Travel_Rarely,19,1,2,3,3,4,9,31,21,5,0,No
2359,52,Female,Single,Sales,Sales Representative,3,Other,1,3033,11,2,No,Travel_Rarely,22,2,2,3,3,4,0,14,3,36,0,No
2360,26,Male,Single,Research & Development,Manufacturing Director,2,Other,2,6848,11,1,Yes,Travel_Rarely,5,3,1,1,3,5,0,12,2,8,1,Yes
2361,25,Female,Married,Human Resources,Manager,1,Marketing,3,14512,20,1,No,Non-Travel,13,1,3,1,3,5,0,1,1,4,0,No
2362,34,Male,Married,Sales,Manager,3,Medical,2,11312,11,0,Yes,Travel_Rarely,28,3,2,3,4,4,3,18,6,19,0,No
2363,34,Male,Divorced,Research & Development,Laboratory Technician,3,Marketing,2,18147,24,2,Yes,Travel_Rarely,26,1,3,1,3,5,0,23,8,14,0,No
2364,50,Female,Divorced,Research & Development,Research Scientist,1,Marketing,4,18631,13,2,No,Travel_Rarely,20,1,3,1,3,4,1,23,18,32,0,No
2365,49,Male,Single,Research & Development,Manufacturing Director,4,Marketing,3,2915,12,0,No,Travel_Rarely,1,4,3,2,3,5,3,10,5,32,0,No
2366,25,Female,Married,Sales,Sales Executive,4,Life Sciences,4,8408,13,0,Yes,Travel_Frequently,16,4,1,2,3,2,6,21,15,10,1,Yes
2367,36,Male,Single,Research & Development,Research Scientist,1,Life Sciences,1,8970,24,2,Yes,Travel_Rarely,29,4,3,3,3,0,1,14,1,17,1,Yes
2368,55,Male,Married,Human Resources,Manager,3,Life Sciences,2,13040,15,2,Yes,Travel_Rarely,23,1,3,3,3,4,7,9,6,37,0,No
2369,20,Male,Single,Sales,Sales Representative,4,Life Sciences,4,16137,19,1,No,Travel_Rarely,24,2,2,3,3,1,6,26,20,3,1,Yes
2370,22,Female,Divorced,Sales,Sales Executive,4,Life Sciences,4,16672,12,2,No,Non-Travel,2,3,2,3,3,5,8,8,4,2,0,No
2371,30,Male,Divorced,Human Resources,Human Resources,4,Technical Degree,1,2469,22,2,Yes,Travel_Rarely,7,3,1,2,3,5,5,27,10,14,0,No
2372,48,Male,Single,Sales,Sales Representative,2,Marketing,3,16691,21,1,Yes,Travel_Rarely,6,3,1,1,3,3,3,0,0,29,1,Yes
2373,33,Female,Divorced,Research & Development,Manufacturing Director,4,Life Sciences,4,16202,24,1,No,Travel_Frequently,5,4,2,2,3,1,5,16,6,17,0,No
2374,49,Male,Married,Research & Development,Research Scientist,1,Life Sciences,2,18809,11,1,No,Travel_Frequently,29,1,2,3,4,1,3,30,8,34,0,No
2375,39,Male,Married,Sales,Manager,1,Medical,2,12054,21,1,No,Travel_Rarely,4,4,1,3,3,2,6,9,3,18,1,Yes
2376,46,Female,Married,Research & Development,Research Scientist,2,Life Sciences,2,8775,16,0,Yes,Travel_Frequently,2,2,3,2,3,0,8,36,24,30,0,No
2377,39,Male,Married,Research & Development,Laboratory Technician,2,Life Sciences,2,18821,13,1,Yes,Travel_Frequently,10,1,1,2,3,2,2,28,12,18,0,No
2378,20,Male,Divorced,Research & Development,Manufacturing Director,1,Technical Degree,4,5387,23,0,No,Travel_Rarely,22,3,3,3,3,0,2,17,3,5,0,No
2379,27,Female,Married,Research & Development,Laboratory Technician,2,Medical,2,8538,17,1,No,Travel_Rarely,5,4,2,1,3,4,1,37,33,10,0,No
2380,59,Female,Married,Research & Development,Research Scientist,4,Technical Degree,4,4080,16,1,Yes,Travel_Rarely,18,4,2,3,3,2,0,38,8,41,0,No
2381,38,Female,Divorced,Sales,Sales Representative,3,Technical Degree,3,17948,21,1,No,Travel_Rarely,10,2,2,2,4,3,0,5,3,18,0,No
2382,33,Female,Divorced,Research & Development,Manufacturing Director,3,Human Resources,2,18956,17,2,Yes,Travel_Rarely,23,2,3,3,4,0,2,39,1,16,0,No
2383,29,Male,Single,Human Resources,Manager,3,Life Sciences,3,12701,23,0,No,Non-Travel,22,4,1,3,3,2,6,11,5,9,0,No
2384,19,Female,Single,Sales,Sales Representative,1,Life Sciences,4,2049,23,1,No,Travel_Rarely,28,2,3,1,3,3,8,13,4,3,1,Yes
2385,58,Female,Married,Research & Development,Manufacturing Director,2,Life Sciences,1,3695,15,2,Yes,Travel_Frequently,15,3,1,3,3,1,1,9,4,38,1,Yes
2386,41,Female,Divorced,Sales,Sales Representative,3,Life Sciences,3,13675,11,0,No,Travel_Rarely,27,2,1,3,3,5,6,19,19,25,0,No
2387,52,Male,Single,Research & Development,Laboratory Technician,4,Medical,2,3562,24,0,No,Travel_Rarely,9,2,1,3,3,4,0,14,5,32,0,No
2388,47,Female,Married,Sales,Manager,4,Technical Degree,1,2788,13,2,No,Travel_Rarely,11,4,2,2,3,4,1,30,4,28,0,No
2389,47,Male,Single,Human Resources,Human Resources,4,Other,3,14195,13,0,No,Travel_Rarely,26,4,1,2,3,1,5,6,2,30,0,No
2390,52,Female,Married,Research & Development,Manufacturing Director,2,Technical Degree,4,17468,17,2,Yes,Travel_Rarely,21,1,2,1,3,2,4,9,3,33,0,No
2391,36,Male,Divorced,Sales,Sales Executive,3,Medical,4,6066,24,1,No,Non-Travel,25,1,1,3,3,5,7,9,8,18,0,No
2392,25,Female,Married,Sales,Sales Representative,4,Medical,4,19742,23,2,Yes,Travel_Rarely,25,4,1,2,3,1,1,38,28,7,0,No
2393,43,Female,Married,Sales,Manager,2,Life Sciences,3,3271,13,0,No,Travel_Rarely,29,2,2,1,3,3,0,27,21,22,0,No
2394,57,Male,Divorced,Research & Development,Healthcare Representative,4,Life Sciences,4,11317,21,0,No,Travel_Rarely,17,2,2,3,3,5,6,29,26,36,0,No
2395,24,Female,Single,Sales,Sales Executive,3,Technical Degree,3,17785,15,1,No,Travel_Rarely,21,1,3,1,3,0,5,36,9,3,1,Yes
2396,47,Male,Divorced,Research & Development,Research Scientist,3,Life Sciences,2,18501,14,2,Yes,Travel_Rarely,9,1,1,1,3,2,7,2,1,32,0,No
2397,24,Female,Married,Research & Development,Healthcare Representative,3,Medical,2,6197,14,1,No,Travel_Rarely,23,1,2,1,3,5,7,14,12,6,0,No
2398,20,Male,Married,Sales,Manager,3,Technical Degree,3,9811,23,2,No,Travel_Frequently,16,3,3,1,3,0,1,20,9,0,0,No
2399,18,Female,Married,Research & Development,Healthcare Representative,3,Life Sciences,3,6066,17,2,No,Travel_Rarely,6,3,3,1,3,1,7,36,9,2,0,No
2400,53,Male,Married,Research & Development,Manufacturing Director,4,Other,1,5007,11,2,Yes,Travel_Rarely,22,1,2,1,3,4,5,11,5,38,0,No
2401,42,Male,Divorced,Sales,Manager,3,Life Sciences,4,9873,17,1,Yes,Non-Travel,11,2,1,1,3,5,8,3,1,22,1,Yes
2402,54,Male,Divorced,Sales,Sales Executive,4,Technical Degree,2,4686,18,1,No,Travel_Rarely,23,1,3,3,3,5,6,8,0,37,1,Yes
2403,18,Female,Divorced,Sales,Sales Executive,3,Life Sciences,2,6805,13,0,No,Travel_Rarely,17,3,1,3,3,0,1,38,4,0,0,No
2404,32,Female,Single,Research & Development,Laboratory Technician,4,Life Sciences,1,15459,13,1,Yes,Travel_Rarely,4,2,1,1,4,0,7,27,25,16,0,No
2405,54,Male,Married,Research & Development,Research Scientist,3,Life Sciences,3,7372,14,2,No,Travel_Rarely,29,3,3,3,3,4,8,22,5,38,0,No
2406,30,Male,Married,Research & Development,Manufacturing Director,4,Marketing,3,9132,23,2,No,Travel_Rarely,15,2,2,1,4,0,6,39,24,14,0,No
2407,57,Male,Divorced,Research & Development,Healthcare Representative,3,Technical Degree,1,9231,16,2,No,Travel_Rarely,1,3,1,3,4,0,3,21,18,36,0,No
2408,25,Female,Married,Research & Development,Laboratory Technician,2,Medical,4,14663,24,1,Yes,Travel_Rarely,22,2,2,2,3,5,8,23,17,9,1,Yes
2409,22,Female,Divorced,Research & Development,Laboratory Technician,4,Human Resources,3,18793,17,0,Yes,Travel_Frequently,29,2,3,1,3,4,3,25,3,6,0,No
2410,26,Male,Divorced,Research & Development,Laboratory Technician,2,Technical Degree,3,5080,11,1,No,Travel_Frequently,20,2,1,2,3,4,3,29,7,8,0,No
2411,18,Male,Married,Sales,Sales Representative,4,Life Sciences,4,9817,23,0,Yes,Travel_Rarely,1,2,2,1,3,5,8,32,31,0,0,No
2412,53,Male,Divorced,Sales,Manager,4,Medical,4,3795,14,1,No,Travel_Rarely,9,4,2,1,3,1,7,15,7,38,0,No
2413,52,Female,Divorced,Sales,Sales Representative,4,Life Sciences,1,1879,22,2,No,Travel_Rarely,12,3,1,2,3,1,3,21,18,37,0,No
2414,19,Male,Divorced,Sales,Manager,1,Medical,1,5205,17,0,No,Non-Travel,4,3,2,2,3,5,7,17,2,0,0,No
2415,57,Female,Married,Research & Development,Research Scientist,3,Life Sciences,1,12805,21,1,No,Travel_Rarely,28,4,2,2,3,0,7,6,1,38,0,No
2416,40,Male,Divorced,Human Resources,Human Resources,2,Life Sciences,3,3748,12,2,No,Travel_Rarely,22,2,3,1,3,2,6,25,1,21,0,No
2417,26,Male,Single,Sales,Sales Representative,2,Medical,1,1949,11,0,Yes,Non-Travel,13,2,3,2,4,1,9,7,3,9,1,Yes
2418,51,Male,Married,Sales,Sales Executive,4,Life Sciences,3,1349,11,0,No,Travel_Rarely,7,3,2,2,3,1,5,5,5,33,0,No
2419,31,Female,Single,Research & Development,Research Scientist,2,Medical,2,5142,20,2,No,Travel_Frequently,8,4,2,3,3,5,7,29,10,12,0,No
2420,21,Female,Single,Human Resources,Human Resources,2,Human Resources,4,18052,24,2,No,Travel_Frequently,28,2,1,3,3,5,6,38,15,2,0,No
2421,47,Male,Divorced,Sales,Sales Representative,2,Life Sciences,4,11234,24,1,Yes,Travel_Rarely,13,2,3,2,3,2,4,22,20,29,0,No
2422,48,Male,Married,Research & Development,Manufacturing Director,2,Technical Degree,2,10761,16,1,Yes,Travel_Rarely,11,2,1,2,3,2,3,31,18,28,0,No
2423,55,Male,Single,Sales,Manager,1,Medical,1,4466,22,2,Yes,Non-Travel,9,1,2,2,4,4,1,21,1,38,1,Yes
2424,28,Female,Married,Sales,Sales Representative,4,Life Sciences,3,10857,15,1,No,Travel_Rarely,25,4,1,2,3,5,7,8,8,11,1,Yes
2425,52,Female,Divorced,Human Resources,Manager,2,Technical Degree,3,10250,11,2,No,Travel_Frequently,24,2,2,3,4,1,8,30,30,35,0,No
2426,25,Male,Divorced,Human Resources,Human Resources,1,Life Sciences,3,1462,20,2,No,Travel_Rarely,16,1,3,1,3,3,3,6,0,6,0,No
2427,20,Male,Single,Sales,Manager,1,Life Sciences,4,10905,13,1,Yes,Travel_Rarely,10,4,3,2,3,3,3,8,8,0,0,No
2428,31,Female,Divorced,Human Resources,Manager,4,Life Sciences,1,11985,21,1,Yes,Non-Travel,11,2,2,2,3,0,4,12,0,14,0,No
2429,30,Female,Married,Research & Development,Laboratory Technician,3,Medical,3,16881,17,0,No,Travel_Rarely,12,3,3,3,3,1,1,2,2,12,0,No
2430,49,Male,Married,Research & Development,Healthcare Representative,3,Medical,3,1827,22,0,No,Travel_Rarely,28,1,2,2,4,3,6,34,29,32,1,Yes
2431,51,Female,Married,Research & Development,Manufacturing Director,3,Life Sciences,3,5877,19,1,Yes,Travel_Rarely,14,1,1,2,3,1,4,32,30,36,1,Yes
2432,36,Female,Divorced,Research & Development,Research Scientist,2,Life Sciences,2,17405,23,1,No,Non-Travel,19,2,2,3,3,5,5,20,18,15,0,No
2433,55,Male,Divorced,Research & Development,Research Scientist,4,Technical Degree,3,13180,19,1,Yes,Travel_Rarely,12,2,1,2,3,1,3,30,29,35,0,No
2434,33,Male,Single,Research & Development,Research Scientist,3,Technical Degree,2,1929,16,0,No,Non-Travel,18,1,2,2,3,3,7,33,28,12,0,No
2435,19,Male,Married,Sales,Manager,2,Medical,3,19811,13,1,No,Travel_Rarely,21,3,3,3,3,1,7,31,26,0,1,Yes
2436,57,Female,Married,Sales,Sales Representative,4,Life Sciences,3,10515,11,0,No,Travel_Rarely,17,3,2,1,3,2,4,34,0,41,0,No
2437,34,Female,Married,Sales,Sales Representative,2,Life Sciences,3,7484,13,0,Yes,Travel_Rarely,3,4,2,2,3,0,5,14,3,16,0,No
2438,51,Female,Married,Research & Development,Healthcare Representative,3,Technical Degree,2,3026,20,0,No,Travel_Rarely,1,2,2,2,3,4,2,31,27,35,0,No
2439,59,Male,Married,Sales,Sales Representative,3,Life Sciences,3,8966,12,0,Yes,Travel_Rarely,29,3,3,1,3,3,0,5,1,40,0,No
2440,33,Female,Married,Research & Development,Laboratory Technician,1,Life Sciences,1,17239,21,2,No,Non-Travel,19,4,2,3,3,5,8,20,7,14,0,No
2441,55,Male,Single,Human Resources,Human Resources,1,Medical,3,10429,15,1,No,Travel_Rarely,29,3,3,1,3,4,8,32,18,39,0,No
2442,19,Male,Married,Sales,Sales Executive,4,Marketing,2,5801,18,1,No,Travel_Frequently,4,2,2,2,4,0,2,31,22,0,0,No
2443,19,Female,Married,Research & Development,Research Scientist,2,Medical,2,14246,15,2,No,Travel_Rarely,23,4,1,1,3,2,3,18,5,2,0,No
2444,43,Female,Married,Research & Development,Research Scientist,2,Life Sciences,1,19827,11,1,No,Non-Travel,28,4,2,3,3,2,6,32,0,22,0,No
2445,30,Male,Divorced,Research & Development,Research Scientist,3,Marketing,4,17260,13,0,Yes,Travel_Rarely,16,4,1,2,4,2,1,27,7,12,0,No
2446,48,Female,Single,Sales,Sales Representative,3,Medical,1,11716,22,2,No,Travel_Rarely,12,3,3,3,3,2,2,30,0,31,0,No
2447,51,Male,Married,Research & Development,Laboratory Technician,4,Marketing,1,2447,15,0,No,Travel_Rarely,21,2,3,3,3,3,5,20,18,32,0,No
2448,56,Male,Married,Research & Development,Manufacturing Director,1,Life Sciences,2,4552,17,2,No,Travel_Rarely,21,4,2,1,3,3,7,33,20,39,0,No
2449,20,Male,Single,Human Resources,Human Resources,3,Technical Degree,3,12376,15,0,Yes,Travel_Frequently,13,1,3,1,3,1,0,14,7,4,1,Yes
2450,25,Female,Single,Research & Development,Laboratory Technician,2,Medical,3,19174,24,1,Yes,Travel_Rarely,17,2,2,3,3,5,3,13,8,9,1,Yes
2451,40,Male,Divorced,Research & Development,Laboratory Technician,3,Medical,4,16529,20,1,No,Non-Travel,8,1,3,3,3,1,0,18,14,25,0,No
2452,31,Male,Married,Research & Development,Laboratory Technician,1,Medical,4,7352,15,1,Yes,Travel_Rarely,13,1,1,2,3,5,1,14,6,16,1,Yes
2453,44,Male,Married,Research & Development,Research Scientist,2,Life Sciences,4,3272,17,2,No,Travel_Rarely,20,4,3,3,3,0,7,5,0,23,1,Yes
2454,46,Female,Married,Research & Development,Laboratory Technician,1,Life Sciences,4,11170,23,1,No,Travel_Rarely,26,4,1,3,3,1,5,8,2,27,1,Yes
2455,56,Male,Divorced,Sales,Sales Executive,4,Life Sciences,1,1220,18,2,No,Travel_Rarely,5,3,2,1,3,0,8,36,28,36,0,No
2456,56,Male,Married,Human Resources,Human Resources,4,Life Sciences,1,14818,24,0,No,Travel_Rarely,18,3,2,3,3,0,1,19,9,38,0,No
2457,18,Female,Divorced,Research & Development,Healthcare Representative,1,Medical,3,8036,18,1,No,Travel_Rarely,15,3,2,3,3,0,2,33,11,2,0,No
2458,34,Female,Single,Research & Development,Manufacturing Director,2,Marketing,1,1340,17,0,No,Travel_Rarely,12,2,1,1,3,2,8,37,32,16,1,Yes
2459,58,Male,Married,Sales,Manager,1,Life Sciences,3,9178,23,1,No,Travel_Rarely,29,3,2,2,3,4,8,25,23,39,0,No
2460,47,Male,Single,Research & Development,Research Scientist,3,Human Resources,3,10142,24,0,No,Non-Travel,17,1,2,1,3,4,5,17,6,27,0,No
2461,30,Female,Divorced,Research & Development,Research Scientist,3,Life Sciences,3,15600,13,2,No,Travel_Rarely,25,3,1,1,4,3,2,27,16,15,1,Yes
2462,38,Male,Married,Research & Development,Research Scientist,1,Life Sciences,3,17134,21,1,No,Non-Travel,15,4,3,3,4,0,4,8,5,22,0,No
2463,36,Female,Married,Sales,Sales Representative,3,Life Sciences,2,1736,12,2,No,Non-Travel,2,3,2,3,3,2,1,31,16,15,0,No
2464,36,Male,Single,Research & Development,Healthcare Representative,1,Medical,3,12063,11,2,No,Travel_Rarely,6,2,3,2,3,1,6,5,1,18,0,No
2465,42,Male,Married,Human Resources,Manager,3,Marketing,1,4252,16,0,No,Travel_Rarely,17,2,3,3,3,1,9,13,4,23,0,No
2466,39,Male,Single,Sales,Sales Representative,1,Human Resources,1,18041,23,1,No,Travel_Rarely,16,1,2,2,4,3,7,27,17,21,0,No
2467,48,Female,Married,Human Resources,Human Resources,3,Life Sciences,1,6104,19,2,Yes,Travel_Rarely,17,2,2,2,3,3,5,23,16,33,0,No
2468,34,Female,Divorced,Research & Development,Healthcare Representative,2,Life Sciences,1,14818,13,0,No,Non-Travel,25,3,1,2,3,0,7,12,5,19,0,No
2469,40,Female,Married,Research & Development,Healthcare Representative,2,Marketing,2,11938,15,0,No,Non-Travel,20,4,1,2,3,0,1,11,7,20,0,No
2470,49,Male,Single,Research & Development,Research Scientist,3,Marketing,4,15851,19,0,No,Non-Travel,9,2,2,3,3,1,2,18,12,28,0,No
